time_s,SG1_angle_deg,SG1_frequency_Hz,SG1_P_MW,SG1_Q_MVAr,SG1_I_pu,SG1_V_pu,IBR2_angle_deg,IBR2_frequency_Hz,IBR2_P_MW,IBR2_Q_MVAr,IBR2_I_pu,IBR2_V_pu,IBR3_angle_deg,IBR3_frequency_Hz,IBR3_P_MW,IBR3_Q_MVAr,IBR3_I_pu,IBR3_V_pu,IBR6_angle_deg,IBR6_frequency_Hz,IBR6_P_MW,IBR6_Q_MVAr,IBR6_I_pu,IBR6_V_pu,IBR8_angle_deg,IBR8_frequency_Hz,IBR8_P_MW,IBR8_Q_MVAr,IBR8_I_pu,IBR8_V_pu
0,10.0258822134749,60,201.708058052754,71.2480782529227,2.01812782542025,1.06,-3.78849156527524,60.0000000000008,40,0,0.396233169943135,1.00950659950404,-10.8350008215583,60,0,0,0,0.948186592811111,-12.6143600739899,60,0,0,0,0.99864592965849,-11.7171273661745,59.9999999999985,0,0,0,0.986912899856917
0.01,10.0258822134749,60,201.708058052754,71.2480782529227,2.01812782542025,1.06,-3.78849156527524,60.0000000000008,40,0,0.396233169943135,1.00950659950404,-10.8350008215583,60,0,0,0,0.948186592811111,-12.6143600739899,60,0,0,0,0.99864592965849,-11.7171273661745,59.9999999999985,0,0,0,0.986912899856917
0.02,10.0258822134749,60,201.708058052754,71.2480782529227,2.01812782542025,1.06,-3.78849156527524,60.0000000000008,40,0,0.396233169943135,1.00950659950404,-10.8350008215583,60,0,0,0,0.948186592811111,-12.6143600739899,60,0,0,0,0.99864592965849,-11.7171273661745,59.9999999999985,0,0,0,0.986912899856917
0.03,10.0258822134749,60,201.708058052754,71.2480782529227,2.01812782542025,1.06,-3.78849156527524,60.0000000000008,40,0,0.396233169943135,1.00950659950404,-10.8350008215583,60,0,0,0,0.948186592811111,-12.6143600739899,60,0,0,0,0.99864592965849,-11.7171273661745,59.9999999999985,0,0,0,0.986912899856917
0.04,10.0258822134749,60,201.708058052754,71.2480782529227,2.01812782542025,1.06,-3.78849156527524,60.0000000000008,40,0,0.396233169943135,1.00950659950404,-10.8350008215583,60,0,0,0,0.948186592811111,-12.6143600739899,60,0,0,0,0.99864592965849,-11.7171273661745,59.9999999999985,0,0,0,0.986912899856917
0.05,10.0258822134749,60,201.708058052754,71.2480782529227,2.01812782542025,1.06,-3.78849156527524,60.0000000000008,40,0,0.396233169943135,1.00950659950404,-10.8350008215583,60,0,0,0,0.948186592811111,-12.6143600739899,60,0,0,0,0.99864592965849,-11.7171273661745,59.9999999999985,0,0,0,0.986912899856917
0.06,10.0258822134749,60,201.708058052754,71.2480782529227,2.01812782542025,1.06,-3.78849156527524,60.0000000000008,40,0,0.396233169943135,1.00950659950404,-10.8350008215583,60,0,0,0,0.948186592811111,-12.6143600739899,60,0,0,0,0.99864592965849,-11.7171273661745,59.9999999999985,0,0,0,0.986912899856917
0.07,10.0258822134749,60,201.708058052754,71.2480782529227,2.01812782542025,1.06,-3.78849156527524,60.0000000000008,40,0,0.396233169943135,1.00950659950404,-10.8350008215583,60,0,0,0,0.948186592811111,-12.6143600739899,60,0,0,0,0.99864592965849,-11.7171273661745,59.9999999999985,0,0,0,0.986912899856917
0.08,10.0258822134749,60,201.708058052754,71.2480782529227,2.01812782542025,1.06,-3.78849156527524,60.0000000000008,40,0,0.396233169943135,1.00950659950404,-10.8350008215583,60,0,0,0,0.948186592811111,-12.6143600739899,60,0,0,0,0.99864592965849,-11.7171273661745,59.9999999999985,0,0,0,0.986912899856917
0.09,10.0258822134749,60,201.708058052754,71.2480782529227,2.01812782542025,1.06,-3.78849156527524,60.0000000000008,40,0,0.396233169943135,1.00950659950404,-10.8350008215583,60,0,0,0,0.948186592811111,-12.6143600739899,60,0,0,0,0.99864592965849,-11.7171273661745,59.9999999999985,0,0,0,0.986912899856917
0.1,10.0258822134749,60,201.708058052754,71.2480782529227,2.01812782542025,1.06,-3.78849156527524,60.0000000000008,40,0,0.396233169943135,1.00950659950404,-10.8350008215583,60,0,0,0,0.948186592811111,-12.6143600739899,60,0,0,0,0.99864592965849,-11.7171273661745,59.9999999999985,0,0,0,0.986912899856917
0.11,10.0258822134749,60,201.708058052754,71.2480782529227,2.01812782542025,1.06,-3.78849156527524,60.0000000000008,40,0,0.396233169943135,1.00950659950404,-10.8350008215583,60,0,0,0,0.948186592811111,-12.6143600739899,60,0,0,0,0.99864592965849,-11.7171273661745,59.9999999999985,0,0,0,0.986912899856917
0.12,10.0258822134749,60,201.708058052754,71.2480782529227,2.01812782542025,1.06,-3.78849156527524,60.0000000000008,40,0,0.396233169943135,1.00950659950404,-10.8350008215583,60,0,0,0,0.948186592811111,-12.6143600739899,60,0,0,0,0.99864592965849,-11.7171273661745,59.9999999999985,0,0,0,0.986912899856917
0.13,10.0258822134749,60,201.708058052754,71.2480782529227,2.01812782542025,1.06,-3.78849156527524,60.0000000000008,40,0,0.396233169943135,1.00950659950404,-10.8350008215583,60,0,0,0,0.948186592811111,-12.6143600739899,60,0,0,0,0.99864592965849,-11.7171273661745,59.9999999999985,0,0,0,0.986912899856917
0.14,10.0258822134749,60,201.708058052754,71.2480782529227,2.01812782542025,1.06,-3.78849156527524,60.0000000000008,40,0,0.396233169943135,1.00950659950404,-10.8350008215583,60,0,0,0,0.948186592811111,-12.6143600739899,60,0,0,0,0.99864592965849,-11.7171273661745,59.9999999999985,0,0,0,0.986912899856917
0.15,10.0258822134749,60,201.708058052754,71.2480782529227,2.01812782542025,1.06,-3.78849156527524,60.0000000000008,40,0,0.396233169943135,1.00950659950404,-10.8350008215583,60,0,0,0,0.948186592811111,-12.6143600739899,60,0,0,0,0.99864592965849,-11.7171273661745,59.9999999999985,0,0,0,0.986912899856917
0.16,10.0258822134749,60,201.708058052754,71.2480782529227,2.01812782542025,1.06,-3.78849156527524,60.0000000000008,40,0,0.396233169943135,1.00950659950404,-10.8350008215583,60,0,0,0,0.948186592811111,-12.6143600739899,60,0,0,0,0.99864592965849,-11.7171273661745,59.9999999999985,0,0,0,0.986912899856917
0.17,10.0258822134749,60,201.708058052754,71.2480782529227,2.01812782542025,1.06,-3.78849156527524,60.0000000000008,40,0,0.396233169943135,1.00950659950404,-10.8350008215583,60,0,0,0,0.948186592811111,-12.6143600739899,60,0,0,0,0.99864592965849,-11.7171273661745,59.9999999999985,0,0,0,0.986912899856917
0.18,10.0258822134749,60,201.708058052754,71.2480782529227,2.01812782542025,1.06,-3.78849156527524,60.0000000000008,40,0,0.396233169943135,1.00950659950404,-10.8350008215583,60,0,0,0,0.948186592811111,-12.6143600739899,60,0,0,0,0.99864592965849,-11.7171273661745,59.9999999999985,0,0,0,0.986912899856917
0.19,10.0258822134749,60,201.708058052754,71.2480782529227,2.01812782542025,1.06,-3.78849156527524,60.0000000000008,40,0,0.396233169943135,1.00950659950404,-10.8350008215583,60,0,0,0,0.948186592811111,-12.6143600739899,60,0,0,0,0.99864592965849,-11.7171273661745,59.9999999999985,0,0,0,0.986912899856917
0.2,10.0258822134749,60,201.708058052754,71.2480782529227,2.01812782542025,1.06,-3.78849156527524,60.0000000000008,40,0,0.396233169943135,1.00950659950404,-10.8350008215583,60,0,0,0,0.948186592811111,-12.6143600739899,60,0,0,0,0.99864592965849,-11.7171273661745,59.9999999999985,0,0,0,0.986912899856917
0.21,10.0258822134749,60,201.708058052754,71.2480782529227,2.01812782542025,1.06,-3.78849156527524,60.0000000000008,40,0,0.396233169943135,1.00950659950404,-10.8350008215583,60,0,0,0,0.948186592811111,-12.6143600739899,60,0,0,0,0.99864592965849,-11.7171273661745,59.9999999999985,0,0,0,0.986912899856917
0.22,10.0258822134749,60,201.708058052754,71.2480782529227,2.01812782542025,1.06,-3.78849156527524,60.0000000000008,40,0,0.396233169943135,1.00950659950404,-10.8350008215583,60,0,0,0,0.948186592811111,-12.6143600739899,60,0,0,0,0.99864592965849,-11.7171273661745,59.9999999999985,0,0,0,0.986912899856917
0.23,10.0258822134749,60,201.708058052754,71.2480782529227,2.01812782542025,1.06,-3.78849156527524,60.0000000000008,40,0,0.396233169943135,1.00950659950404,-10.8350008215583,60,0,0,0,0.948186592811111,-12.6143600739899,60,0,0,0,0.99864592965849,-11.7171273661745,59.9999999999985,0,0,0,0.986912899856917
0.24,10.0258822134749,60,201.708058052754,71.2480782529227,2.01812782542025,1.06,-3.78849156527524,60.0000000000008,40,0,0.396233169943135,1.00950659950404,-10.8350008215583,60,0,0,0,0.948186592811111,-12.6143600739899,60,0,0,0,0.99864592965849,-11.7171273661745,59.9999999999985,0,0,0,0.986912899856917
0.25,10.0258822134749,60,201.708058052754,71.2480782529227,2.01812782542025,1.06,-3.78849156527524,60.0000000000008,40,0,0.396233169943135,1.00950659950404,-10.8350008215583,60,0,0,0,0.948186592811111,-12.6143600739899,60,0,0,0,0.99864592965849,-11.7171273661745,59.9999999999985,0,0,0,0.986912899856917
0.26,10.0258822134749,60,201.708058052754,71.2480782529227,2.01812782542025,1.06,-3.78849156527524,60.0000000000008,40,0,0.396233169943135,1.00950659950404,-10.8350008215583,60,0,0,0,0.948186592811111,-12.6143600739899,60,0,0,0,0.99864592965849,-11.7171273661745,59.9999999999985,0,0,0,0.986912899856917
0.27,10.0258822134749,60,201.708058052754,71.2480782529227,2.01812782542025,1.06,-3.78849156527524,60.0000000000008,40,0,0.396233169943135,1.00950659950404,-10.8350008215583,60,0,0,0,0.948186592811111,-12.6143600739899,60,0,0,0,0.99864592965849,-11.7171273661745,59.9999999999985,0,0,0,0.986912899856917
0.28,10.0258822134749,60,201.708058052754,71.2480782529227,2.01812782542025,1.06,-3.78849156527524,60.0000000000008,40,0,0.396233169943135,1.00950659950404,-10.8350008215583,60,0,0,0,0.948186592811111,-12.6143600739899,60,0,0,0,0.99864592965849,-11.7171273661745,59.9999999999985,0,0,0,0.986912899856917
0.29,10.0258822134749,60,201.708058052754,71.2480782529227,2.01812782542025,1.06,-3.78849156527524,60.0000000000008,40,0,0.396233169943135,1.00950659950404,-10.8350008215583,60,0,0,0,0.948186592811111,-12.6143600739899,60,0,0,0,0.99864592965849,-11.7171273661745,59.9999999999985,0,0,0,0.986912899856917
0.3,10.0258822134749,60,201.708058052754,71.2480782529227,2.01812782542025,1.06,-3.78849156527524,60.0000000000008,40,0,0.396233169943135,1.00950659950404,-10.8350008215583,60,0,0,0,0.948186592811111,-12.6143600739899,60,0,0,0,0.99864592965849,-11.7171273661745,59.9999999999985,0,0,0,0.986912899856917
0.31,10.0258822134749,60,201.708058052754,71.2480782529227,2.01812782542025,1.06,-3.78849156527524,60.0000000000008,40,0,0.396233169943135,1.00950659950404,-10.8350008215583,60,0,0,0,0.948186592811111,-12.6143600739899,60,0,0,0,0.99864592965849,-11.7171273661745,59.9999999999985,0,0,0,0.986912899856917
0.32,10.0258822134749,60,201.708058052754,71.2480782529227,2.01812782542025,1.06,-3.78849156527524,60.0000000000008,40,0,0.396233169943135,1.00950659950404,-10.8350008215583,60,0,0,0,0.948186592811111,-12.6143600739899,60,0,0,0,0.99864592965849,-11.7171273661745,59.9999999999985,0,0,0,0.986912899856917
0.33,10.0258822134749,60,201.708058052754,71.2480782529227,2.01812782542025,1.06,-3.78849156527524,60.0000000000008,40,0,0.396233169943135,1.00950659950404,-10.8350008215583,60,0,0,0,0.948186592811111,-12.6143600739899,60,0,0,0,0.99864592965849,-11.7171273661745,59.9999999999985,0,0,0,0.986912899856917
0.34,10.0258822134749,60,201.708058052754,71.2480782529227,2.01812782542025,1.06,-3.78849156527524,60.0000000000008,40,0,0.396233169943135,1.00950659950404,-10.8350008215583,60,0,0,0,0.948186592811111,-12.6143600739899,60,0,0,0,0.99864592965849,-11.7171273661745,59.9999999999985,0,0,0,0.986912899856917
0.35,10.0258822134749,60,201.708058052754,71.2480782529227,2.01812782542025,1.06,-3.78849156527524,60.0000000000008,40,0,0.396233169943135,1.00950659950404,-10.8350008215583,60,0,0,0,0.948186592811111,-12.6143600739899,60,0,0,0,0.99864592965849,-11.7171273661745,59.9999999999985,0,0,0,0.986912899856917
0.36,10.0258822134749,60,201.708058052754,71.2480782529227,2.01812782542025,1.06,-3.78849156527524,60.0000000000008,40,0,0.396233169943135,1.00950659950404,-10.8350008215583,60,0,0,0,0.948186592811111,-12.6143600739899,60,0,0,0,0.99864592965849,-11.7171273661745,59.9999999999985,0,0,0,0.986912899856917
0.37,10.0258822134749,60,201.708058052754,71.2480782529227,2.01812782542025,1.06,-3.78849156527524,60.0000000000008,40,0,0.396233169943135,1.00950659950404,-10.8350008215583,60,0,0,0,0.948186592811111,-12.6143600739899,60,0,0,0,0.99864592965849,-11.7171273661745,59.9999999999985,0,0,0,0.986912899856917
0.38,10.0258822134749,60,201.708058052754,71.2480782529227,2.01812782542025,1.06,-3.78849156527524,60.0000000000008,40,0,0.396233169943135,1.00950659950404,-10.8350008215583,60,0,0,0,0.948186592811111,-12.6143600739899,60,0,0,0,0.99864592965849,-11.7171273661745,59.9999999999985,0,0,0,0.986912899856917
0.39,10.0258822134749,60,201.708058052754,71.2480782529227,2.01812782542025,1.06,-3.78849156527524,60.0000000000008,40,0,0.396233169943135,1.00950659950404,-10.8350008215583,60,0,0,0,0.948186592811111,-12.6143600739899,60,0,0,0,0.99864592965849,-11.7171273661745,59.9999999999985,0,0,0,0.986912899856917
0.4,10.0258822134749,60,201.708058052754,71.2480782529227,2.01812782542025,1.06,-3.78849156527524,60.0000000000008,40,0,0.396233169943135,1.00950659950404,-10.8350008215583,60,0,0,0,0.948186592811111,-12.6143600739899,60,0,0,0,0.99864592965849,-11.7171273661745,59.9999999999985,0,0,0,0.986912899856917
0.41,10.0258822134749,60,201.708058052754,71.2480782529227,2.01812782542025,1.06,-3.78849156527524,60.0000000000008,40,0,0.396233169943135,1.00950659950404,-10.8350008215583,60,0,0,0,0.948186592811111,-12.6143600739899,60,0,0,0,0.99864592965849,-11.7171273661745,59.9999999999985,0,0,0,0.986912899856917
0.42,10.0258822134749,60,201.708058052754,71.2480782529227,2.01812782542025,1.06,-3.78849156527524,60.0000000000008,40,0,0.396233169943135,1.00950659950404,-10.8350008215583,60,0,0,0,0.948186592811111,-12.6143600739899,60,0,0,0,0.99864592965849,-11.7171273661745,59.9999999999985,0,0,0,0.986912899856917
0.43,10.0258822134749,60,201.708058052754,71.2480782529227,2.01812782542025,1.06,-3.78849156527524,60.0000000000008,40,0,0.396233169943135,1.00950659950404,-10.8350008215583,60,0,0,0,0.948186592811111,-12.6143600739899,60,0,0,0,0.99864592965849,-11.7171273661745,59.9999999999985,0,0,0,0.986912899856917
0.44,10.0258822134749,60,201.708058052754,71.2480782529227,2.01812782542025,1.06,-3.78849156527524,60.0000000000008,40,0,0.396233169943135,1.00950659950404,-10.8350008215583,60,0,0,0,0.948186592811111,-12.6143600739899,60,0,0,0,0.99864592965849,-11.7171273661745,59.9999999999985,0,0,0,0.986912899856917
0.45,10.0258822134749,60,201.708058052754,71.2480782529227,2.01812782542025,1.06,-3.78849156527524,60.0000000000008,40,0,0.396233169943135,1.00950659950404,-10.8350008215583,60,0,0,0,0.948186592811111,-12.6143600739899,60,0,0,0,0.99864592965849,-11.7171273661745,59.9999999999985,0,0,0,0.986912899856917
0.46,10.0258822134749,60,201.708058052754,71.2480782529227,2.01812782542025,1.06,-3.78849156527524,60.0000000000008,40,0,0.396233169943135,1.00950659950404,-10.8350008215583,60,0,0,0,0.948186592811111,-12.6143600739899,60,0,0,0,0.99864592965849,-11.7171273661745,59.9999999999985,0,0,0,0.986912899856917
0.47,10.0258822134749,60,201.708058052754,71.2480782529227,2.01812782542025,1.06,-3.78849156527524,60.0000000000008,40,0,0.396233169943135,1.00950659950404,-10.8350008215583,60,0,0,0,0.948186592811111,-12.6143600739899,60,0,0,0,0.99864592965849,-11.7171273661745,59.9999999999985,0,0,0,0.986912899856917
0.48,10.0258822134749,60,201.708058052754,71.2480782529227,2.01812782542025,1.06,-3.78849156527524,60.0000000000008,40,0,0.396233169943135,1.00950659950404,-10.8350008215583,60,0,0,0,0.948186592811111,-12.6143600739899,60,0,0,0,0.99864592965849,-11.7171273661745,59.9999999999985,0,0,0,0.986912899856917
0.49,10.0258822134749,60,201.708058052754,71.2480782529227,2.01812782542025,1.06,-3.78849156527524,60.0000000000008,40,0,0.396233169943135,1.00950659950404,-10.8350008215583,60,0,0,0,0.948186592811111,-12.6143600739899,60,0,0,0,0.99864592965849,-11.7171273661745,59.9999999999985,0,0,0,0.986912899856917
0.5,10.0258822134749,60,201.708058052754,71.2480782529227,2.01812782542025,1.06,-3.78849156527524,60.0000000000008,40,0,0.396233169943135,1.00950659950404,-10.8350008215583,60,0,0,0,0.948186592811111,-12.6143600739899,60,0,0,0,0.99864592965849,-11.7171273661745,59.9999999999985,0,0,0,0.986912899856917
0.51,10.0258822134749,60,201.708058052754,71.2480782529227,2.01812782542025,1.06,-3.78849156527524,60.0000000000008,40,0,0.396233169943135,1.00950659950404,-10.8350008215583,60,0,0,0,0.948186592811111,-12.6143600739899,60,0,0,0,0.99864592965849,-11.7171273661745,59.9999999999985,0,0,0,0.986912899856917
0.52,10.0258822134749,60,201.708058052754,71.2480782529227,2.01812782542025,1.06,-3.78849156527524,60.0000000000008,40,0,0.396233169943135,1.00950659950404,-10.8350008215583,60,0,0,0,0.948186592811111,-12.6143600739899,60,0,0,0,0.99864592965849,-11.7171273661745,59.9999999999985,0,0,0,0.986912899856917
0.53,10.0258822134749,60,201.708058052754,71.2480782529227,2.01812782542025,1.06,-3.78849156527524,60.0000000000008,40,0,0.396233169943135,1.00950659950404,-10.8350008215583,60,0,0,0,0.948186592811111,-12.6143600739899,60,0,0,0,0.99864592965849,-11.7171273661745,59.9999999999985,0,0,0,0.986912899856917
0.54,10.0258822134749,60,201.708058052754,71.2480782529227,2.01812782542025,1.06,-3.78849156527524,60.0000000000008,40,0,0.396233169943135,1.00950659950404,-10.8350008215583,60,0,0,0,0.948186592811111,-12.6143600739899,60,0,0,0,0.99864592965849,-11.7171273661745,59.9999999999985,0,0,0,0.986912899856917
0.55,10.0258822134749,60,201.708058052754,71.2480782529227,2.01812782542025,1.06,-3.78849156527524,60.0000000000008,40,0,0.396233169943135,1.00950659950404,-10.8350008215583,60,0,0,0,0.948186592811111,-12.6143600739899,60,0,0,0,0.99864592965849,-11.7171273661745,59.9999999999985,0,0,0,0.986912899856917
0.56,10.0258822134749,60,201.708058052754,71.2480782529227,2.01812782542025,1.06,-3.78849156527524,60.0000000000008,40,0,0.396233169943135,1.00950659950404,-10.8350008215583,60,0,0,0,0.948186592811111,-12.6143600739899,60,0,0,0,0.99864592965849,-11.7171273661745,59.9999999999985,0,0,0,0.986912899856917
0.57,10.0258822134749,60,201.708058052754,71.2480782529227,2.01812782542025,1.06,-3.78849156527524,60.0000000000008,40,0,0.396233169943135,1.00950659950404,-10.8350008215583,60,0,0,0,0.948186592811111,-12.6143600739899,60,0,0,0,0.99864592965849,-11.7171273661745,59.9999999999985,0,0,0,0.986912899856917
0.58,10.0258822134749,60,201.708058052754,71.2480782529227,2.01812782542025,1.06,-3.78849156527524,60.0000000000008,40,0,0.396233169943135,1.00950659950404,-10.8350008215583,60,0,0,0,0.948186592811111,-12.6143600739899,60,0,0,0,0.99864592965849,-11.7171273661745,59.9999999999985,0,0,0,0.986912899856917
0.59,10.0258822134749,60,201.708058052754,71.2480782529227,2.01812782542025,1.06,-3.78849156527524,60.0000000000008,40,0,0.396233169943135,1.00950659950404,-10.8350008215583,60,0,0,0,0.948186592811111,-12.6143600739899,60,0,0,0,0.99864592965849,-11.7171273661745,59.9999999999985,0,0,0,0.986912899856917
0.6,10.0258822134749,60,201.708058052754,71.2480782529227,2.01812782542025,1.06,-3.78849156527524,60.0000000000008,40,0,0.396233169943135,1.00950659950404,-10.8350008215583,60,0,0,0,0.948186592811111,-12.6143600739899,60,0,0,0,0.99864592965849,-11.7171273661745,59.9999999999985,0,0,0,0.986912899856917
0.61,10.0258822134749,60,201.708058052754,71.2480782529227,2.01812782542025,1.06,-3.78849156527524,60.0000000000008,40,0,0.396233169943135,1.00950659950404,-10.8350008215583,60,0,0,0,0.948186592811111,-12.6143600739899,60,0,0,0,0.99864592965849,-11.7171273661745,59.9999999999985,0,0,0,0.986912899856917
0.62,10.0258822134749,60,201.708058052754,71.2480782529227,2.01812782542025,1.06,-3.78849156527524,60.0000000000008,40,0,0.396233169943135,1.00950659950404,-10.8350008215583,60,0,0,0,0.948186592811111,-12.6143600739899,60,0,0,0,0.99864592965849,-11.7171273661745,59.9999999999985,0,0,0,0.986912899856917
0.63,10.0258822134749,60,201.708058052754,71.2480782529227,2.01812782542025,1.06,-3.78849156527524,60.0000000000008,40,0,0.396233169943135,1.00950659950404,-10.8350008215583,60,0,0,0,0.948186592811111,-12.6143600739899,60,0,0,0,0.99864592965849,-11.7171273661745,59.9999999999985,0,0,0,0.986912899856917
0.64,10.0258822134749,60,201.708058052754,71.2480782529227,2.01812782542025,1.06,-3.78849156527524,60.0000000000008,40,0,0.396233169943135,1.00950659950404,-10.8350008215583,60,0,0,0,0.948186592811111,-12.6143600739899,60,0,0,0,0.99864592965849,-11.7171273661745,59.9999999999985,0,0,0,0.986912899856917
0.65,10.0258822134749,60,201.708058052754,71.2480782529227,2.01812782542025,1.06,-3.78849156527524,60.0000000000008,40,0,0.396233169943135,1.00950659950404,-10.8350008215583,60,0,0,0,0.948186592811111,-12.6143600739899,60,0,0,0,0.99864592965849,-11.7171273661745,59.9999999999985,0,0,0,0.986912899856917
0.66,10.0258822134749,60,201.708058052754,71.2480782529227,2.01812782542025,1.06,-3.78849156527524,60.0000000000008,40,0,0.396233169943135,1.00950659950404,-10.8350008215583,60,0,0,0,0.948186592811111,-12.6143600739899,60,0,0,0,0.99864592965849,-11.7171273661745,59.9999999999985,0,0,0,0.986912899856917
0.67,10.0258822134749,60,201.708058052754,71.2480782529227,2.01812782542025,1.06,-3.78849156527524,60.0000000000008,40,0,0.396233169943135,1.00950659950404,-10.8350008215583,60,0,0,0,0.948186592811111,-12.6143600739899,60,0,0,0,0.99864592965849,-11.7171273661745,59.9999999999985,0,0,0,0.986912899856917
0.68,10.0258822134749,60,201.708058052754,71.2480782529227,2.01812782542025,1.06,-3.78849156527524,60.0000000000008,40,0,0.396233169943135,1.00950659950404,-10.8350008215583,60,0,0,0,0.948186592811111,-12.6143600739899,60,0,0,0,0.99864592965849,-11.7171273661745,59.9999999999985,0,0,0,0.986912899856917
0.69,10.0258822134749,60,201.708058052754,71.2480782529227,2.01812782542025,1.06,-3.78849156527524,60.0000000000008,40,0,0.396233169943135,1.00950659950404,-10.8350008215583,60,0,0,0,0.948186592811111,-12.6143600739899,60,0,0,0,0.99864592965849,-11.7171273661745,59.9999999999985,0,0,0,0.986912899856917
0.7,10.0258822134749,60,201.708058052754,71.2480782529227,2.01812782542025,1.06,-3.78849156527524,60.0000000000008,40,0,0.396233169943135,1.00950659950404,-10.8350008215583,60,0,0,0,0.948186592811111,-12.6143600739899,60,0,0,0,0.99864592965849,-11.7171273661745,59.9999999999985,0,0,0,0.986912899856917
0.71,10.0258822134749,60,201.708058052754,71.2480782529227,2.01812782542025,1.06,-3.78849156527524,60.0000000000008,40,0,0.396233169943135,1.00950659950404,-10.8350008215583,60,0,0,0,0.948186592811111,-12.6143600739899,60,0,0,0,0.99864592965849,-11.7171273661745,59.9999999999985,0,0,0,0.986912899856917
0.72,10.0258822134749,60,201.708058052754,71.2480782529227,2.01812782542025,1.06,-3.78849156527524,60.0000000000008,40,0,0.396233169943135,1.00950659950404,-10.8350008215583,60,0,0,0,0.948186592811111,-12.6143600739899,60,0,0,0,0.99864592965849,-11.7171273661745,59.9999999999985,0,0,0,0.986912899856917
0.73,10.0258822134749,60,201.708058052754,71.2480782529227,2.01812782542025,1.06,-3.78849156527524,60.0000000000008,40,0,0.396233169943135,1.00950659950404,-10.8350008215583,60,0,0,0,0.948186592811111,-12.6143600739899,60,0,0,0,0.99864592965849,-11.7171273661745,59.9999999999985,0,0,0,0.986912899856917
0.74,10.0258822134749,60,201.708058052754,71.2480782529227,2.01812782542025,1.06,-3.78849156527524,60.0000000000008,40,0,0.396233169943135,1.00950659950404,-10.8350008215583,60,0,0,0,0.948186592811111,-12.6143600739899,60,0,0,0,0.99864592965849,-11.7171273661745,59.9999999999985,0,0,0,0.986912899856917
0.75,10.0258822134749,60,201.708058052754,71.2480782529227,2.01812782542025,1.06,-3.78849156527524,60.0000000000008,40,0,0.396233169943135,1.00950659950404,-10.8350008215583,60,0,0,0,0.948186592811111,-12.6143600739899,60,0,0,0,0.99864592965849,-11.7171273661745,59.9999999999985,0,0,0,0.986912899856917
0.76,10.0258822134749,60,201.708058052754,71.2480782529227,2.01812782542025,1.06,-3.78849156527524,60.0000000000008,40,0,0.396233169943135,1.00950659950404,-10.8350008215583,60,0,0,0,0.948186592811111,-12.6143600739899,60,0,0,0,0.99864592965849,-11.7171273661745,59.9999999999985,0,0,0,0.986912899856917
0.77,10.0258822134749,60,201.708058052754,71.2480782529227,2.01812782542025,1.06,-3.78849156527524,60.0000000000008,40,0,0.396233169943135,1.00950659950404,-10.8350008215583,60,0,0,0,0.948186592811111,-12.6143600739899,60,0,0,0,0.99864592965849,-11.7171273661745,59.9999999999985,0,0,0,0.986912899856917
0.78,10.0258822134749,60,201.708058052754,71.2480782529227,2.01812782542025,1.06,-3.78849156527524,60.0000000000008,40,0,0.396233169943135,1.00950659950404,-10.8350008215583,60,0,0,0,0.948186592811111,-12.6143600739899,60,0,0,0,0.99864592965849,-11.7171273661745,59.9999999999985,0,0,0,0.986912899856917
0.79,10.0258822134749,60,201.708058052754,71.2480782529227,2.01812782542025,1.06,-3.78849156527524,60.0000000000008,40,0,0.396233169943135,1.00950659950404,-10.8350008215583,60,0,0,0,0.948186592811111,-12.6143600739899,60,0,0,0,0.99864592965849,-11.7171273661745,59.9999999999985,0,0,0,0.986912899856917
0.8,10.0258822134749,60,201.708058052754,71.2480782529227,2.01812782542025,1.06,-3.78849156527524,60.0000000000008,40,0,0.396233169943135,1.00950659950404,-10.8350008215583,60,0,0,0,0.948186592811111,-12.6143600739899,60,0,0,0,0.99864592965849,-11.7171273661745,59.9999999999985,0,0,0,0.986912899856917
0.81,10.0258822134749,60,201.708058052754,71.2480782529227,2.01812782542025,1.06,-3.78849156527524,60.0000000000008,40,0,0.396233169943135,1.00950659950404,-10.8350008215583,60,0,0,0,0.948186592811111,-12.6143600739899,60,0,0,0,0.99864592965849,-11.7171273661745,59.9999999999985,0,0,0,0.986912899856917
0.82,10.0258822134749,60,201.708058052754,71.2480782529227,2.01812782542025,1.06,-3.78849156527524,60.0000000000008,40,0,0.396233169943135,1.00950659950404,-10.8350008215583,60,0,0,0,0.948186592811111,-12.6143600739899,60,0,0,0,0.99864592965849,-11.7171273661745,59.9999999999985,0,0,0,0.986912899856917
0.83,10.0258822134749,60,201.708058052754,71.2480782529227,2.01812782542025,1.06,-3.78849156527524,60.0000000000008,40,0,0.396233169943135,1.00950659950404,-10.8350008215583,60,0,0,0,0.948186592811111,-12.6143600739899,60,0,0,0,0.99864592965849,-11.7171273661745,59.9999999999985,0,0,0,0.986912899856917
0.84,10.0258822134749,60,201.708058052754,71.2480782529227,2.01812782542025,1.06,-3.78849156527524,60.0000000000008,40,0,0.396233169943135,1.00950659950404,-10.8350008215583,60,0,0,0,0.948186592811111,-12.6143600739899,60,0,0,0,0.99864592965849,-11.7171273661745,59.9999999999985,0,0,0,0.986912899856917
0.85,10.0258822134749,60,201.708058052754,71.2480782529227,2.01812782542025,1.06,-3.78849156527524,60.0000000000008,40,0,0.396233169943135,1.00950659950404,-10.8350008215583,60,0,0,0,0.948186592811111,-12.6143600739899,60,0,0,0,0.99864592965849,-11.7171273661745,59.9999999999985,0,0,0,0.986912899856917
0.86,10.0258822134749,60,201.708058052754,71.2480782529227,2.01812782542025,1.06,-3.78849156527524,60.0000000000008,40,0,0.396233169943135,1.00950659950404,-10.8350008215583,60,0,0,0,0.948186592811111,-12.6143600739899,60,0,0,0,0.99864592965849,-11.7171273661745,59.9999999999985,0,0,0,0.986912899856917
0.87,10.0258822134749,60,201.708058052754,71.2480782529227,2.01812782542025,1.06,-3.78849156527524,60.0000000000008,40,0,0.396233169943135,1.00950659950404,-10.8350008215583,60,0,0,0,0.948186592811111,-12.6143600739899,60,0,0,0,0.99864592965849,-11.7171273661745,59.9999999999985,0,0,0,0.986912899856917
0.88,10.0258822134749,60,201.708058052754,71.2480782529227,2.01812782542025,1.06,-3.78849156527524,60.0000000000008,40,0,0.396233169943135,1.00950659950404,-10.8350008215583,60,0,0,0,0.948186592811111,-12.6143600739899,60,0,0,0,0.99864592965849,-11.7171273661745,59.9999999999985,0,0,0,0.986912899856917
0.89,10.0258822134749,60,201.708058052754,71.2480782529227,2.01812782542025,1.06,-3.78849156527524,60.0000000000008,40,0,0.396233169943135,1.00950659950404,-10.8350008215583,60,0,0,0,0.948186592811111,-12.6143600739899,60,0,0,0,0.99864592965849,-11.7171273661745,59.9999999999985,0,0,0,0.986912899856917
0.9,10.0258822134749,60,201.708058052754,71.2480782529227,2.01812782542025,1.06,-3.78849156527524,60.0000000000008,40,0,0.396233169943135,1.00950659950404,-10.8350008215583,60,0,0,0,0.948186592811111,-12.6143600739899,60,0,0,0,0.99864592965849,-11.7171273661745,59.9999999999985,0,0,0,0.986912899856917
0.91,10.0258822134749,60,201.708058052754,71.2480782529227,2.01812782542025,1.06,-3.78849156527524,60.0000000000008,40,0,0.396233169943135,1.00950659950404,-10.8350008215583,60,0,0,0,0.948186592811111,-12.6143600739899,60,0,0,0,0.99864592965849,-11.7171273661745,59.9999999999985,0,0,0,0.986912899856917
0.92,10.0258822134749,60,201.708058052754,71.2480782529227,2.01812782542025,1.06,-3.78849156527524,60.0000000000008,40,0,0.396233169943135,1.00950659950404,-10.8350008215583,60,0,0,0,0.948186592811111,-12.6143600739899,60,0,0,0,0.99864592965849,-11.7171273661745,59.9999999999985,0,0,0,0.986912899856917
0.93,10.0258822134749,60,201.708058052754,71.2480782529227,2.01812782542025,1.06,-3.78849156527524,60.0000000000008,40,0,0.396233169943135,1.00950659950404,-10.8350008215583,60,0,0,0,0.948186592811111,-12.6143600739899,60,0,0,0,0.99864592965849,-11.7171273661745,59.9999999999985,0,0,0,0.986912899856917
0.94,10.0258822134749,60,201.708058052754,71.2480782529227,2.01812782542025,1.06,-3.78849156527524,60.0000000000008,40,0,0.396233169943135,1.00950659950404,-10.8350008215583,60,0,0,0,0.948186592811111,-12.6143600739899,60,0,0,0,0.99864592965849,-11.7171273661745,59.9999999999985,0,0,0,0.986912899856917
0.95,10.0258822134749,60,201.708058052754,71.2480782529227,2.01812782542025,1.06,-3.78849156527524,60.0000000000008,40,0,0.396233169943135,1.00950659950404,-10.8350008215583,60,0,0,0,0.948186592811111,-12.6143600739899,60,0,0,0,0.99864592965849,-11.7171273661745,59.9999999999985,0,0,0,0.986912899856917
0.96,10.0258822134749,60,201.708058052754,71.2480782529227,2.01812782542025,1.06,-3.78849156527524,60.0000000000008,40,0,0.396233169943135,1.00950659950404,-10.8350008215583,60,0,0,0,0.948186592811111,-12.6143600739899,60,0,0,0,0.99864592965849,-11.7171273661745,59.9999999999985,0,0,0,0.986912899856917
0.97,10.0258822134749,60,201.708058052754,71.2480782529227,2.01812782542025,1.06,-3.78849156527524,60.0000000000008,40,0,0.396233169943135,1.00950659950404,-10.8350008215583,60,0,0,0,0.948186592811111,-12.6143600739899,60,0,0,0,0.99864592965849,-11.7171273661745,59.9999999999985,0,0,0,0.986912899856917
0.98,10.0258822134749,60,201.708058052754,71.2480782529227,2.01812782542025,1.06,-3.78849156527524,60.0000000000008,40,0,0.396233169943135,1.00950659950404,-10.8350008215583,60,0,0,0,0.948186592811111,-12.6143600739899,60,0,0,0,0.99864592965849,-11.7171273661745,59.9999999999985,0,0,0,0.986912899856917
0.99,10.0258822134749,60,201.708058052754,71.2480782529227,2.01812782542025,1.06,-3.78849156527524,60.0000000000008,40,0,0.396233169943135,1.00950659950404,-10.8350008215583,60,0,0,0,0.948186592811111,-12.6143600739899,60,0,0,0,0.99864592965849,-11.7171273661745,59.9999999999985,0,0,0,0.986912899856917
1,10.0258822134749,60,201.708058052754,71.2480782529227,2.01812782542025,1.06,-3.78849156527524,60.0000000000008,40,0,0.396233169943135,1.00950659950404,-10.8350008215583,60,0,0,0,0.948186592811111,-12.6143600739899,60,0,0,0,0.99864592965849,-11.7171273661745,59.9999999999985,0,0,0,0.986912899856917
1.01,10.0258822134749,60,201.708058052754,71.2480782529227,2.01812782542025,1.06,-3.78849156527524,60.0000000000008,40,0,0.396233169943135,1.00950659950404,-10.8350008215583,60,0,0,0,0.948186592811111,-12.6143600739899,60,0,0,0,0.99864592965849,-11.7171273661745,59.9999999999985,0,0,0,0.986912899856917
1.02,10.0258822134749,60,201.708058052754,71.2480782529227,2.01812782542025,1.06,-3.78849156527524,60.0000000000008,40,0,0.396233169943135,1.00950659950404,-10.8350008215583,60,0,0,0,0.948186592811111,-12.6143600739899,60,0,0,0,0.99864592965849,-11.7171273661745,59.9999999999985,0,0,0,0.986912899856917
1.03,10.0258822134749,60,201.708058052754,71.2480782529227,2.01812782542025,1.06,-3.78849156527524,60.0000000000008,40,0,0.396233169943135,1.00950659950404,-10.8350008215583,60,0,0,0,0.948186592811111,-12.6143600739899,60,0,0,0,0.99864592965849,-11.7171273661745,59.9999999999985,0,0,0,0.986912899856917
1.04,10.0258822134749,60,201.708058052754,71.2480782529227,2.01812782542025,1.06,-3.78849156527524,60.0000000000008,40,0,0.396233169943135,1.00950659950404,-10.8350008215583,60,0,0,0,0.948186592811111,-12.6143600739899,60,0,0,0,0.99864592965849,-11.7171273661745,59.9999999999985,0,0,0,0.986912899856917
1.05,10.0258822134749,60,201.708058052754,71.2480782529227,2.01812782542025,1.06,-3.78849156527524,60.0000000000008,40,0,0.396233169943135,1.00950659950404,-10.8350008215583,60,0,0,0,0.948186592811111,-12.6143600739899,60,0,0,0,0.99864592965849,-11.7171273661745,59.9999999999985,0,0,0,0.986912899856917
1.06,10.0258822134749,60,201.708058052754,71.2480782529227,2.01812782542025,1.06,-3.78849156527524,60.0000000000008,40,0,0.396233169943135,1.00950659950404,-10.8350008215583,60,0,0,0,0.948186592811111,-12.6143600739899,60,0,0,0,0.99864592965849,-11.7171273661745,59.9999999999985,0,0,0,0.986912899856917
1.07,10.0258822134749,60,201.708058052754,71.2480782529227,2.01812782542025,1.06,-3.78849156527524,60.0000000000008,40,0,0.396233169943135,1.00950659950404,-10.8350008215583,60,0,0,0,0.948186592811111,-12.6143600739899,60,0,0,0,0.99864592965849,-11.7171273661745,59.9999999999985,0,0,0,0.986912899856917
1.08,10.0258822134749,60,201.708058052754,71.2480782529227,2.01812782542025,1.06,-3.78849156527524,60.0000000000008,40,0,0.396233169943135,1.00950659950404,-10.8350008215583,60,0,0,0,0.948186592811111,-12.6143600739899,60,0,0,0,0.99864592965849,-11.7171273661745,59.9999999999985,0,0,0,0.986912899856917
1.09,10.0258822134749,60,201.708058052754,71.2480782529227,2.01812782542025,1.06,-3.78849156527524,60.0000000000008,40,0,0.396233169943135,1.00950659950404,-10.8350008215583,60,0,0,0,0.948186592811111,-12.6143600739899,60,0,0,0,0.99864592965849,-11.7171273661745,59.9999999999985,0,0,0,0.986912899856917
1.1,10.0258822134749,60,201.708058052754,71.2480782529227,2.01812782542025,1.06,-3.78849156527524,60.0000000000008,40,0,0.396233169943135,1.00950659950404,-10.8350008215583,60,0,0,0,0.948186592811111,-12.6143600739899,60,0,0,0,0.99864592965849,-11.7171273661745,59.9999999999985,0,0,0,0.986912899856917
1.11,10.0258822134749,60,201.708058052754,71.2480782529227,2.01812782542025,1.06,-3.78849156527524,60.0000000000008,40,0,0.396233169943135,1.00950659950404,-10.8350008215583,60,0,0,0,0.948186592811111,-12.6143600739899,60,0,0,0,0.99864592965849,-11.7171273661745,59.9999999999985,0,0,0,0.986912899856917
1.12,10.0258822134749,60,201.708058052754,71.2480782529227,2.01812782542025,1.06,-3.78849156527524,60.0000000000008,40,0,0.396233169943135,1.00950659950404,-10.8350008215583,60,0,0,0,0.948186592811111,-12.6143600739899,60,0,0,0,0.99864592965849,-11.7171273661745,59.9999999999985,0,0,0,0.986912899856917
1.13,10.0258822134749,60,201.708058052754,71.2480782529227,2.01812782542025,1.06,-3.78849156527524,60.0000000000008,40,0,0.396233169943135,1.00950659950404,-10.8350008215583,60,0,0,0,0.948186592811111,-12.6143600739899,60,0,0,0,0.99864592965849,-11.7171273661745,59.9999999999985,0,0,0,0.986912899856917
1.14,10.0258822134749,60,201.708058052754,71.2480782529227,2.01812782542025,1.06,-3.78849156527524,60.0000000000008,40,0,0.396233169943135,1.00950659950404,-10.8350008215583,60,0,0,0,0.948186592811111,-12.6143600739899,60,0,0,0,0.99864592965849,-11.7171273661745,59.9999999999985,0,0,0,0.986912899856917
1.15,10.0258822134749,60,201.708058052754,71.2480782529227,2.01812782542025,1.06,-3.78849156527524,60.0000000000008,40,0,0.396233169943135,1.00950659950404,-10.8350008215583,60,0,0,0,0.948186592811111,-12.6143600739899,60,0,0,0,0.99864592965849,-11.7171273661745,59.9999999999985,0,0,0,0.986912899856917
1.16,10.0258822134749,60,201.708058052754,71.2480782529227,2.01812782542025,1.06,-3.78849156527524,60.0000000000008,40,0,0.396233169943135,1.00950659950404,-10.8350008215583,60,0,0,0,0.948186592811111,-12.6143600739899,60,0,0,0,0.99864592965849,-11.7171273661745,59.9999999999985,0,0,0,0.986912899856917
1.17,10.0258822134749,60,201.708058052754,71.2480782529227,2.01812782542025,1.06,-3.78849156527524,60.0000000000008,40,0,0.396233169943135,1.00950659950404,-10.8350008215583,60,0,0,0,0.948186592811111,-12.6143600739899,60,0,0,0,0.99864592965849,-11.7171273661745,59.9999999999985,0,0,0,0.986912899856917
1.18,10.0258822134749,60,201.708058052754,71.2480782529227,2.01812782542025,1.06,-3.78849156527524,60.0000000000008,40,0,0.396233169943135,1.00950659950404,-10.8350008215583,60,0,0,0,0.948186592811111,-12.6143600739899,60,0,0,0,0.99864592965849,-11.7171273661745,59.9999999999985,0,0,0,0.986912899856917
1.19,10.0258822134749,60,201.708058052754,71.2480782529227,2.01812782542025,1.06,-3.78849156527524,60.0000000000008,40,0,0.396233169943135,1.00950659950404,-10.8350008215583,60,0,0,0,0.948186592811111,-12.6143600739899,60,0,0,0,0.99864592965849,-11.7171273661745,59.9999999999985,0,0,0,0.986912899856917
1.2,10.0258822134749,60,201.708058052754,71.2480782529227,2.01812782542025,1.06,-3.78849156527524,60.0000000000008,40,0,0.396233169943135,1.00950659950404,-10.8350008215583,60,0,0,0,0.948186592811111,-12.6143600739899,60,0,0,0,0.99864592965849,-11.7171273661745,59.9999999999985,0,0,0,0.986912899856917
1.21,10.0258822134749,60,201.708058052754,71.2480782529227,2.01812782542025,1.06,-3.78849156527524,60.0000000000008,40,0,0.396233169943135,1.00950659950404,-10.8350008215583,60,0,0,0,0.948186592811111,-12.6143600739899,60,0,0,0,0.99864592965849,-11.7171273661745,59.9999999999985,0,0,0,0.986912899856917
1.22,10.0258822134749,60,201.708058052754,71.2480782529227,2.01812782542025,1.06,-3.78849156527524,60.0000000000008,40,0,0.396233169943135,1.00950659950404,-10.8350008215583,60,0,0,0,0.948186592811111,-12.6143600739899,60,0,0,0,0.99864592965849,-11.7171273661745,59.9999999999985,0,0,0,0.986912899856917
1.23,10.0258822134749,60,201.708058052754,71.2480782529227,2.01812782542025,1.06,-3.78849156527524,60.0000000000008,40,0,0.396233169943135,1.00950659950404,-10.8350008215583,60,0,0,0,0.948186592811111,-12.6143600739899,60,0,0,0,0.99864592965849,-11.7171273661745,59.9999999999985,0,0,0,0.986912899856917
1.24,10.0258822134749,60,201.708058052754,71.2480782529227,2.01812782542025,1.06,-3.78849156527524,60.0000000000008,40,0,0.396233169943135,1.00950659950404,-10.8350008215583,60,0,0,0,0.948186592811111,-12.6143600739899,60,0,0,0,0.99864592965849,-11.7171273661745,59.9999999999985,0,0,0,0.986912899856917
1.25,10.0258822134749,60,201.708058052754,71.2480782529227,2.01812782542025,1.06,-3.78849156527524,60.0000000000008,40,0,0.396233169943135,1.00950659950404,-10.8350008215583,60,0,0,0,0.948186592811111,-12.6143600739899,60,0,0,0,0.99864592965849,-11.7171273661745,59.9999999999985,0,0,0,0.986912899856917
1.26,10.0258822134749,60,201.708058052754,71.2480782529227,2.01812782542025,1.06,-3.78849156527524,60.0000000000008,40,0,0.396233169943135,1.00950659950404,-10.8350008215583,60,0,0,0,0.948186592811111,-12.6143600739899,60,0,0,0,0.99864592965849,-11.7171273661745,59.9999999999985,0,0,0,0.986912899856917
1.27,10.0258822134749,60,201.708058052754,71.2480782529227,2.01812782542025,1.06,-3.78849156527524,60.0000000000008,40,0,0.396233169943135,1.00950659950404,-10.8350008215583,60,0,0,0,0.948186592811111,-12.6143600739899,60,0,0,0,0.99864592965849,-11.7171273661745,59.9999999999985,0,0,0,0.986912899856917
1.28,10.0258822134749,60,201.708058052754,71.2480782529227,2.01812782542025,1.06,-3.78849156527524,60.0000000000008,40,0,0.396233169943135,1.00950659950404,-10.8350008215583,60,0,0,0,0.948186592811111,-12.6143600739899,60,0,0,0,0.99864592965849,-11.7171273661745,59.9999999999985,0,0,0,0.986912899856917
1.29,10.0258822134749,60,201.708058052754,71.2480782529227,2.01812782542025,1.06,-3.78849156527524,60.0000000000008,40,0,0.396233169943135,1.00950659950404,-10.8350008215583,60,0,0,0,0.948186592811111,-12.6143600739899,60,0,0,0,0.99864592965849,-11.7171273661745,59.9999999999985,0,0,0,0.986912899856917
1.3,10.0258822134749,60,201.708058052754,71.2480782529227,2.01812782542025,1.06,-3.78849156527524,60.0000000000008,40,0,0.396233169943135,1.00950659950404,-10.8350008215583,60,0,0,0,0.948186592811111,-12.6143600739899,60,0,0,0,0.99864592965849,-11.7171273661745,59.9999999999985,0,0,0,0.986912899856917
1.31,10.0258822134749,60,201.708058052754,71.2480782529227,2.01812782542025,1.06,-3.78849156527524,60.0000000000008,40,0,0.396233169943135,1.00950659950404,-10.8350008215583,60,0,0,0,0.948186592811111,-12.6143600739899,60,0,0,0,0.99864592965849,-11.7171273661745,59.9999999999985,0,0,0,0.986912899856917
1.32,10.0258822134749,60,201.708058052754,71.2480782529227,2.01812782542025,1.06,-3.78849156527524,60.0000000000008,40,0,0.396233169943135,1.00950659950404,-10.8350008215583,60,0,0,0,0.948186592811111,-12.6143600739899,60,0,0,0,0.99864592965849,-11.7171273661745,59.9999999999985,0,0,0,0.986912899856917
1.33,10.0258822134749,60,201.708058052754,71.2480782529227,2.01812782542025,1.06,-3.78849156527524,60.0000000000008,40,0,0.396233169943135,1.00950659950404,-10.8350008215583,60,0,0,0,0.948186592811111,-12.6143600739899,60,0,0,0,0.99864592965849,-11.7171273661745,59.9999999999985,0,0,0,0.986912899856917
1.34,10.0258822134749,60,201.708058052754,71.2480782529227,2.01812782542025,1.06,-3.78849156527524,60.0000000000008,40,0,0.396233169943135,1.00950659950404,-10.8350008215583,60,0,0,0,0.948186592811111,-12.6143600739899,60,0,0,0,0.99864592965849,-11.7171273661745,59.9999999999985,0,0,0,0.986912899856917
1.35,10.0258822134749,60,201.708058052754,71.2480782529227,2.01812782542025,1.06,-3.78849156527524,60.0000000000008,40,0,0.396233169943135,1.00950659950404,-10.8350008215583,60,0,0,0,0.948186592811111,-12.6143600739899,60,0,0,0,0.99864592965849,-11.7171273661745,59.9999999999985,0,0,0,0.986912899856917
1.36,10.0258822134749,60,201.708058052754,71.2480782529227,2.01812782542025,1.06,-3.78849156527524,60.0000000000008,40,0,0.396233169943135,1.00950659950404,-10.8350008215583,60,0,0,0,0.948186592811111,-12.6143600739899,60,0,0,0,0.99864592965849,-11.7171273661745,59.9999999999985,0,0,0,0.986912899856917
1.37,10.0258822134749,60,201.708058052754,71.2480782529227,2.01812782542025,1.06,-3.78849156527524,60.0000000000008,40,0,0.396233169943135,1.00950659950404,-10.8350008215583,60,0,0,0,0.948186592811111,-12.6143600739899,60,0,0,0,0.99864592965849,-11.7171273661745,59.9999999999985,0,0,0,0.986912899856917
1.38,10.0258822134749,60,201.708058052754,71.2480782529227,2.01812782542025,1.06,-3.78849156527524,60.0000000000008,40,0,0.396233169943135,1.00950659950404,-10.8350008215583,60,0,0,0,0.948186592811111,-12.6143600739899,60,0,0,0,0.99864592965849,-11.7171273661745,59.9999999999985,0,0,0,0.986912899856917
1.39,10.0258822134749,60,201.708058052754,71.2480782529227,2.01812782542025,1.06,-3.78849156527524,60.0000000000008,40,0,0.396233169943135,1.00950659950404,-10.8350008215583,60,0,0,0,0.948186592811111,-12.6143600739899,60,0,0,0,0.99864592965849,-11.7171273661745,59.9999999999985,0,0,0,0.986912899856917
1.4,10.0258822134749,60,201.708058052754,71.2480782529227,2.01812782542025,1.06,-3.78849156527524,60.0000000000008,40,0,0.396233169943135,1.00950659950404,-10.8350008215583,60,0,0,0,0.948186592811111,-12.6143600739899,60,0,0,0,0.99864592965849,-11.7171273661745,59.9999999999985,0,0,0,0.986912899856917
1.41,10.0258822134749,60,201.708058052754,71.2480782529227,2.01812782542025,1.06,-3.78849156527524,60.0000000000008,40,0,0.396233169943135,1.00950659950404,-10.8350008215583,60,0,0,0,0.948186592811111,-12.6143600739899,60,0,0,0,0.99864592965849,-11.7171273661745,59.9999999999985,0,0,0,0.986912899856917
1.42,10.0258822134749,60,201.708058052754,71.2480782529227,2.01812782542025,1.06,-3.78849156527524,60.0000000000008,40,0,0.396233169943135,1.00950659950404,-10.8350008215583,60,0,0,0,0.948186592811111,-12.6143600739899,60,0,0,0,0.99864592965849,-11.7171273661745,59.9999999999985,0,0,0,0.986912899856917
1.43,10.0258822134749,60,201.708058052754,71.2480782529227,2.01812782542025,1.06,-3.78849156527524,60.0000000000008,40,0,0.396233169943135,1.00950659950404,-10.8350008215583,60,0,0,0,0.948186592811111,-12.6143600739899,60,0,0,0,0.99864592965849,-11.7171273661745,59.9999999999985,0,0,0,0.986912899856917
1.44,10.0258822134749,60,201.708058052754,71.2480782529227,2.01812782542025,1.06,-3.78849156527524,60.0000000000008,40,0,0.396233169943135,1.00950659950404,-10.8350008215583,60,0,0,0,0.948186592811111,-12.6143600739899,60,0,0,0,0.99864592965849,-11.7171273661745,59.9999999999985,0,0,0,0.986912899856917
1.45,10.0258822134749,60,201.708058052754,71.2480782529227,2.01812782542025,1.06,-3.78849156527524,60.0000000000008,40,0,0.396233169943135,1.00950659950404,-10.8350008215583,60,0,0,0,0.948186592811111,-12.6143600739899,60,0,0,0,0.99864592965849,-11.7171273661745,59.9999999999985,0,0,0,0.986912899856917
1.46,10.0258822134749,60,201.708058052754,71.2480782529227,2.01812782542025,1.06,-3.78849156527524,60.0000000000008,40,0,0.396233169943135,1.00950659950404,-10.8350008215583,60,0,0,0,0.948186592811111,-12.6143600739899,60,0,0,0,0.99864592965849,-11.7171273661745,59.9999999999985,0,0,0,0.986912899856917
1.47,10.0258822134749,60,201.708058052754,71.2480782529227,2.01812782542025,1.06,-3.78849156527524,60.0000000000008,40,0,0.396233169943135,1.00950659950404,-10.8350008215583,60,0,0,0,0.948186592811111,-12.6143600739899,60,0,0,0,0.99864592965849,-11.7171273661745,59.9999999999985,0,0,0,0.986912899856917
1.48,10.0258822134749,60,201.708058052754,71.2480782529227,2.01812782542025,1.06,-3.78849156527524,60.0000000000008,40,0,0.396233169943135,1.00950659950404,-10.8350008215583,60,0,0,0,0.948186592811111,-12.6143600739899,60,0,0,0,0.99864592965849,-11.7171273661745,59.9999999999985,0,0,0,0.986912899856917
1.49,10.0258822134749,60,201.708058052754,71.2480782529227,2.01812782542025,1.06,-3.78849156527524,60.0000000000008,40,0,0.396233169943135,1.00950659950404,-10.8350008215583,60,0,0,0,0.948186592811111,-12.6143600739899,60,0,0,0,0.99864592965849,-11.7171273661745,59.9999999999985,0,0,0,0.986912899856917
1.5,10.0258822134749,60,201.708058052754,71.2480782529227,2.01812782542025,1.06,-3.78849156527524,60.0000000000008,40,0,0.396233169943135,1.00950659950404,-10.8350008215583,60,0,0,0,0.948186592811111,-12.6143600739899,60,0,0,0,0.99864592965849,-11.7171273661745,59.9999999999985,0,0,0,0.986912899856917
1.51,10.0258822134749,60,201.708058052754,71.2480782529227,2.01812782542025,1.06,-3.78849156527524,60.0000000000008,40,0,0.396233169943135,1.00950659950404,-10.8350008215583,60,0,0,0,0.948186592811111,-12.6143600739899,60,0,0,0,0.99864592965849,-11.7171273661745,59.9999999999985,0,0,0,0.986912899856917
1.52,10.0258822134749,60,201.708058052754,71.2480782529227,2.01812782542025,1.06,-3.78849156527524,60.0000000000008,40,0,0.396233169943135,1.00950659950404,-10.8350008215583,60,0,0,0,0.948186592811111,-12.6143600739899,60,0,0,0,0.99864592965849,-11.7171273661745,59.9999999999985,0,0,0,0.986912899856917
1.53,10.0258822134749,60,201.708058052754,71.2480782529227,2.01812782542025,1.06,-3.78849156527524,60.0000000000008,40,0,0.396233169943135,1.00950659950404,-10.8350008215583,60,0,0,0,0.948186592811111,-12.6143600739899,60,0,0,0,0.99864592965849,-11.7171273661745,59.9999999999985,0,0,0,0.986912899856917
1.54,10.0258822134749,60,201.708058052754,71.2480782529227,2.01812782542025,1.06,-3.78849156527524,60.0000000000008,40,0,0.396233169943135,1.00950659950404,-10.8350008215583,60,0,0,0,0.948186592811111,-12.6143600739899,60,0,0,0,0.99864592965849,-11.7171273661745,59.9999999999985,0,0,0,0.986912899856917
1.55,10.0258822134749,60,201.708058052754,71.2480782529227,2.01812782542025,1.06,-3.78849156527524,60.0000000000008,40,0,0.396233169943135,1.00950659950404,-10.8350008215583,60,0,0,0,0.948186592811111,-12.6143600739899,60,0,0,0,0.99864592965849,-11.7171273661745,59.9999999999985,0,0,0,0.986912899856917
1.56,10.0258822134749,60,201.708058052754,71.2480782529227,2.01812782542025,1.06,-3.78849156527524,60.0000000000008,40,0,0.396233169943135,1.00950659950404,-10.8350008215583,60,0,0,0,0.948186592811111,-12.6143600739899,60,0,0,0,0.99864592965849,-11.7171273661745,59.9999999999985,0,0,0,0.986912899856917
1.57,10.0258822134749,60,201.708058052754,71.2480782529227,2.01812782542025,1.06,-3.78849156527524,60.0000000000008,40,0,0.396233169943135,1.00950659950404,-10.8350008215583,60,0,0,0,0.948186592811111,-12.6143600739899,60,0,0,0,0.99864592965849,-11.7171273661745,59.9999999999985,0,0,0,0.986912899856917
1.58,10.0258822134749,60,201.708058052754,71.2480782529227,2.01812782542025,1.06,-3.78849156527524,60.0000000000008,40,0,0.396233169943135,1.00950659950404,-10.8350008215583,60,0,0,0,0.948186592811111,-12.6143600739899,60,0,0,0,0.99864592965849,-11.7171273661745,59.9999999999985,0,0,0,0.986912899856917
1.59,10.0258822134749,60,201.708058052754,71.2480782529227,2.01812782542025,1.06,-3.78849156527524,60.0000000000008,40,0,0.396233169943135,1.00950659950404,-10.8350008215583,60,0,0,0,0.948186592811111,-12.6143600739899,60,0,0,0,0.99864592965849,-11.7171273661745,59.9999999999985,0,0,0,0.986912899856917
1.6,10.0258822134749,60,201.708058052754,71.2480782529227,2.01812782542025,1.06,-3.78849156527524,60.0000000000008,40,0,0.396233169943135,1.00950659950404,-10.8350008215583,60,0,0,0,0.948186592811111,-12.6143600739899,60,0,0,0,0.99864592965849,-11.7171273661745,59.9999999999985,0,0,0,0.986912899856917
1.61,10.0258822134749,60,201.708058052754,71.2480782529227,2.01812782542025,1.06,-3.78849156527524,60.0000000000008,40,0,0.396233169943135,1.00950659950404,-10.8350008215583,60,0,0,0,0.948186592811111,-12.6143600739899,60,0,0,0,0.99864592965849,-11.7171273661745,59.9999999999985,0,0,0,0.986912899856917
1.62,10.0258822134749,60,201.708058052754,71.2480782529227,2.01812782542025,1.06,-3.78849156527524,60.0000000000008,40,0,0.396233169943135,1.00950659950404,-10.8350008215583,60,0,0,0,0.948186592811111,-12.6143600739899,60,0,0,0,0.99864592965849,-11.7171273661745,59.9999999999985,0,0,0,0.986912899856917
1.63,10.0258822134749,60,201.708058052754,71.2480782529227,2.01812782542025,1.06,-3.78849156527524,60.0000000000008,40,0,0.396233169943135,1.00950659950404,-10.8350008215583,60,0,0,0,0.948186592811111,-12.6143600739899,60,0,0,0,0.99864592965849,-11.7171273661745,59.9999999999985,0,0,0,0.986912899856917
1.64,10.0258822134749,60,201.708058052754,71.2480782529227,2.01812782542025,1.06,-3.78849156527524,60.0000000000008,40,0,0.396233169943135,1.00950659950404,-10.8350008215583,60,0,0,0,0.948186592811111,-12.6143600739899,60,0,0,0,0.99864592965849,-11.7171273661745,59.9999999999985,0,0,0,0.986912899856917
1.65,10.0258822134749,60,201.708058052754,71.2480782529227,2.01812782542025,1.06,-3.78849156527524,60.0000000000008,40,0,0.396233169943135,1.00950659950404,-10.8350008215583,60,0,0,0,0.948186592811111,-12.6143600739899,60,0,0,0,0.99864592965849,-11.7171273661745,59.9999999999985,0,0,0,0.986912899856917
1.66,10.0258822134749,60,201.708058052754,71.2480782529227,2.01812782542025,1.06,-3.78849156527524,60.0000000000008,40,0,0.396233169943135,1.00950659950404,-10.8350008215583,60,0,0,0,0.948186592811111,-12.6143600739899,60,0,0,0,0.99864592965849,-11.7171273661745,59.9999999999985,0,0,0,0.986912899856917
1.67,10.0258822134749,60,201.708058052754,71.2480782529227,2.01812782542025,1.06,-3.78849156527524,60.0000000000008,40,0,0.396233169943135,1.00950659950404,-10.8350008215583,60,0,0,0,0.948186592811111,-12.6143600739899,60,0,0,0,0.99864592965849,-11.7171273661745,59.9999999999985,0,0,0,0.986912899856917
1.68,10.0258822134749,60,201.708058052754,71.2480782529227,2.01812782542025,1.06,-3.78849156527524,60.0000000000008,40,0,0.396233169943135,1.00950659950404,-10.8350008215583,60,0,0,0,0.948186592811111,-12.6143600739899,60,0,0,0,0.99864592965849,-11.7171273661745,59.9999999999985,0,0,0,0.986912899856917
1.69,10.0258822134749,60,201.708058052754,71.2480782529227,2.01812782542025,1.06,-3.78849156527524,60.0000000000008,40,0,0.396233169943135,1.00950659950404,-10.8350008215583,60,0,0,0,0.948186592811111,-12.6143600739899,60,0,0,0,0.99864592965849,-11.7171273661745,59.9999999999985,0,0,0,0.986912899856917
1.7,10.0258822134749,60,201.708058052754,71.2480782529227,2.01812782542025,1.06,-3.78849156527524,60.0000000000008,40,0,0.396233169943135,1.00950659950404,-10.8350008215583,60,0,0,0,0.948186592811111,-12.6143600739899,60,0,0,0,0.99864592965849,-11.7171273661745,59.9999999999985,0,0,0,0.986912899856917
1.71,10.0258822134749,60,201.708058052754,71.2480782529227,2.01812782542025,1.06,-3.78849156527524,60.0000000000008,40,0,0.396233169943135,1.00950659950404,-10.8350008215583,60,0,0,0,0.948186592811111,-12.6143600739899,60,0,0,0,0.99864592965849,-11.7171273661745,59.9999999999985,0,0,0,0.986912899856917
1.72,10.0258822134749,60,201.708058052754,71.2480782529227,2.01812782542025,1.06,-3.78849156527524,60.0000000000008,40,0,0.396233169943135,1.00950659950404,-10.8350008215583,60,0,0,0,0.948186592811111,-12.6143600739899,60,0,0,0,0.99864592965849,-11.7171273661745,59.9999999999985,0,0,0,0.986912899856917
1.73,10.0258822134749,60,201.708058052754,71.2480782529227,2.01812782542025,1.06,-3.78849156527524,60.0000000000008,40,0,0.396233169943135,1.00950659950404,-10.8350008215583,60,0,0,0,0.948186592811111,-12.6143600739899,60,0,0,0,0.99864592965849,-11.7171273661745,59.9999999999985,0,0,0,0.986912899856917
1.74,10.0258822134749,60,201.708058052754,71.2480782529227,2.01812782542025,1.06,-3.78849156527524,60.0000000000008,40,0,0.396233169943135,1.00950659950404,-10.8350008215583,60,0,0,0,0.948186592811111,-12.6143600739899,60,0,0,0,0.99864592965849,-11.7171273661745,59.9999999999985,0,0,0,0.986912899856917
1.75,10.0258822134749,60,201.708058052754,71.2480782529227,2.01812782542025,1.06,-3.78849156527524,60.0000000000008,40,0,0.396233169943135,1.00950659950404,-10.8350008215583,60,0,0,0,0.948186592811111,-12.6143600739899,60,0,0,0,0.99864592965849,-11.7171273661745,59.9999999999985,0,0,0,0.986912899856917
1.76,10.0258822134749,60,201.708058052754,71.2480782529227,2.01812782542025,1.06,-3.78849156527524,60.0000000000008,40,0,0.396233169943135,1.00950659950404,-10.8350008215583,60,0,0,0,0.948186592811111,-12.6143600739899,60,0,0,0,0.99864592965849,-11.7171273661745,59.9999999999985,0,0,0,0.986912899856917
1.77,10.0258822134749,60,201.708058052754,71.2480782529227,2.01812782542025,1.06,-3.78849156527524,60.0000000000008,40,0,0.396233169943135,1.00950659950404,-10.8350008215583,60,0,0,0,0.948186592811111,-12.6143600739899,60,0,0,0,0.99864592965849,-11.7171273661745,59.9999999999985,0,0,0,0.986912899856917
1.78,10.0258822134749,60,201.708058052754,71.2480782529227,2.01812782542025,1.06,-3.78849156527524,60.0000000000008,40,0,0.396233169943135,1.00950659950404,-10.8350008215583,60,0,0,0,0.948186592811111,-12.6143600739899,60,0,0,0,0.99864592965849,-11.7171273661745,59.9999999999985,0,0,0,0.986912899856917
1.79,10.0258822134749,60,201.708058052754,71.2480782529227,2.01812782542025,1.06,-3.78849156527524,60.0000000000008,40,0,0.396233169943135,1.00950659950404,-10.8350008215583,60,0,0,0,0.948186592811111,-12.6143600739899,60,0,0,0,0.99864592965849,-11.7171273661745,59.9999999999985,0,0,0,0.986912899856917
1.8,10.0258822134749,60,201.708058052754,71.2480782529227,2.01812782542025,1.06,-3.78849156527524,60.0000000000008,40,0,0.396233169943135,1.00950659950404,-10.8350008215583,60,0,0,0,0.948186592811111,-12.6143600739899,60,0,0,0,0.99864592965849,-11.7171273661745,59.9999999999985,0,0,0,0.986912899856917
1.81,10.0258822134749,60,201.708058052754,71.2480782529227,2.01812782542025,1.06,-3.78849156527524,60.0000000000008,40,0,0.396233169943135,1.00950659950404,-10.8350008215583,60,0,0,0,0.948186592811111,-12.6143600739899,60,0,0,0,0.99864592965849,-11.7171273661745,59.9999999999985,0,0,0,0.986912899856917
1.82,10.0258822134749,60,201.708058052754,71.2480782529227,2.01812782542025,1.06,-3.78849156527524,60.0000000000008,40,0,0.396233169943135,1.00950659950404,-10.8350008215583,60,0,0,0,0.948186592811111,-12.6143600739899,60,0,0,0,0.99864592965849,-11.7171273661745,59.9999999999985,0,0,0,0.986912899856917
1.83,10.0258822134749,60,201.708058052754,71.2480782529227,2.01812782542025,1.06,-3.78849156527524,60.0000000000008,40,0,0.396233169943135,1.00950659950404,-10.8350008215583,60,0,0,0,0.948186592811111,-12.6143600739899,60,0,0,0,0.99864592965849,-11.7171273661745,59.9999999999985,0,0,0,0.986912899856917
1.84,10.0258822134749,60,201.708058052754,71.2480782529227,2.01812782542025,1.06,-3.78849156527524,60.0000000000008,40,0,0.396233169943135,1.00950659950404,-10.8350008215583,60,0,0,0,0.948186592811111,-12.6143600739899,60,0,0,0,0.99864592965849,-11.7171273661745,59.9999999999985,0,0,0,0.986912899856917
1.85,10.0258822134749,60,201.708058052754,71.2480782529227,2.01812782542025,1.06,-3.78849156527524,60.0000000000008,40,0,0.396233169943135,1.00950659950404,-10.8350008215583,60,0,0,0,0.948186592811111,-12.6143600739899,60,0,0,0,0.99864592965849,-11.7171273661745,59.9999999999985,0,0,0,0.986912899856917
1.86,10.0258822134749,60,201.708058052754,71.2480782529227,2.01812782542025,1.06,-3.78849156527524,60.0000000000008,40,0,0.396233169943135,1.00950659950404,-10.8350008215583,60,0,0,0,0.948186592811111,-12.6143600739899,60,0,0,0,0.99864592965849,-11.7171273661745,59.9999999999985,0,0,0,0.986912899856917
1.87,10.0258822134749,60,201.708058052754,71.2480782529227,2.01812782542025,1.06,-3.78849156527524,60.0000000000008,40,0,0.396233169943135,1.00950659950404,-10.8350008215583,60,0,0,0,0.948186592811111,-12.6143600739899,60,0,0,0,0.99864592965849,-11.7171273661745,59.9999999999985,0,0,0,0.986912899856917
1.88,10.0258822134749,60,201.708058052754,71.2480782529227,2.01812782542025,1.06,-3.78849156527524,60.0000000000008,40,0,0.396233169943135,1.00950659950404,-10.8350008215583,60,0,0,0,0.948186592811111,-12.6143600739899,60,0,0,0,0.99864592965849,-11.7171273661745,59.9999999999985,0,0,0,0.986912899856917
1.89,10.0258822134749,60,201.708058052754,71.2480782529227,2.01812782542025,1.06,-3.78849156527524,60.0000000000008,40,0,0.396233169943135,1.00950659950404,-10.8350008215583,60,0,0,0,0.948186592811111,-12.6143600739899,60,0,0,0,0.99864592965849,-11.7171273661745,59.9999999999985,0,0,0,0.986912899856917
1.9,10.0258822134749,60,201.708058052754,71.2480782529227,2.01812782542025,1.06,-3.78849156527524,60.0000000000008,40,0,0.396233169943135,1.00950659950404,-10.8350008215583,60,0,0,0,0.948186592811111,-12.6143600739899,60,0,0,0,0.99864592965849,-11.7171273661745,59.9999999999985,0,0,0,0.986912899856917
1.91,10.0258822134749,60,201.708058052754,71.2480782529227,2.01812782542025,1.06,-3.78849156527524,60.0000000000008,40,0,0.396233169943135,1.00950659950404,-10.8350008215583,60,0,0,0,0.948186592811111,-12.6143600739899,60,0,0,0,0.99864592965849,-11.7171273661745,59.9999999999985,0,0,0,0.986912899856917
1.92,10.0258822134749,60,201.708058052754,71.2480782529227,2.01812782542025,1.06,-3.78849156527524,60.0000000000008,40,0,0.396233169943135,1.00950659950404,-10.8350008215583,60,0,0,0,0.948186592811111,-12.6143600739899,60,0,0,0,0.99864592965849,-11.7171273661745,59.9999999999985,0,0,0,0.986912899856917
1.93,10.0258822134749,60,201.708058052754,71.2480782529227,2.01812782542025,1.06,-3.78849156527524,60.0000000000008,40,0,0.396233169943135,1.00950659950404,-10.8350008215583,60,0,0,0,0.948186592811111,-12.6143600739899,60,0,0,0,0.99864592965849,-11.7171273661745,59.9999999999985,0,0,0,0.986912899856917
1.94,10.0258822134749,60,201.708058052754,71.2480782529227,2.01812782542025,1.06,-3.78849156527524,60.0000000000008,40,0,0.396233169943135,1.00950659950404,-10.8350008215583,60,0,0,0,0.948186592811111,-12.6143600739899,60,0,0,0,0.99864592965849,-11.7171273661745,59.9999999999985,0,0,0,0.986912899856917
1.95,10.0258822134749,60,201.708058052754,71.2480782529227,2.01812782542025,1.06,-3.78849156527524,60.0000000000008,40,0,0.396233169943135,1.00950659950404,-10.8350008215583,60,0,0,0,0.948186592811111,-12.6143600739899,60,0,0,0,0.99864592965849,-11.7171273661745,59.9999999999985,0,0,0,0.986912899856917
1.96,10.0258822134749,60,201.708058052754,71.2480782529227,2.01812782542025,1.06,-3.78849156527524,60.0000000000008,40,0,0.396233169943135,1.00950659950404,-10.8350008215583,60,0,0,0,0.948186592811111,-12.6143600739899,60,0,0,0,0.99864592965849,-11.7171273661745,59.9999999999985,0,0,0,0.986912899856917
1.97,10.0258822134749,60,201.708058052754,71.2480782529227,2.01812782542025,1.06,-3.78849156527524,60.0000000000008,40,0,0.396233169943135,1.00950659950404,-10.8350008215583,60,0,0,0,0.948186592811111,-12.6143600739899,60,0,0,0,0.99864592965849,-11.7171273661745,59.9999999999985,0,0,0,0.986912899856917
1.98,10.0258822134749,60,201.708058052754,71.2480782529227,2.01812782542025,1.06,-3.78849156527524,60.0000000000008,40,0,0.396233169943135,1.00950659950404,-10.8350008215583,60,0,0,0,0.948186592811111,-12.6143600739899,60,0,0,0,0.99864592965849,-11.7171273661745,59.9999999999985,0,0,0,0.986912899856917
1.99,10.0258822134749,60,201.708058052754,71.2480782529227,2.01812782542025,1.06,-3.78849156527524,60.0000000000008,40,0,0.396233169943135,1.00950659950404,-10.8350008215583,60,0,0,0,0.948186592811111,-12.6143600739899,60,0,0,0,0.99864592965849,-11.7171273661745,59.9999999999985,0,0,0,0.986912899856917
2,10.0258822134749,60,201.708058052754,71.2480782529227,2.01812782542025,1.06,-3.78849156527524,60.0000000000008,40,0,0.396233169943135,1.00950659950404,-10.8350008215583,60,0,0,0,0.948186592811111,-12.6143600739899,60,0,0,0,0.99864592965849,-11.7171273661745,59.9999999999985,0,0,0,0.986912899856917
2.01,10.0258822134749,60,201.708058052754,71.2480782529227,2.01812782542025,1.06,-3.78849156527524,60.0000000000008,40,0,0.396233169943135,1.00950659950404,-10.8350008215583,60,0,0,0,0.948186592811111,-12.6143600739899,60,0,0,0,0.99864592965849,-11.7171273661745,59.9999999999985,0,0,0,0.986912899856917
2.02,10.0258822134749,60,201.708058052754,71.2480782529227,2.01812782542025,1.06,-3.78849156527524,60.0000000000008,40,0,0.396233169943135,1.00950659950404,-10.8350008215583,60,0,0,0,0.948186592811111,-12.6143600739899,60,0,0,0,0.99864592965849,-11.7171273661745,59.9999999999985,0,0,0,0.986912899856917
2.03,10.0258822134749,60,201.708058052754,71.2480782529227,2.01812782542025,1.06,-3.78849156527524,60.0000000000008,40,0,0.396233169943135,1.00950659950404,-10.8350008215583,60,0,0,0,0.948186592811111,-12.6143600739899,60,0,0,0,0.99864592965849,-11.7171273661745,59.9999999999985,0,0,0,0.986912899856917
2.04,10.0258822134749,60,201.708058052754,71.2480782529227,2.01812782542025,1.06,-3.78849156527524,60.0000000000008,40,0,0.396233169943135,1.00950659950404,-10.8350008215583,60,0,0,0,0.948186592811111,-12.6143600739899,60,0,0,0,0.99864592965849,-11.7171273661745,59.9999999999985,0,0,0,0.986912899856917
2.05,10.0258822134749,60,201.708058052754,71.2480782529227,2.01812782542025,1.06,-3.78849156527524,60.0000000000008,40,0,0.396233169943135,1.00950659950404,-10.8350008215583,60,0,0,0,0.948186592811111,-12.6143600739899,60,0,0,0,0.99864592965849,-11.7171273661745,59.9999999999985,0,0,0,0.986912899856917
2.06,10.0258822134749,60,201.708058052754,71.2480782529227,2.01812782542025,1.06,-3.78849156527524,60.0000000000008,40,0,0.396233169943135,1.00950659950404,-10.8350008215583,60,0,0,0,0.948186592811111,-12.6143600739899,60,0,0,0,0.99864592965849,-11.7171273661745,59.9999999999985,0,0,0,0.986912899856917
2.07,10.0258822134749,60,201.708058052754,71.2480782529227,2.01812782542025,1.06,-3.78849156527524,60.0000000000008,40,0,0.396233169943135,1.00950659950404,-10.8350008215583,60,0,0,0,0.948186592811111,-12.6143600739899,60,0,0,0,0.99864592965849,-11.7171273661745,59.9999999999985,0,0,0,0.986912899856917
2.08,10.0258822134749,60,201.708058052754,71.2480782529227,2.01812782542025,1.06,-3.78849156527524,60.0000000000008,40,0,0.396233169943135,1.00950659950404,-10.8350008215583,60,0,0,0,0.948186592811111,-12.6143600739899,60,0,0,0,0.99864592965849,-11.7171273661745,59.9999999999985,0,0,0,0.986912899856917
2.09,10.0258822134749,60,201.708058052754,71.2480782529227,2.01812782542025,1.06,-3.78849156527524,60.0000000000008,40,0,0.396233169943135,1.00950659950404,-10.8350008215583,60,0,0,0,0.948186592811111,-12.6143600739899,60,0,0,0,0.99864592965849,-11.7171273661745,59.9999999999985,0,0,0,0.986912899856917
2.1,10.0258822134749,60,201.708058052754,71.2480782529227,2.01812782542025,1.06,-3.78849156527524,60.0000000000008,40,0,0.396233169943135,1.00950659950404,-10.8350008215583,60,0,0,0,0.948186592811111,-12.6143600739899,60,0,0,0,0.99864592965849,-11.7171273661745,59.9999999999985,0,0,0,0.986912899856917
2.11,10.0258822134749,60,201.708058052754,71.2480782529227,2.01812782542025,1.06,-3.78849156527524,60.0000000000008,40,0,0.396233169943135,1.00950659950404,-10.8350008215583,60,0,0,0,0.948186592811111,-12.6143600739899,60,0,0,0,0.99864592965849,-11.7171273661745,59.9999999999985,0,0,0,0.986912899856917
2.12,10.0258822134749,60,201.708058052754,71.2480782529227,2.01812782542025,1.06,-3.78849156527524,60.0000000000008,40,0,0.396233169943135,1.00950659950404,-10.8350008215583,60,0,0,0,0.948186592811111,-12.6143600739899,60,0,0,0,0.99864592965849,-11.7171273661745,59.9999999999985,0,0,0,0.986912899856917
2.13,10.0258822134749,60,201.708058052754,71.2480782529227,2.01812782542025,1.06,-3.78849156527524,60.0000000000008,40,0,0.396233169943135,1.00950659950404,-10.8350008215583,60,0,0,0,0.948186592811111,-12.6143600739899,60,0,0,0,0.99864592965849,-11.7171273661745,59.9999999999985,0,0,0,0.986912899856917
2.14,10.0258822134749,60,201.708058052754,71.2480782529227,2.01812782542025,1.06,-3.78849156527524,60.0000000000008,40,0,0.396233169943135,1.00950659950404,-10.8350008215583,60,0,0,0,0.948186592811111,-12.6143600739899,60,0,0,0,0.99864592965849,-11.7171273661745,59.9999999999985,0,0,0,0.986912899856917
2.15,10.0258822134749,60,201.708058052754,71.2480782529227,2.01812782542025,1.06,-3.78849156527524,60.0000000000008,40,0,0.396233169943135,1.00950659950404,-10.8350008215583,60,0,0,0,0.948186592811111,-12.6143600739899,60,0,0,0,0.99864592965849,-11.7171273661745,59.9999999999985,0,0,0,0.986912899856917
2.16,10.0258822134749,60,201.708058052754,71.2480782529227,2.01812782542025,1.06,-3.78849156527524,60.0000000000008,40,0,0.396233169943135,1.00950659950404,-10.8350008215583,60,0,0,0,0.948186592811111,-12.6143600739899,60,0,0,0,0.99864592965849,-11.7171273661745,59.9999999999985,0,0,0,0.986912899856917
2.17,10.0258822134749,60,201.708058052754,71.2480782529227,2.01812782542025,1.06,-3.78849156527524,60.0000000000008,40,0,0.396233169943135,1.00950659950404,-10.8350008215583,60,0,0,0,0.948186592811111,-12.6143600739899,60,0,0,0,0.99864592965849,-11.7171273661745,59.9999999999985,0,0,0,0.986912899856917
2.18,10.0258822134749,60,201.708058052754,71.2480782529227,2.01812782542025,1.06,-3.78849156527524,60.0000000000008,40,0,0.396233169943135,1.00950659950404,-10.8350008215583,60,0,0,0,0.948186592811111,-12.6143600739899,60,0,0,0,0.99864592965849,-11.7171273661745,59.9999999999985,0,0,0,0.986912899856917
2.19,10.0258822134749,60,201.708058052754,71.2480782529227,2.01812782542025,1.06,-3.78849156527524,60.0000000000008,40,0,0.396233169943135,1.00950659950404,-10.8350008215583,60,0,0,0,0.948186592811111,-12.6143600739899,60,0,0,0,0.99864592965849,-11.7171273661745,59.9999999999985,0,0,0,0.986912899856917
2.2,10.0258822134749,60,201.708058052754,71.2480782529227,2.01812782542025,1.06,-3.78849156527524,60.0000000000008,40,0,0.396233169943135,1.00950659950404,-10.8350008215583,60,0,0,0,0.948186592811111,-12.6143600739899,60,0,0,0,0.99864592965849,-11.7171273661745,59.9999999999985,0,0,0,0.986912899856917
2.21,10.0258822134749,60,201.708058052754,71.2480782529227,2.01812782542025,1.06,-3.78849156527524,60.0000000000008,40,0,0.396233169943135,1.00950659950404,-10.8350008215583,60,0,0,0,0.948186592811111,-12.6143600739899,60,0,0,0,0.99864592965849,-11.7171273661745,59.9999999999985,0,0,0,0.986912899856917
2.22,10.0258822134749,60,201.708058052754,71.2480782529227,2.01812782542025,1.06,-3.78849156527524,60.0000000000008,40,0,0.396233169943135,1.00950659950404,-10.8350008215583,60,0,0,0,0.948186592811111,-12.6143600739899,60,0,0,0,0.99864592965849,-11.7171273661745,59.9999999999985,0,0,0,0.986912899856917
2.23,10.0258822134749,60,201.708058052754,71.2480782529227,2.01812782542025,1.06,-3.78849156527524,60.0000000000008,40,0,0.396233169943135,1.00950659950404,-10.8350008215583,60,0,0,0,0.948186592811111,-12.6143600739899,60,0,0,0,0.99864592965849,-11.7171273661745,59.9999999999985,0,0,0,0.986912899856917
2.24,10.0258822134749,60,201.708058052754,71.2480782529227,2.01812782542025,1.06,-3.78849156527524,60.0000000000008,40,0,0.396233169943135,1.00950659950404,-10.8350008215583,60,0,0,0,0.948186592811111,-12.6143600739899,60,0,0,0,0.99864592965849,-11.7171273661745,59.9999999999985,0,0,0,0.986912899856917
2.25,10.0258822134749,60,201.708058052754,71.2480782529227,2.01812782542025,1.06,-3.78849156527524,60.0000000000008,40,0,0.396233169943135,1.00950659950404,-10.8350008215583,60,0,0,0,0.948186592811111,-12.6143600739899,60,0,0,0,0.99864592965849,-11.7171273661745,59.9999999999985,0,0,0,0.986912899856917
2.26,10.0258822134749,60,201.708058052754,71.2480782529227,2.01812782542025,1.06,-3.78849156527524,60.0000000000008,40,0,0.396233169943135,1.00950659950404,-10.8350008215583,60,0,0,0,0.948186592811111,-12.6143600739899,60,0,0,0,0.99864592965849,-11.7171273661745,59.9999999999985,0,0,0,0.986912899856917
2.27,10.0258822134749,60,201.708058052754,71.2480782529227,2.01812782542025,1.06,-3.78849156527524,60.0000000000008,40,0,0.396233169943135,1.00950659950404,-10.8350008215583,60,0,0,0,0.948186592811111,-12.6143600739899,60,0,0,0,0.99864592965849,-11.7171273661745,59.9999999999985,0,0,0,0.986912899856917
2.28,10.0258822134749,60,201.708058052754,71.2480782529227,2.01812782542025,1.06,-3.78849156527524,60.0000000000008,40,0,0.396233169943135,1.00950659950404,-10.8350008215583,60,0,0,0,0.948186592811111,-12.6143600739899,60,0,0,0,0.99864592965849,-11.7171273661745,59.9999999999985,0,0,0,0.986912899856917
2.29,10.0258822134749,60,201.708058052754,71.2480782529227,2.01812782542025,1.06,-3.78849156527524,60.0000000000008,40,0,0.396233169943135,1.00950659950404,-10.8350008215583,60,0,0,0,0.948186592811111,-12.6143600739899,60,0,0,0,0.99864592965849,-11.7171273661745,59.9999999999985,0,0,0,0.986912899856917
2.3,10.0258822134749,60,201.708058052754,71.2480782529227,2.01812782542025,1.06,-3.78849156527524,60.0000000000008,40,0,0.396233169943135,1.00950659950404,-10.8350008215583,60,0,0,0,0.948186592811111,-12.6143600739899,60,0,0,0,0.99864592965849,-11.7171273661745,59.9999999999985,0,0,0,0.986912899856917
2.31,10.0258822134749,60,201.708058052754,71.2480782529227,2.01812782542025,1.06,-3.78849156527524,60.0000000000008,40,0,0.396233169943135,1.00950659950404,-10.8350008215583,60,0,0,0,0.948186592811111,-12.6143600739899,60,0,0,0,0.99864592965849,-11.7171273661745,59.9999999999985,0,0,0,0.986912899856917
2.32,10.0258822134749,60,201.708058052754,71.2480782529227,2.01812782542025,1.06,-3.78849156527524,60.0000000000008,40,0,0.396233169943135,1.00950659950404,-10.8350008215583,60,0,0,0,0.948186592811111,-12.6143600739899,60,0,0,0,0.99864592965849,-11.7171273661745,59.9999999999985,0,0,0,0.986912899856917
2.33,10.0258822134749,60,201.708058052754,71.2480782529227,2.01812782542025,1.06,-3.78849156527524,60.0000000000008,40,0,0.396233169943135,1.00950659950404,-10.8350008215583,60,0,0,0,0.948186592811111,-12.6143600739899,60,0,0,0,0.99864592965849,-11.7171273661745,59.9999999999985,0,0,0,0.986912899856917
2.34,10.0258822134749,60,201.708058052754,71.2480782529227,2.01812782542025,1.06,-3.78849156527524,60.0000000000008,40,0,0.396233169943135,1.00950659950404,-10.8350008215583,60,0,0,0,0.948186592811111,-12.6143600739899,60,0,0,0,0.99864592965849,-11.7171273661745,59.9999999999985,0,0,0,0.986912899856917
2.35,10.0258822134749,60,201.708058052754,71.2480782529227,2.01812782542025,1.06,-3.78849156527524,60.0000000000008,40,0,0.396233169943135,1.00950659950404,-10.8350008215583,60,0,0,0,0.948186592811111,-12.6143600739899,60,0,0,0,0.99864592965849,-11.7171273661745,59.9999999999985,0,0,0,0.986912899856917
2.36,10.0258822134749,60,201.708058052754,71.2480782529227,2.01812782542025,1.06,-3.78849156527524,60.0000000000008,40,0,0.396233169943135,1.00950659950404,-10.8350008215583,60,0,0,0,0.948186592811111,-12.6143600739899,60,0,0,0,0.99864592965849,-11.7171273661745,59.9999999999985,0,0,0,0.986912899856917
2.37,10.0258822134749,60,201.708058052754,71.2480782529227,2.01812782542025,1.06,-3.78849156527524,60.0000000000008,40,0,0.396233169943135,1.00950659950404,-10.8350008215583,60,0,0,0,0.948186592811111,-12.6143600739899,60,0,0,0,0.99864592965849,-11.7171273661745,59.9999999999985,0,0,0,0.986912899856917
2.38,10.0258822134749,60,201.708058052754,71.2480782529227,2.01812782542025,1.06,-3.78849156527524,60.0000000000008,40,0,0.396233169943135,1.00950659950404,-10.8350008215583,60,0,0,0,0.948186592811111,-12.6143600739899,60,0,0,0,0.99864592965849,-11.7171273661745,59.9999999999985,0,0,0,0.986912899856917
2.39,10.0258822134749,60,201.708058052754,71.2480782529227,2.01812782542025,1.06,-3.78849156527524,60.0000000000008,40,0,0.396233169943135,1.00950659950404,-10.8350008215583,60,0,0,0,0.948186592811111,-12.6143600739899,60,0,0,0,0.99864592965849,-11.7171273661745,59.9999999999985,0,0,0,0.986912899856917
2.4,10.0258822134749,60,201.708058052754,71.2480782529227,2.01812782542025,1.06,-3.78849156527524,60.0000000000008,40,0,0.396233169943135,1.00950659950404,-10.8350008215583,60,0,0,0,0.948186592811111,-12.6143600739899,60,0,0,0,0.99864592965849,-11.7171273661745,59.9999999999985,0,0,0,0.986912899856917
2.41,10.0258822134749,60,201.708058052754,71.2480782529227,2.01812782542025,1.06,-3.78849156527524,60.0000000000008,40,0,0.396233169943135,1.00950659950404,-10.8350008215583,60,0,0,0,0.948186592811111,-12.6143600739899,60,0,0,0,0.99864592965849,-11.7171273661745,59.9999999999985,0,0,0,0.986912899856917
2.42,10.0258822134749,60,201.708058052754,71.2480782529227,2.01812782542025,1.06,-3.78849156527524,60.0000000000008,40,0,0.396233169943135,1.00950659950404,-10.8350008215583,60,0,0,0,0.948186592811111,-12.6143600739899,60,0,0,0,0.99864592965849,-11.7171273661745,59.9999999999985,0,0,0,0.986912899856917
2.43,10.0258822134749,60,201.708058052754,71.2480782529227,2.01812782542025,1.06,-3.78849156527524,60.0000000000008,40,0,0.396233169943135,1.00950659950404,-10.8350008215583,60,0,0,0,0.948186592811111,-12.6143600739899,60,0,0,0,0.99864592965849,-11.7171273661745,59.9999999999985,0,0,0,0.986912899856917
2.44,10.0258822134749,60,201.708058052754,71.2480782529227,2.01812782542025,1.06,-3.78849156527524,60.0000000000008,40,0,0.396233169943135,1.00950659950404,-10.8350008215583,60,0,0,0,0.948186592811111,-12.6143600739899,60,0,0,0,0.99864592965849,-11.7171273661745,59.9999999999985,0,0,0,0.986912899856917
2.45,10.0258822134749,60,201.708058052754,71.2480782529227,2.01812782542025,1.06,-3.78849156527524,60.0000000000008,40,0,0.396233169943135,1.00950659950404,-10.8350008215583,60,0,0,0,0.948186592811111,-12.6143600739899,60,0,0,0,0.99864592965849,-11.7171273661745,59.9999999999985,0,0,0,0.986912899856917
2.46,10.0258822134749,60,201.708058052754,71.2480782529227,2.01812782542025,1.06,-3.78849156527524,60.0000000000008,40,0,0.396233169943135,1.00950659950404,-10.8350008215583,60,0,0,0,0.948186592811111,-12.6143600739899,60,0,0,0,0.99864592965849,-11.7171273661745,59.9999999999985,0,0,0,0.986912899856917
2.47,10.0258822134749,60,201.708058052754,71.2480782529227,2.01812782542025,1.06,-3.78849156527524,60.0000000000008,40,0,0.396233169943135,1.00950659950404,-10.8350008215583,60,0,0,0,0.948186592811111,-12.6143600739899,60,0,0,0,0.99864592965849,-11.7171273661745,59.9999999999985,0,0,0,0.986912899856917
2.48,10.0258822134749,60,201.708058052754,71.2480782529227,2.01812782542025,1.06,-3.78849156527524,60.0000000000008,40,0,0.396233169943135,1.00950659950404,-10.8350008215583,60,0,0,0,0.948186592811111,-12.6143600739899,60,0,0,0,0.99864592965849,-11.7171273661745,59.9999999999985,0,0,0,0.986912899856917
2.49,10.0258822134749,60,201.708058052754,71.2480782529227,2.01812782542025,1.06,-3.78849156527524,60.0000000000008,40,0,0.396233169943135,1.00950659950404,-10.8350008215583,60,0,0,0,0.948186592811111,-12.6143600739899,60,0,0,0,0.99864592965849,-11.7171273661745,59.9999999999985,0,0,0,0.986912899856917
2.5,10.0258822134749,60,201.708058052754,71.2480782529227,2.01812782542025,1.06,-3.78849156527524,60.0000000000008,40,0,0.396233169943135,1.00950659950404,-10.8350008215583,60,0,0,0,0.948186592811111,-12.6143600739899,60,0,0,0,0.99864592965849,-11.7171273661745,59.9999999999985,0,0,0,0.986912899856917
2.51,10.0258822134749,60,201.708058052754,71.2480782529227,2.01812782542025,1.06,-3.78849156527524,60.0000000000008,40,0,0.396233169943135,1.00950659950404,-10.8350008215583,60,0,0,0,0.948186592811111,-12.6143600739899,60,0,0,0,0.99864592965849,-11.7171273661745,59.9999999999985,0,0,0,0.986912899856917
2.52,10.0258822134749,60,201.708058052754,71.2480782529227,2.01812782542025,1.06,-3.78849156527524,60.0000000000008,40,0,0.396233169943135,1.00950659950404,-10.8350008215583,60,0,0,0,0.948186592811111,-12.6143600739899,60,0,0,0,0.99864592965849,-11.7171273661745,59.9999999999985,0,0,0,0.986912899856917
2.53,10.0258822134749,60,201.708058052754,71.2480782529227,2.01812782542025,1.06,-3.78849156527524,60.0000000000008,40,0,0.396233169943135,1.00950659950404,-10.8350008215583,60,0,0,0,0.948186592811111,-12.6143600739899,60,0,0,0,0.99864592965849,-11.7171273661745,59.9999999999985,0,0,0,0.986912899856917
2.54,10.0258822134749,60,201.708058052754,71.2480782529227,2.01812782542025,1.06,-3.78849156527524,60.0000000000008,40,0,0.396233169943135,1.00950659950404,-10.8350008215583,60,0,0,0,0.948186592811111,-12.6143600739899,60,0,0,0,0.99864592965849,-11.7171273661745,59.9999999999985,0,0,0,0.986912899856917
2.55,10.0258822134749,60,201.708058052754,71.2480782529227,2.01812782542025,1.06,-3.78849156527524,60.0000000000008,40,0,0.396233169943135,1.00950659950404,-10.8350008215583,60,0,0,0,0.948186592811111,-12.6143600739899,60,0,0,0,0.99864592965849,-11.7171273661745,59.9999999999985,0,0,0,0.986912899856917
2.56,10.0258822134749,60,201.708058052754,71.2480782529227,2.01812782542025,1.06,-3.78849156527524,60.0000000000008,40,0,0.396233169943135,1.00950659950404,-10.8350008215583,60,0,0,0,0.948186592811111,-12.6143600739899,60,0,0,0,0.99864592965849,-11.7171273661745,59.9999999999985,0,0,0,0.986912899856917
2.57,10.0258822134749,60,201.708058052754,71.2480782529227,2.01812782542025,1.06,-3.78849156527524,60.0000000000008,40,0,0.396233169943135,1.00950659950404,-10.8350008215583,60,0,0,0,0.948186592811111,-12.6143600739899,60,0,0,0,0.99864592965849,-11.7171273661745,59.9999999999985,0,0,0,0.986912899856917
2.58,10.0258822134749,60,201.708058052754,71.2480782529227,2.01812782542025,1.06,-3.78849156527524,60.0000000000008,40,0,0.396233169943135,1.00950659950404,-10.8350008215583,60,0,0,0,0.948186592811111,-12.6143600739899,60,0,0,0,0.99864592965849,-11.7171273661745,59.9999999999985,0,0,0,0.986912899856917
2.59,10.0258822134749,60,201.708058052754,71.2480782529227,2.01812782542025,1.06,-3.78849156527524,60.0000000000008,40,0,0.396233169943135,1.00950659950404,-10.8350008215583,60,0,0,0,0.948186592811111,-12.6143600739899,60,0,0,0,0.99864592965849,-11.7171273661745,59.9999999999985,0,0,0,0.986912899856917
2.6,10.0258822134749,60,201.708058052754,71.2480782529227,2.01812782542025,1.06,-3.78849156527524,60.0000000000008,40,0,0.396233169943135,1.00950659950404,-10.8350008215583,60,0,0,0,0.948186592811111,-12.6143600739899,60,0,0,0,0.99864592965849,-11.7171273661745,59.9999999999985,0,0,0,0.986912899856917
2.61,10.0258822134749,60,201.708058052754,71.2480782529227,2.01812782542025,1.06,-3.78849156527524,60.0000000000008,40,0,0.396233169943135,1.00950659950404,-10.8350008215583,60,0,0,0,0.948186592811111,-12.6143600739899,60,0,0,0,0.99864592965849,-11.7171273661745,59.9999999999985,0,0,0,0.986912899856917
2.62,10.0258822134749,60,201.708058052754,71.2480782529227,2.01812782542025,1.06,-3.78849156527524,60.0000000000008,40,0,0.396233169943135,1.00950659950404,-10.8350008215583,60,0,0,0,0.948186592811111,-12.6143600739899,60,0,0,0,0.99864592965849,-11.7171273661745,59.9999999999985,0,0,0,0.986912899856917
2.63,10.0258822134749,60,201.708058052754,71.2480782529227,2.01812782542025,1.06,-3.78849156527524,60.0000000000008,40,0,0.396233169943135,1.00950659950404,-10.8350008215583,60,0,0,0,0.948186592811111,-12.6143600739899,60,0,0,0,0.99864592965849,-11.7171273661745,59.9999999999985,0,0,0,0.986912899856917
2.64,10.0258822134749,60,201.708058052754,71.2480782529227,2.01812782542025,1.06,-3.78849156527524,60.0000000000008,40,0,0.396233169943135,1.00950659950404,-10.8350008215583,60,0,0,0,0.948186592811111,-12.6143600739899,60,0,0,0,0.99864592965849,-11.7171273661745,59.9999999999985,0,0,0,0.986912899856917
2.65,10.0258822134749,60,201.708058052754,71.2480782529227,2.01812782542025,1.06,-3.78849156527524,60.0000000000008,40,0,0.396233169943135,1.00950659950404,-10.8350008215583,60,0,0,0,0.948186592811111,-12.6143600739899,60,0,0,0,0.99864592965849,-11.7171273661745,59.9999999999985,0,0,0,0.986912899856917
2.66,10.0258822134749,60,201.708058052754,71.2480782529227,2.01812782542025,1.06,-3.78849156527524,60.0000000000008,40,0,0.396233169943135,1.00950659950404,-10.8350008215583,60,0,0,0,0.948186592811111,-12.6143600739899,60,0,0,0,0.99864592965849,-11.7171273661745,59.9999999999985,0,0,0,0.986912899856917
2.67,10.0258822134749,60,201.708058052754,71.2480782529227,2.01812782542025,1.06,-3.78849156527524,60.0000000000008,40,0,0.396233169943135,1.00950659950404,-10.8350008215583,60,0,0,0,0.948186592811111,-12.6143600739899,60,0,0,0,0.99864592965849,-11.7171273661745,59.9999999999985,0,0,0,0.986912899856917
2.68,10.0258822134749,60,201.708058052754,71.2480782529227,2.01812782542025,1.06,-3.78849156527524,60.0000000000008,40,0,0.396233169943135,1.00950659950404,-10.8350008215583,60,0,0,0,0.948186592811111,-12.6143600739899,60,0,0,0,0.99864592965849,-11.7171273661745,59.9999999999985,0,0,0,0.986912899856917
2.69,10.0258822134749,60,201.708058052754,71.2480782529227,2.01812782542025,1.06,-3.78849156527524,60.0000000000008,40,0,0.396233169943135,1.00950659950404,-10.8350008215583,60,0,0,0,0.948186592811111,-12.6143600739899,60,0,0,0,0.99864592965849,-11.7171273661745,59.9999999999985,0,0,0,0.986912899856917
2.7,10.0258822134749,60,201.708058052754,71.2480782529227,2.01812782542025,1.06,-3.78849156527524,60.0000000000008,40,0,0.396233169943135,1.00950659950404,-10.8350008215583,60,0,0,0,0.948186592811111,-12.6143600739899,60,0,0,0,0.99864592965849,-11.7171273661745,59.9999999999985,0,0,0,0.986912899856917
2.71,10.0258822134749,60,201.708058052754,71.2480782529227,2.01812782542025,1.06,-3.78849156527524,60.0000000000008,40,0,0.396233169943135,1.00950659950404,-10.8350008215583,60,0,0,0,0.948186592811111,-12.6143600739899,60,0,0,0,0.99864592965849,-11.7171273661745,59.9999999999985,0,0,0,0.986912899856917
2.72,10.0258822134749,60,201.708058052754,71.2480782529227,2.01812782542025,1.06,-3.78849156527524,60.0000000000008,40,0,0.396233169943135,1.00950659950404,-10.8350008215583,60,0,0,0,0.948186592811111,-12.6143600739899,60,0,0,0,0.99864592965849,-11.7171273661745,59.9999999999985,0,0,0,0.986912899856917
2.73,10.0258822134749,60,201.708058052754,71.2480782529227,2.01812782542025,1.06,-3.78849156527524,60.0000000000008,40,0,0.396233169943135,1.00950659950404,-10.8350008215583,60,0,0,0,0.948186592811111,-12.6143600739899,60,0,0,0,0.99864592965849,-11.7171273661745,59.9999999999985,0,0,0,0.986912899856917
2.74,10.0258822134749,60,201.708058052754,71.2480782529227,2.01812782542025,1.06,-3.78849156527524,60.0000000000008,40,0,0.396233169943135,1.00950659950404,-10.8350008215583,60,0,0,0,0.948186592811111,-12.6143600739899,60,0,0,0,0.99864592965849,-11.7171273661745,59.9999999999985,0,0,0,0.986912899856917
2.75,10.0258822134749,60,201.708058052754,71.2480782529227,2.01812782542025,1.06,-3.78849156527524,60.0000000000008,40,0,0.396233169943135,1.00950659950404,-10.8350008215583,60,0,0,0,0.948186592811111,-12.6143600739899,60,0,0,0,0.99864592965849,-11.7171273661745,59.9999999999985,0,0,0,0.986912899856917
2.76,10.0258822134749,60,201.708058052754,71.2480782529227,2.01812782542025,1.06,-3.78849156527524,60.0000000000008,40,0,0.396233169943135,1.00950659950404,-10.8350008215583,60,0,0,0,0.948186592811111,-12.6143600739899,60,0,0,0,0.99864592965849,-11.7171273661745,59.9999999999985,0,0,0,0.986912899856917
2.77,10.0258822134749,60,201.708058052754,71.2480782529227,2.01812782542025,1.06,-3.78849156527524,60.0000000000008,40,0,0.396233169943135,1.00950659950404,-10.8350008215583,60,0,0,0,0.948186592811111,-12.6143600739899,60,0,0,0,0.99864592965849,-11.7171273661745,59.9999999999985,0,0,0,0.986912899856917
2.78,10.0258822134749,60,201.708058052754,71.2480782529227,2.01812782542025,1.06,-3.78849156527524,60.0000000000008,40,0,0.396233169943135,1.00950659950404,-10.8350008215583,60,0,0,0,0.948186592811111,-12.6143600739899,60,0,0,0,0.99864592965849,-11.7171273661745,59.9999999999985,0,0,0,0.986912899856917
2.79,10.0258822134749,60,201.708058052754,71.2480782529227,2.01812782542025,1.06,-3.78849156527524,60.0000000000008,40,0,0.396233169943135,1.00950659950404,-10.8350008215583,60,0,0,0,0.948186592811111,-12.6143600739899,60,0,0,0,0.99864592965849,-11.7171273661745,59.9999999999985,0,0,0,0.986912899856917
2.8,10.0258822134749,60,201.708058052754,71.2480782529227,2.01812782542025,1.06,-3.78849156527524,60.0000000000008,40,0,0.396233169943135,1.00950659950404,-10.8350008215583,60,0,0,0,0.948186592811111,-12.6143600739899,60,0,0,0,0.99864592965849,-11.7171273661745,59.9999999999985,0,0,0,0.986912899856917
2.81,10.0258822134749,60,201.708058052754,71.2480782529227,2.01812782542025,1.06,-3.78849156527524,60.0000000000008,40,0,0.396233169943135,1.00950659950404,-10.8350008215583,60,0,0,0,0.948186592811111,-12.6143600739899,60,0,0,0,0.99864592965849,-11.7171273661745,59.9999999999985,0,0,0,0.986912899856917
2.82,10.0258822134749,60,201.708058052754,71.2480782529227,2.01812782542025,1.06,-3.78849156527524,60.0000000000008,40,0,0.396233169943135,1.00950659950404,-10.8350008215583,60,0,0,0,0.948186592811111,-12.6143600739899,60,0,0,0,0.99864592965849,-11.7171273661745,59.9999999999985,0,0,0,0.986912899856917
2.83,10.0258822134749,60,201.708058052754,71.2480782529227,2.01812782542025,1.06,-3.78849156527524,60.0000000000008,40,0,0.396233169943135,1.00950659950404,-10.8350008215583,60,0,0,0,0.948186592811111,-12.6143600739899,60,0,0,0,0.99864592965849,-11.7171273661745,59.9999999999985,0,0,0,0.986912899856917
2.84,10.0258822134749,60,201.708058052754,71.2480782529227,2.01812782542025,1.06,-3.78849156527524,60.0000000000008,40,0,0.396233169943135,1.00950659950404,-10.8350008215583,60,0,0,0,0.948186592811111,-12.6143600739899,60,0,0,0,0.99864592965849,-11.7171273661745,59.9999999999985,0,0,0,0.986912899856917
2.85,10.0258822134749,60,201.708058052754,71.2480782529227,2.01812782542025,1.06,-3.78849156527524,60.0000000000008,40,0,0.396233169943135,1.00950659950404,-10.8350008215583,60,0,0,0,0.948186592811111,-12.6143600739899,60,0,0,0,0.99864592965849,-11.7171273661745,59.9999999999985,0,0,0,0.986912899856917
2.86,10.0258822134749,60,201.708058052754,71.2480782529227,2.01812782542025,1.06,-3.78849156527524,60.0000000000008,40,0,0.396233169943135,1.00950659950404,-10.8350008215583,60,0,0,0,0.948186592811111,-12.6143600739899,60,0,0,0,0.99864592965849,-11.7171273661745,59.9999999999985,0,0,0,0.986912899856917
2.87,10.0258822134749,60,201.708058052754,71.2480782529227,2.01812782542025,1.06,-3.78849156527524,60.0000000000008,40,0,0.396233169943135,1.00950659950404,-10.8350008215583,60,0,0,0,0.948186592811111,-12.6143600739899,60,0,0,0,0.99864592965849,-11.7171273661745,59.9999999999985,0,0,0,0.986912899856917
2.88,10.0258822134749,60,201.708058052754,71.2480782529227,2.01812782542025,1.06,-3.78849156527524,60.0000000000008,40,0,0.396233169943135,1.00950659950404,-10.8350008215583,60,0,0,0,0.948186592811111,-12.6143600739899,60,0,0,0,0.99864592965849,-11.7171273661745,59.9999999999985,0,0,0,0.986912899856917
2.89,10.0258822134749,60,201.708058052754,71.2480782529227,2.01812782542025,1.06,-3.78849156527524,60.0000000000008,40,0,0.396233169943135,1.00950659950404,-10.8350008215583,60,0,0,0,0.948186592811111,-12.6143600739899,60,0,0,0,0.99864592965849,-11.7171273661745,59.9999999999985,0,0,0,0.986912899856917
2.9,10.0258822134749,60,201.708058052754,71.2480782529227,2.01812782542025,1.06,-3.78849156527524,60.0000000000008,40,0,0.396233169943135,1.00950659950404,-10.8350008215583,60,0,0,0,0.948186592811111,-12.6143600739899,60,0,0,0,0.99864592965849,-11.7171273661745,59.9999999999985,0,0,0,0.986912899856917
2.91,10.0258822134749,60,201.708058052754,71.2480782529227,2.01812782542025,1.06,-3.78849156527524,60.0000000000008,40,0,0.396233169943135,1.00950659950404,-10.8350008215583,60,0,0,0,0.948186592811111,-12.6143600739899,60,0,0,0,0.99864592965849,-11.7171273661745,59.9999999999985,0,0,0,0.986912899856917
2.92,10.0258822134749,60,201.708058052754,71.2480782529227,2.01812782542025,1.06,-3.78849156527524,60.0000000000008,40,0,0.396233169943135,1.00950659950404,-10.8350008215583,60,0,0,0,0.948186592811111,-12.6143600739899,60,0,0,0,0.99864592965849,-11.7171273661745,59.9999999999985,0,0,0,0.986912899856917
2.93,10.0258822134749,60,201.708058052754,71.2480782529227,2.01812782542025,1.06,-3.78849156527524,60.0000000000008,40,0,0.396233169943135,1.00950659950404,-10.8350008215583,60,0,0,0,0.948186592811111,-12.6143600739899,60,0,0,0,0.99864592965849,-11.7171273661745,59.9999999999985,0,0,0,0.986912899856917
2.94,10.0258822134749,60,201.708058052754,71.2480782529227,2.01812782542025,1.06,-3.78849156527524,60.0000000000008,40,0,0.396233169943135,1.00950659950404,-10.8350008215583,60,0,0,0,0.948186592811111,-12.6143600739899,60,0,0,0,0.99864592965849,-11.7171273661745,59.9999999999985,0,0,0,0.986912899856917
2.95,10.0258822134749,60,201.708058052754,71.2480782529227,2.01812782542025,1.06,-3.78849156527524,60.0000000000008,40,0,0.396233169943135,1.00950659950404,-10.8350008215583,60,0,0,0,0.948186592811111,-12.6143600739899,60,0,0,0,0.99864592965849,-11.7171273661745,59.9999999999985,0,0,0,0.986912899856917
2.96,10.0258822134749,60,201.708058052754,71.2480782529227,2.01812782542025,1.06,-3.78849156527524,60.0000000000008,40,0,0.396233169943135,1.00950659950404,-10.8350008215583,60,0,0,0,0.948186592811111,-12.6143600739899,60,0,0,0,0.99864592965849,-11.7171273661745,59.9999999999985,0,0,0,0.986912899856917
2.97,10.0258822134749,60,201.708058052754,71.2480782529227,2.01812782542025,1.06,-3.78849156527524,60.0000000000008,40,0,0.396233169943135,1.00950659950404,-10.8350008215583,60,0,0,0,0.948186592811111,-12.6143600739899,60,0,0,0,0.99864592965849,-11.7171273661745,59.9999999999985,0,0,0,0.986912899856917
2.98,10.0258822134749,60,201.708058052754,71.2480782529227,2.01812782542025,1.06,-3.78849156527524,60.0000000000008,40,0,0.396233169943135,1.00950659950404,-10.8350008215583,60,0,0,0,0.948186592811111,-12.6143600739899,60,0,0,0,0.99864592965849,-11.7171273661745,59.9999999999985,0,0,0,0.986912899856917
2.99,10.0258822134749,60,201.708058052754,71.2480782529227,2.01812782542025,1.06,-3.78849156527524,60.0000000000008,40,0,0.396233169943135,1.00950659950404,-10.8350008215583,60,0,0,0,0.948186592811111,-12.6143600739899,60,0,0,0,0.99864592965849,-11.7171273661745,59.9999999999985,0,0,0,0.986912899856917
3,10.0258822134749,60,201.708058052754,71.2480782529227,2.01812782542025,1.06,-3.78849156527524,60.0000000000008,40,0,0.396233169943135,1.00950659950404,-10.8350008215583,60,0,0,0,0.948186592811111,-12.6143600739899,60,0,0,0,0.99864592965849,-11.7171273661745,59.9999999999985,0,0,0,0.986912899856917
3.01,10.0258822134749,60,201.708058052754,71.2480782529227,2.01812782542025,1.06,-3.78849156527524,60.0000000000008,40,0,0.396233169943135,1.00950659950404,-10.8350008215583,60,0,0,0,0.948186592811111,-12.6143600739899,60,0,0,0,0.99864592965849,-11.7171273661745,59.9999999999985,0,0,0,0.986912899856917
3.02,10.0258822134749,60,201.708058052754,71.2480782529227,2.01812782542025,1.06,-3.78849156527524,60.0000000000008,40,0,0.396233169943135,1.00950659950404,-10.8350008215583,60,0,0,0,0.948186592811111,-12.6143600739899,60,0,0,0,0.99864592965849,-11.7171273661745,59.9999999999985,0,0,0,0.986912899856917
3.03,10.0258822134749,60,201.708058052754,71.2480782529227,2.01812782542025,1.06,-3.78849156527524,60.0000000000008,40,0,0.396233169943135,1.00950659950404,-10.8350008215583,60,0,0,0,0.948186592811111,-12.6143600739899,60,0,0,0,0.99864592965849,-11.7171273661745,59.9999999999985,0,0,0,0.986912899856917
3.04,10.0258822134749,60,201.708058052754,71.2480782529227,2.01812782542025,1.06,-3.78849156527524,60.0000000000008,40,0,0.396233169943135,1.00950659950404,-10.8350008215583,60,0,0,0,0.948186592811111,-12.6143600739899,60,0,0,0,0.99864592965849,-11.7171273661745,59.9999999999985,0,0,0,0.986912899856917
3.05,10.0258822134749,60,201.708058052754,71.2480782529227,2.01812782542025,1.06,-3.78849156527524,60.0000000000008,40,0,0.396233169943135,1.00950659950404,-10.8350008215583,60,0,0,0,0.948186592811111,-12.6143600739899,60,0,0,0,0.99864592965849,-11.7171273661745,59.9999999999985,0,0,0,0.986912899856917
3.06,10.0258822134749,60,201.708058052754,71.2480782529227,2.01812782542025,1.06,-3.78849156527524,60.0000000000008,40,0,0.396233169943135,1.00950659950404,-10.8350008215583,60,0,0,0,0.948186592811111,-12.6143600739899,60,0,0,0,0.99864592965849,-11.7171273661745,59.9999999999985,0,0,0,0.986912899856917
3.07,10.0258822134749,60,201.708058052754,71.2480782529227,2.01812782542025,1.06,-3.78849156527524,60.0000000000008,40,0,0.396233169943135,1.00950659950404,-10.8350008215583,60,0,0,0,0.948186592811111,-12.6143600739899,60,0,0,0,0.99864592965849,-11.7171273661745,59.9999999999985,0,0,0,0.986912899856917
3.08,10.0258822134749,60,201.708058052754,71.2480782529227,2.01812782542025,1.06,-3.78849156527524,60.0000000000008,40,0,0.396233169943135,1.00950659950404,-10.8350008215583,60,0,0,0,0.948186592811111,-12.6143600739899,60,0,0,0,0.99864592965849,-11.7171273661745,59.9999999999985,0,0,0,0.986912899856917
3.09,10.0258822134749,60,201.708058052754,71.2480782529227,2.01812782542025,1.06,-3.78849156527524,60.0000000000008,40,0,0.396233169943135,1.00950659950404,-10.8350008215583,60,0,0,0,0.948186592811111,-12.6143600739899,60,0,0,0,0.99864592965849,-11.7171273661745,59.9999999999985,0,0,0,0.986912899856917
3.1,10.0258822134749,60,201.708058052754,71.2480782529227,2.01812782542025,1.06,-3.78849156527524,60.0000000000008,40,0,0.396233169943135,1.00950659950404,-10.8350008215583,60,0,0,0,0.948186592811111,-12.6143600739899,60,0,0,0,0.99864592965849,-11.7171273661745,59.9999999999985,0,0,0,0.986912899856917
3.11,10.0258822134749,60,201.708058052754,71.2480782529227,2.01812782542025,1.06,-3.78849156527524,60.0000000000008,40,0,0.396233169943135,1.00950659950404,-10.8350008215583,60,0,0,0,0.948186592811111,-12.6143600739899,60,0,0,0,0.99864592965849,-11.7171273661745,59.9999999999985,0,0,0,0.986912899856917
3.12,10.0258822134749,60,201.708058052754,71.2480782529227,2.01812782542025,1.06,-3.78849156527524,60.0000000000008,40,0,0.396233169943135,1.00950659950404,-10.8350008215583,60,0,0,0,0.948186592811111,-12.6143600739899,60,0,0,0,0.99864592965849,-11.7171273661745,59.9999999999985,0,0,0,0.986912899856917
3.13,10.0258822134749,60,201.708058052754,71.2480782529227,2.01812782542025,1.06,-3.78849156527524,60.0000000000008,40,0,0.396233169943135,1.00950659950404,-10.8350008215583,60,0,0,0,0.948186592811111,-12.6143600739899,60,0,0,0,0.99864592965849,-11.7171273661745,59.9999999999985,0,0,0,0.986912899856917
3.14,10.0258822134749,60,201.708058052754,71.2480782529227,2.01812782542025,1.06,-3.78849156527524,60.0000000000008,40,0,0.396233169943135,1.00950659950404,-10.8350008215583,60,0,0,0,0.948186592811111,-12.6143600739899,60,0,0,0,0.99864592965849,-11.7171273661745,59.9999999999985,0,0,0,0.986912899856917
3.15,10.0258822134749,60,201.708058052754,71.2480782529227,2.01812782542025,1.06,-3.78849156527524,60.0000000000008,40,0,0.396233169943135,1.00950659950404,-10.8350008215583,60,0,0,0,0.948186592811111,-12.6143600739899,60,0,0,0,0.99864592965849,-11.7171273661745,59.9999999999985,0,0,0,0.986912899856917
3.16,10.0258822134749,60,201.708058052754,71.2480782529227,2.01812782542025,1.06,-3.78849156527524,60.0000000000008,40,0,0.396233169943135,1.00950659950404,-10.8350008215583,60,0,0,0,0.948186592811111,-12.6143600739899,60,0,0,0,0.99864592965849,-11.7171273661745,59.9999999999985,0,0,0,0.986912899856917
3.17,10.0258822134749,60,201.708058052754,71.2480782529227,2.01812782542025,1.06,-3.78849156527524,60.0000000000008,40,0,0.396233169943135,1.00950659950404,-10.8350008215583,60,0,0,0,0.948186592811111,-12.6143600739899,60,0,0,0,0.99864592965849,-11.7171273661745,59.9999999999985,0,0,0,0.986912899856917
3.18,10.0258822134749,60,201.708058052754,71.2480782529227,2.01812782542025,1.06,-3.78849156527524,60.0000000000008,40,0,0.396233169943135,1.00950659950404,-10.8350008215583,60,0,0,0,0.948186592811111,-12.6143600739899,60,0,0,0,0.99864592965849,-11.7171273661745,59.9999999999985,0,0,0,0.986912899856917
3.19,10.0258822134749,60,201.708058052754,71.2480782529227,2.01812782542025,1.06,-3.78849156527524,60.0000000000008,40,0,0.396233169943135,1.00950659950404,-10.8350008215583,60,0,0,0,0.948186592811111,-12.6143600739899,60,0,0,0,0.99864592965849,-11.7171273661745,59.9999999999985,0,0,0,0.986912899856917
3.2,10.0258822134749,60,201.708058052754,71.2480782529227,2.01812782542025,1.06,-3.78849156527524,60.0000000000008,40,0,0.396233169943135,1.00950659950404,-10.8350008215583,60,0,0,0,0.948186592811111,-12.6143600739899,60,0,0,0,0.99864592965849,-11.7171273661745,59.9999999999985,0,0,0,0.986912899856917
3.21,10.0258822134749,60,201.708058052754,71.2480782529227,2.01812782542025,1.06,-3.78849156527524,60.0000000000008,40,0,0.396233169943135,1.00950659950404,-10.8350008215583,60,0,0,0,0.948186592811111,-12.6143600739899,60,0,0,0,0.99864592965849,-11.7171273661745,59.9999999999985,0,0,0,0.986912899856917
3.22,10.0258822134749,60,201.708058052754,71.2480782529227,2.01812782542025,1.06,-3.78849156527524,60.0000000000008,40,0,0.396233169943135,1.00950659950404,-10.8350008215583,60,0,0,0,0.948186592811111,-12.6143600739899,60,0,0,0,0.99864592965849,-11.7171273661745,59.9999999999985,0,0,0,0.986912899856917
3.23,10.0258822134749,60,201.708058052754,71.2480782529227,2.01812782542025,1.06,-3.78849156527524,60.0000000000008,40,0,0.396233169943135,1.00950659950404,-10.8350008215583,60,0,0,0,0.948186592811111,-12.6143600739899,60,0,0,0,0.99864592965849,-11.7171273661745,59.9999999999985,0,0,0,0.986912899856917
3.24,10.0258822134749,60,201.708058052754,71.2480782529227,2.01812782542025,1.06,-3.78849156527524,60.0000000000008,40,0,0.396233169943135,1.00950659950404,-10.8350008215583,60,0,0,0,0.948186592811111,-12.6143600739899,60,0,0,0,0.99864592965849,-11.7171273661745,59.9999999999985,0,0,0,0.986912899856917
3.25,10.0258822134749,60,201.708058052754,71.2480782529227,2.01812782542025,1.06,-3.78849156527524,60.0000000000008,40,0,0.396233169943135,1.00950659950404,-10.8350008215583,60,0,0,0,0.948186592811111,-12.6143600739899,60,0,0,0,0.99864592965849,-11.7171273661745,59.9999999999985,0,0,0,0.986912899856917
3.26,10.0258822134749,60,201.708058052754,71.2480782529227,2.01812782542025,1.06,-3.78849156527524,60.0000000000008,40,0,0.396233169943135,1.00950659950404,-10.8350008215583,60,0,0,0,0.948186592811111,-12.6143600739899,60,0,0,0,0.99864592965849,-11.7171273661745,59.9999999999985,0,0,0,0.986912899856917
3.27,10.0258822134749,60,201.708058052754,71.2480782529227,2.01812782542025,1.06,-3.78849156527524,60.0000000000008,40,0,0.396233169943135,1.00950659950404,-10.8350008215583,60,0,0,0,0.948186592811111,-12.6143600739899,60,0,0,0,0.99864592965849,-11.7171273661745,59.9999999999985,0,0,0,0.986912899856917
3.28,10.0258822134749,60,201.708058052754,71.2480782529227,2.01812782542025,1.06,-3.78849156527524,60.0000000000008,40,0,0.396233169943135,1.00950659950404,-10.8350008215583,60,0,0,0,0.948186592811111,-12.6143600739899,60,0,0,0,0.99864592965849,-11.7171273661745,59.9999999999985,0,0,0,0.986912899856917
3.29,10.0258822134749,60,201.708058052754,71.2480782529227,2.01812782542025,1.06,-3.78849156527524,60.0000000000008,40,0,0.396233169943135,1.00950659950404,-10.8350008215583,60,0,0,0,0.948186592811111,-12.6143600739899,60,0,0,0,0.99864592965849,-11.7171273661745,59.9999999999985,0,0,0,0.986912899856917
3.3,10.0258822134749,60,201.708058052754,71.2480782529227,2.01812782542025,1.06,-3.78849156527524,60.0000000000008,40,0,0.396233169943135,1.00950659950404,-10.8350008215583,60,0,0,0,0.948186592811111,-12.6143600739899,60,0,0,0,0.99864592965849,-11.7171273661745,59.9999999999985,0,0,0,0.986912899856917
3.31,10.0258822134749,60,201.708058052754,71.2480782529227,2.01812782542025,1.06,-3.78849156527524,60.0000000000008,40,0,0.396233169943135,1.00950659950404,-10.8350008215583,60,0,0,0,0.948186592811111,-12.6143600739899,60,0,0,0,0.99864592965849,-11.7171273661745,59.9999999999985,0,0,0,0.986912899856917
3.32,10.0258822134749,60,201.708058052754,71.2480782529227,2.01812782542025,1.06,-3.78849156527524,60.0000000000008,40,0,0.396233169943135,1.00950659950404,-10.8350008215583,60,0,0,0,0.948186592811111,-12.6143600739899,60,0,0,0,0.99864592965849,-11.7171273661745,59.9999999999985,0,0,0,0.986912899856917
3.33,10.0258822134749,60,201.708058052754,71.2480782529227,2.01812782542025,1.06,-3.78849156527524,60.0000000000008,40,0,0.396233169943135,1.00950659950404,-10.8350008215583,60,0,0,0,0.948186592811111,-12.6143600739899,60,0,0,0,0.99864592965849,-11.7171273661745,59.9999999999985,0,0,0,0.986912899856917
3.34,10.0258822134749,60,201.708058052754,71.2480782529227,2.01812782542025,1.06,-3.78849156527524,60.0000000000008,40,0,0.396233169943135,1.00950659950404,-10.8350008215583,60,0,0,0,0.948186592811111,-12.6143600739899,60,0,0,0,0.99864592965849,-11.7171273661745,59.9999999999985,0,0,0,0.986912899856917
3.35,10.0258822134749,60,201.708058052754,71.2480782529227,2.01812782542025,1.06,-3.78849156527524,60.0000000000008,40,0,0.396233169943135,1.00950659950404,-10.8350008215583,60,0,0,0,0.948186592811111,-12.6143600739899,60,0,0,0,0.99864592965849,-11.7171273661745,59.9999999999985,0,0,0,0.986912899856917
3.36,10.0258822134749,60,201.708058052754,71.2480782529227,2.01812782542025,1.06,-3.78849156527524,60.0000000000008,40,0,0.396233169943135,1.00950659950404,-10.8350008215583,60,0,0,0,0.948186592811111,-12.6143600739899,60,0,0,0,0.99864592965849,-11.7171273661745,59.9999999999985,0,0,0,0.986912899856917
3.37,10.0258822134749,60,201.708058052754,71.2480782529227,2.01812782542025,1.06,-3.78849156527524,60.0000000000008,40,0,0.396233169943135,1.00950659950404,-10.8350008215583,60,0,0,0,0.948186592811111,-12.6143600739899,60,0,0,0,0.99864592965849,-11.7171273661745,59.9999999999985,0,0,0,0.986912899856917
3.38,10.0258822134749,60,201.708058052754,71.2480782529227,2.01812782542025,1.06,-3.78849156527524,60.0000000000008,40,0,0.396233169943135,1.00950659950404,-10.8350008215583,60,0,0,0,0.948186592811111,-12.6143600739899,60,0,0,0,0.99864592965849,-11.7171273661745,59.9999999999985,0,0,0,0.986912899856917
3.39,10.0258822134749,60,201.708058052754,71.2480782529227,2.01812782542025,1.06,-3.78849156527524,60.0000000000008,40,0,0.396233169943135,1.00950659950404,-10.8350008215583,60,0,0,0,0.948186592811111,-12.6143600739899,60,0,0,0,0.99864592965849,-11.7171273661745,59.9999999999985,0,0,0,0.986912899856917
3.4,10.0258822134749,60,201.708058052754,71.2480782529227,2.01812782542025,1.06,-3.78849156527524,60.0000000000008,40,0,0.396233169943135,1.00950659950404,-10.8350008215583,60,0,0,0,0.948186592811111,-12.6143600739899,60,0,0,0,0.99864592965849,-11.7171273661745,59.9999999999985,0,0,0,0.986912899856917
3.41,10.0258822134749,60,201.708058052754,71.2480782529227,2.01812782542025,1.06,-3.78849156527524,60.0000000000008,40,0,0.396233169943135,1.00950659950404,-10.8350008215583,60,0,0,0,0.948186592811111,-12.6143600739899,60,0,0,0,0.99864592965849,-11.7171273661745,59.9999999999985,0,0,0,0.986912899856917
3.42,10.0258822134749,60,201.708058052754,71.2480782529227,2.01812782542025,1.06,-3.78849156527524,60.0000000000008,40,0,0.396233169943135,1.00950659950404,-10.8350008215583,60,0,0,0,0.948186592811111,-12.6143600739899,60,0,0,0,0.99864592965849,-11.7171273661745,59.9999999999985,0,0,0,0.986912899856917
3.43,10.0258822134749,60,201.708058052754,71.2480782529227,2.01812782542025,1.06,-3.78849156527524,60.0000000000008,40,0,0.396233169943135,1.00950659950404,-10.8350008215583,60,0,0,0,0.948186592811111,-12.6143600739899,60,0,0,0,0.99864592965849,-11.7171273661745,59.9999999999985,0,0,0,0.986912899856917
3.44,10.0258822134749,60,201.708058052754,71.2480782529227,2.01812782542025,1.06,-3.78849156527524,60.0000000000008,40,0,0.396233169943135,1.00950659950404,-10.8350008215583,60,0,0,0,0.948186592811111,-12.6143600739899,60,0,0,0,0.99864592965849,-11.7171273661745,59.9999999999985,0,0,0,0.986912899856917
3.45,10.0258822134749,60,201.708058052754,71.2480782529227,2.01812782542025,1.06,-3.78849156527524,60.0000000000008,40,0,0.396233169943135,1.00950659950404,-10.8350008215583,60,0,0,0,0.948186592811111,-12.6143600739899,60,0,0,0,0.99864592965849,-11.7171273661745,59.9999999999985,0,0,0,0.986912899856917
3.46,10.0258822134749,60,201.708058052754,71.2480782529227,2.01812782542025,1.06,-3.78849156527524,60.0000000000008,40,0,0.396233169943135,1.00950659950404,-10.8350008215583,60,0,0,0,0.948186592811111,-12.6143600739899,60,0,0,0,0.99864592965849,-11.7171273661745,59.9999999999985,0,0,0,0.986912899856917
3.47,10.0258822134749,60,201.708058052754,71.2480782529227,2.01812782542025,1.06,-3.78849156527524,60.0000000000008,40,0,0.396233169943135,1.00950659950404,-10.8350008215583,60,0,0,0,0.948186592811111,-12.6143600739899,60,0,0,0,0.99864592965849,-11.7171273661745,59.9999999999985,0,0,0,0.986912899856917
3.48,10.0258822134749,60,201.708058052754,71.2480782529227,2.01812782542025,1.06,-3.78849156527524,60.0000000000008,40,0,0.396233169943135,1.00950659950404,-10.8350008215583,60,0,0,0,0.948186592811111,-12.6143600739899,60,0,0,0,0.99864592965849,-11.7171273661745,59.9999999999985,0,0,0,0.986912899856917
3.49,10.0258822134749,60,201.708058052754,71.2480782529227,2.01812782542025,1.06,-3.78849156527524,60.0000000000008,40,0,0.396233169943135,1.00950659950404,-10.8350008215583,60,0,0,0,0.948186592811111,-12.6143600739899,60,0,0,0,0.99864592965849,-11.7171273661745,59.9999999999985,0,0,0,0.986912899856917
3.5,10.0258822134749,60,201.708058052754,71.2480782529227,2.01812782542025,1.06,-3.78849156527524,60.0000000000008,40,0,0.396233169943135,1.00950659950404,-10.8350008215583,60,0,0,0,0.948186592811111,-12.6143600739899,60,0,0,0,0.99864592965849,-11.7171273661745,59.9999999999985,0,0,0,0.986912899856917
3.51,10.0258822134749,60,201.708058052754,71.2480782529227,2.01812782542025,1.06,-3.78849156527524,60.0000000000008,40,0,0.396233169943135,1.00950659950404,-10.8350008215583,60,0,0,0,0.948186592811111,-12.6143600739899,60,0,0,0,0.99864592965849,-11.7171273661745,59.9999999999985,0,0,0,0.986912899856917
3.52,10.0258822134749,60,201.708058052754,71.2480782529227,2.01812782542025,1.06,-3.78849156527524,60.0000000000008,40,0,0.396233169943135,1.00950659950404,-10.8350008215583,60,0,0,0,0.948186592811111,-12.6143600739899,60,0,0,0,0.99864592965849,-11.7171273661745,59.9999999999985,0,0,0,0.986912899856917
3.53,10.0258822134749,60,201.708058052754,71.2480782529227,2.01812782542025,1.06,-3.78849156527524,60.0000000000008,40,0,0.396233169943135,1.00950659950404,-10.8350008215583,60,0,0,0,0.948186592811111,-12.6143600739899,60,0,0,0,0.99864592965849,-11.7171273661745,59.9999999999985,0,0,0,0.986912899856917
3.54,10.0258822134749,60,201.708058052754,71.2480782529227,2.01812782542025,1.06,-3.78849156527524,60.0000000000008,40,0,0.396233169943135,1.00950659950404,-10.8350008215583,60,0,0,0,0.948186592811111,-12.6143600739899,60,0,0,0,0.99864592965849,-11.7171273661745,59.9999999999985,0,0,0,0.986912899856917
3.55,10.0258822134749,60,201.708058052754,71.2480782529227,2.01812782542025,1.06,-3.78849156527524,60.0000000000008,40,0,0.396233169943135,1.00950659950404,-10.8350008215583,60,0,0,0,0.948186592811111,-12.6143600739899,60,0,0,0,0.99864592965849,-11.7171273661745,59.9999999999985,0,0,0,0.986912899856917
3.56,10.0258822134749,60,201.708058052754,71.2480782529227,2.01812782542025,1.06,-3.78849156527524,60.0000000000008,40,0,0.396233169943135,1.00950659950404,-10.8350008215583,60,0,0,0,0.948186592811111,-12.6143600739899,60,0,0,0,0.99864592965849,-11.7171273661745,59.9999999999985,0,0,0,0.986912899856917
3.57,10.0258822134749,60,201.708058052754,71.2480782529227,2.01812782542025,1.06,-3.78849156527524,60.0000000000008,40,0,0.396233169943135,1.00950659950404,-10.8350008215583,60,0,0,0,0.948186592811111,-12.6143600739899,60,0,0,0,0.99864592965849,-11.7171273661745,59.9999999999985,0,0,0,0.986912899856917
3.58,10.0258822134749,60,201.708058052754,71.2480782529227,2.01812782542025,1.06,-3.78849156527524,60.0000000000008,40,0,0.396233169943135,1.00950659950404,-10.8350008215583,60,0,0,0,0.948186592811111,-12.6143600739899,60,0,0,0,0.99864592965849,-11.7171273661745,59.9999999999985,0,0,0,0.986912899856917
3.59,10.0258822134749,60,201.708058052754,71.2480782529227,2.01812782542025,1.06,-3.78849156527524,60.0000000000008,40,0,0.396233169943135,1.00950659950404,-10.8350008215583,60,0,0,0,0.948186592811111,-12.6143600739899,60,0,0,0,0.99864592965849,-11.7171273661745,59.9999999999985,0,0,0,0.986912899856917
3.6,10.0258822134749,60,201.708058052754,71.2480782529227,2.01812782542025,1.06,-3.78849156527524,60.0000000000008,40,0,0.396233169943135,1.00950659950404,-10.8350008215583,60,0,0,0,0.948186592811111,-12.6143600739899,60,0,0,0,0.99864592965849,-11.7171273661745,59.9999999999985,0,0,0,0.986912899856917
3.61,10.0258822134749,60,201.708058052754,71.2480782529227,2.01812782542025,1.06,-3.78849156527524,60.0000000000008,40,0,0.396233169943135,1.00950659950404,-10.8350008215583,60,0,0,0,0.948186592811111,-12.6143600739899,60,0,0,0,0.99864592965849,-11.7171273661745,59.9999999999985,0,0,0,0.986912899856917
3.62,10.0258822134749,60,201.708058052754,71.2480782529227,2.01812782542025,1.06,-3.78849156527524,60.0000000000008,40,0,0.396233169943135,1.00950659950404,-10.8350008215583,60,0,0,0,0.948186592811111,-12.6143600739899,60,0,0,0,0.99864592965849,-11.7171273661745,59.9999999999985,0,0,0,0.986912899856917
3.63,10.0258822134749,60,201.708058052754,71.2480782529227,2.01812782542025,1.06,-3.78849156527524,60.0000000000008,40,0,0.396233169943135,1.00950659950404,-10.8350008215583,60,0,0,0,0.948186592811111,-12.6143600739899,60,0,0,0,0.99864592965849,-11.7171273661745,59.9999999999985,0,0,0,0.986912899856917
3.64,10.0258822134749,60,201.708058052754,71.2480782529227,2.01812782542025,1.06,-3.78849156527524,60.0000000000008,40,0,0.396233169943135,1.00950659950404,-10.8350008215583,60,0,0,0,0.948186592811111,-12.6143600739899,60,0,0,0,0.99864592965849,-11.7171273661745,59.9999999999985,0,0,0,0.986912899856917
3.65,10.0258822134749,60,201.708058052754,71.2480782529227,2.01812782542025,1.06,-3.78849156527524,60.0000000000008,40,0,0.396233169943135,1.00950659950404,-10.8350008215583,60,0,0,0,0.948186592811111,-12.6143600739899,60,0,0,0,0.99864592965849,-11.7171273661745,59.9999999999985,0,0,0,0.986912899856917
3.66,10.0258822134749,60,201.708058052754,71.2480782529227,2.01812782542025,1.06,-3.78849156527524,60.0000000000008,40,0,0.396233169943135,1.00950659950404,-10.8350008215583,60,0,0,0,0.948186592811111,-12.6143600739899,60,0,0,0,0.99864592965849,-11.7171273661745,59.9999999999985,0,0,0,0.986912899856917
3.67,10.0258822134749,60,201.708058052754,71.2480782529227,2.01812782542025,1.06,-3.78849156527524,60.0000000000008,40,0,0.396233169943135,1.00950659950404,-10.8350008215583,60,0,0,0,0.948186592811111,-12.6143600739899,60,0,0,0,0.99864592965849,-11.7171273661745,59.9999999999985,0,0,0,0.986912899856917
3.68,10.0258822134749,60,201.708058052754,71.2480782529227,2.01812782542025,1.06,-3.78849156527524,60.0000000000008,40,0,0.396233169943135,1.00950659950404,-10.8350008215583,60,0,0,0,0.948186592811111,-12.6143600739899,60,0,0,0,0.99864592965849,-11.7171273661745,59.9999999999985,0,0,0,0.986912899856917
3.69,10.0258822134749,60,201.708058052754,71.2480782529227,2.01812782542025,1.06,-3.78849156527524,60.0000000000008,40,0,0.396233169943135,1.00950659950404,-10.8350008215583,60,0,0,0,0.948186592811111,-12.6143600739899,60,0,0,0,0.99864592965849,-11.7171273661745,59.9999999999985,0,0,0,0.986912899856917
3.7,10.0258822134749,60,201.708058052754,71.2480782529227,2.01812782542025,1.06,-3.78849156527524,60.0000000000008,40,0,0.396233169943135,1.00950659950404,-10.8350008215583,60,0,0,0,0.948186592811111,-12.6143600739899,60,0,0,0,0.99864592965849,-11.7171273661745,59.9999999999985,0,0,0,0.986912899856917
3.71,10.0258822134749,60,201.708058052754,71.2480782529227,2.01812782542025,1.06,-3.78849156527524,60.0000000000008,40,0,0.396233169943135,1.00950659950404,-10.8350008215583,60,0,0,0,0.948186592811111,-12.6143600739899,60,0,0,0,0.99864592965849,-11.7171273661745,59.9999999999985,0,0,0,0.986912899856917
3.72,10.0258822134749,60,201.708058052754,71.2480782529227,2.01812782542025,1.06,-3.78849156527524,60.0000000000008,40,0,0.396233169943135,1.00950659950404,-10.8350008215583,60,0,0,0,0.948186592811111,-12.6143600739899,60,0,0,0,0.99864592965849,-11.7171273661745,59.9999999999985,0,0,0,0.986912899856917
3.73,10.0258822134749,60,201.708058052754,71.2480782529227,2.01812782542025,1.06,-3.78849156527524,60.0000000000008,40,0,0.396233169943135,1.00950659950404,-10.8350008215583,60,0,0,0,0.948186592811111,-12.6143600739899,60,0,0,0,0.99864592965849,-11.7171273661745,59.9999999999985,0,0,0,0.986912899856917
3.74,10.0258822134749,60,201.708058052754,71.2480782529227,2.01812782542025,1.06,-3.78849156527524,60.0000000000008,40,0,0.396233169943135,1.00950659950404,-10.8350008215583,60,0,0,0,0.948186592811111,-12.6143600739899,60,0,0,0,0.99864592965849,-11.7171273661745,59.9999999999985,0,0,0,0.986912899856917
3.75,10.0258822134749,60,201.708058052754,71.2480782529227,2.01812782542025,1.06,-3.78849156527524,60.0000000000008,40,0,0.396233169943135,1.00950659950404,-10.8350008215583,60,0,0,0,0.948186592811111,-12.6143600739899,60,0,0,0,0.99864592965849,-11.7171273661745,59.9999999999985,0,0,0,0.986912899856917
3.76,10.0258822134749,60,201.708058052754,71.2480782529227,2.01812782542025,1.06,-3.78849156527524,60.0000000000008,40,0,0.396233169943135,1.00950659950404,-10.8350008215583,60,0,0,0,0.948186592811111,-12.6143600739899,60,0,0,0,0.99864592965849,-11.7171273661745,59.9999999999985,0,0,0,0.986912899856917
3.77,10.0258822134749,60,201.708058052754,71.2480782529227,2.01812782542025,1.06,-3.78849156527524,60.0000000000008,40,0,0.396233169943135,1.00950659950404,-10.8350008215583,60,0,0,0,0.948186592811111,-12.6143600739899,60,0,0,0,0.99864592965849,-11.7171273661745,59.9999999999985,0,0,0,0.986912899856917
3.78,10.0258822134749,60,201.708058052754,71.2480782529227,2.01812782542025,1.06,-3.78849156527524,60.0000000000008,40,0,0.396233169943135,1.00950659950404,-10.8350008215583,60,0,0,0,0.948186592811111,-12.6143600739899,60,0,0,0,0.99864592965849,-11.7171273661745,59.9999999999985,0,0,0,0.986912899856917
3.79,10.0258822134749,60,201.708058052754,71.2480782529227,2.01812782542025,1.06,-3.78849156527524,60.0000000000008,40,0,0.396233169943135,1.00950659950404,-10.8350008215583,60,0,0,0,0.948186592811111,-12.6143600739899,60,0,0,0,0.99864592965849,-11.7171273661745,59.9999999999985,0,0,0,0.986912899856917
3.8,10.0258822134749,60,201.708058052754,71.2480782529227,2.01812782542025,1.06,-3.78849156527524,60.0000000000008,40,0,0.396233169943135,1.00950659950404,-10.8350008215583,60,0,0,0,0.948186592811111,-12.6143600739899,60,0,0,0,0.99864592965849,-11.7171273661745,59.9999999999985,0,0,0,0.986912899856917
3.81,10.0258822134749,60,201.708058052754,71.2480782529227,2.01812782542025,1.06,-3.78849156527524,60.0000000000008,40,0,0.396233169943135,1.00950659950404,-10.8350008215583,60,0,0,0,0.948186592811111,-12.6143600739899,60,0,0,0,0.99864592965849,-11.7171273661745,59.9999999999985,0,0,0,0.986912899856917
3.82,10.0258822134749,60,201.708058052754,71.2480782529227,2.01812782542025,1.06,-3.78849156527524,60.0000000000008,40,0,0.396233169943135,1.00950659950404,-10.8350008215583,60,0,0,0,0.948186592811111,-12.6143600739899,60,0,0,0,0.99864592965849,-11.7171273661745,59.9999999999985,0,0,0,0.986912899856917
3.83,10.0258822134749,60,201.708058052754,71.2480782529227,2.01812782542025,1.06,-3.78849156527524,60.0000000000008,40,0,0.396233169943135,1.00950659950404,-10.8350008215583,60,0,0,0,0.948186592811111,-12.6143600739899,60,0,0,0,0.99864592965849,-11.7171273661745,59.9999999999985,0,0,0,0.986912899856917
3.84,10.0258822134749,60,201.708058052754,71.2480782529227,2.01812782542025,1.06,-3.78849156527524,60.0000000000008,40,0,0.396233169943135,1.00950659950404,-10.8350008215583,60,0,0,0,0.948186592811111,-12.6143600739899,60,0,0,0,0.99864592965849,-11.7171273661745,59.9999999999985,0,0,0,0.986912899856917
3.85,10.0258822134749,60,201.708058052754,71.2480782529227,2.01812782542025,1.06,-3.78849156527524,60.0000000000008,40,0,0.396233169943135,1.00950659950404,-10.8350008215583,60,0,0,0,0.948186592811111,-12.6143600739899,60,0,0,0,0.99864592965849,-11.7171273661745,59.9999999999985,0,0,0,0.986912899856917
3.86,10.0258822134749,60,201.708058052754,71.2480782529227,2.01812782542025,1.06,-3.78849156527524,60.0000000000008,40,0,0.396233169943135,1.00950659950404,-10.8350008215583,60,0,0,0,0.948186592811111,-12.6143600739899,60,0,0,0,0.99864592965849,-11.7171273661745,59.9999999999985,0,0,0,0.986912899856917
3.87,10.0258822134749,60,201.708058052754,71.2480782529227,2.01812782542025,1.06,-3.78849156527524,60.0000000000008,40,0,0.396233169943135,1.00950659950404,-10.8350008215583,60,0,0,0,0.948186592811111,-12.6143600739899,60,0,0,0,0.99864592965849,-11.7171273661745,59.9999999999985,0,0,0,0.986912899856917
3.88,10.0258822134749,60,201.708058052754,71.2480782529227,2.01812782542025,1.06,-3.78849156527524,60.0000000000008,40,0,0.396233169943135,1.00950659950404,-10.8350008215583,60,0,0,0,0.948186592811111,-12.6143600739899,60,0,0,0,0.99864592965849,-11.7171273661745,59.9999999999985,0,0,0,0.986912899856917
3.89,10.0258822134749,60,201.708058052754,71.2480782529227,2.01812782542025,1.06,-3.78849156527524,60.0000000000008,40,0,0.396233169943135,1.00950659950404,-10.8350008215583,60,0,0,0,0.948186592811111,-12.6143600739899,60,0,0,0,0.99864592965849,-11.7171273661745,59.9999999999985,0,0,0,0.986912899856917
3.9,10.0258822134749,60,201.708058052754,71.2480782529227,2.01812782542025,1.06,-3.78849156527524,60.0000000000008,40,0,0.396233169943135,1.00950659950404,-10.8350008215583,60,0,0,0,0.948186592811111,-12.6143600739899,60,0,0,0,0.99864592965849,-11.7171273661745,59.9999999999985,0,0,0,0.986912899856917
3.91,10.0258822134749,60,201.708058052754,71.2480782529227,2.01812782542025,1.06,-3.78849156527524,60.0000000000008,40,0,0.396233169943135,1.00950659950404,-10.8350008215583,60,0,0,0,0.948186592811111,-12.6143600739899,60,0,0,0,0.99864592965849,-11.7171273661745,59.9999999999985,0,0,0,0.986912899856917
3.92,10.0258822134749,60,201.708058052754,71.2480782529227,2.01812782542025,1.06,-3.78849156527524,60.0000000000008,40,0,0.396233169943135,1.00950659950404,-10.8350008215583,60,0,0,0,0.948186592811111,-12.6143600739899,60,0,0,0,0.99864592965849,-11.7171273661745,59.9999999999985,0,0,0,0.986912899856917
3.93,10.0258822134749,60,201.708058052754,71.2480782529227,2.01812782542025,1.06,-3.78849156527524,60.0000000000008,40,0,0.396233169943135,1.00950659950404,-10.8350008215583,60,0,0,0,0.948186592811111,-12.6143600739899,60,0,0,0,0.99864592965849,-11.7171273661745,59.9999999999985,0,0,0,0.986912899856917
3.94,10.0258822134749,60,201.708058052754,71.2480782529227,2.01812782542025,1.06,-3.78849156527524,60.0000000000008,40,0,0.396233169943135,1.00950659950404,-10.8350008215583,60,0,0,0,0.948186592811111,-12.6143600739899,60,0,0,0,0.99864592965849,-11.7171273661745,59.9999999999985,0,0,0,0.986912899856917
3.95,10.0258822134749,60,201.708058052754,71.2480782529227,2.01812782542025,1.06,-3.78849156527524,60.0000000000008,40,0,0.396233169943135,1.00950659950404,-10.8350008215583,60,0,0,0,0.948186592811111,-12.6143600739899,60,0,0,0,0.99864592965849,-11.7171273661745,59.9999999999985,0,0,0,0.986912899856917
3.96,10.0258822134749,60,201.708058052754,71.2480782529227,2.01812782542025,1.06,-3.78849156527524,60.0000000000008,40,0,0.396233169943135,1.00950659950404,-10.8350008215583,60,0,0,0,0.948186592811111,-12.6143600739899,60,0,0,0,0.99864592965849,-11.7171273661745,59.9999999999985,0,0,0,0.986912899856917
3.97,10.0258822134749,60,201.708058052754,71.2480782529227,2.01812782542025,1.06,-3.78849156527524,60.0000000000008,40,0,0.396233169943135,1.00950659950404,-10.8350008215583,60,0,0,0,0.948186592811111,-12.6143600739899,60,0,0,0,0.99864592965849,-11.7171273661745,59.9999999999985,0,0,0,0.986912899856917
3.98,10.0258822134749,60,201.708058052754,71.2480782529227,2.01812782542025,1.06,-3.78849156527524,60.0000000000008,40,0,0.396233169943135,1.00950659950404,-10.8350008215583,60,0,0,0,0.948186592811111,-12.6143600739899,60,0,0,0,0.99864592965849,-11.7171273661745,59.9999999999985,0,0,0,0.986912899856917
3.99,10.0258822134749,60,201.708058052754,71.2480782529227,2.01812782542025,1.06,-3.78849156527524,60.0000000000008,40,0,0.396233169943135,1.00950659950404,-10.8350008215583,60,0,0,0,0.948186592811111,-12.6143600739899,60,0,0,0,0.99864592965849,-11.7171273661745,59.9999999999985,0,0,0,0.986912899856917
4,10.0258822134749,60,201.708058052754,71.2480782529227,2.01812782542025,1.06,-3.78849156527524,60.0000000000008,40,0,0.396233169943135,1.00950659950404,-10.8350008215583,60,0,0,0,0.948186592811111,-12.6143600739899,60,0,0,0,0.99864592965849,-11.7171273661745,59.9999999999985,0,0,0,0.986912899856917
4.01,10.0258822134749,60,201.708058052754,71.2480782529227,2.01812782542025,1.06,-3.78849156527524,60.0000000000008,40,0,0.396233169943135,1.00950659950404,-10.8350008215583,60,0,0,0,0.948186592811111,-12.6143600739899,60,0,0,0,0.99864592965849,-11.7171273661745,59.9999999999985,0,0,0,0.986912899856917
4.02,10.0258822134749,60,201.708058052754,71.2480782529227,2.01812782542025,1.06,-3.78849156527524,60.0000000000008,40,0,0.396233169943135,1.00950659950404,-10.8350008215583,60,0,0,0,0.948186592811111,-12.6143600739899,60,0,0,0,0.99864592965849,-11.7171273661745,59.9999999999985,0,0,0,0.986912899856917
4.03,10.0258822134749,60,201.708058052754,71.2480782529227,2.01812782542025,1.06,-3.78849156527524,60.0000000000008,40,0,0.396233169943135,1.00950659950404,-10.8350008215583,60,0,0,0,0.948186592811111,-12.6143600739899,60,0,0,0,0.99864592965849,-11.7171273661745,59.9999999999985,0,0,0,0.986912899856917
4.04,10.0258822134749,60,201.708058052754,71.2480782529227,2.01812782542025,1.06,-3.78849156527524,60.0000000000008,40,0,0.396233169943135,1.00950659950404,-10.8350008215583,60,0,0,0,0.948186592811111,-12.6143600739899,60,0,0,0,0.99864592965849,-11.7171273661745,59.9999999999985,0,0,0,0.986912899856917
4.05,10.0258822134749,60,201.708058052754,71.2480782529227,2.01812782542025,1.06,-3.78849156527524,60.0000000000008,40,0,0.396233169943135,1.00950659950404,-10.8350008215583,60,0,0,0,0.948186592811111,-12.6143600739899,60,0,0,0,0.99864592965849,-11.7171273661745,59.9999999999985,0,0,0,0.986912899856917
4.06,10.0258822134749,60,201.708058052754,71.2480782529227,2.01812782542025,1.06,-3.78849156527524,60.0000000000008,40,0,0.396233169943135,1.00950659950404,-10.8350008215583,60,0,0,0,0.948186592811111,-12.6143600739899,60,0,0,0,0.99864592965849,-11.7171273661745,59.9999999999985,0,0,0,0.986912899856917
4.07,10.0258822134749,60,201.708058052754,71.2480782529227,2.01812782542025,1.06,-3.78849156527524,60.0000000000008,40,0,0.396233169943135,1.00950659950404,-10.8350008215583,60,0,0,0,0.948186592811111,-12.6143600739899,60,0,0,0,0.99864592965849,-11.7171273661745,59.9999999999985,0,0,0,0.986912899856917
4.08,10.0258822134749,60,201.708058052754,71.2480782529227,2.01812782542025,1.06,-3.78849156527524,60.0000000000008,40,0,0.396233169943135,1.00950659950404,-10.8350008215583,60,0,0,0,0.948186592811111,-12.6143600739899,60,0,0,0,0.99864592965849,-11.7171273661745,59.9999999999985,0,0,0,0.986912899856917
4.09,10.0258822134749,60,201.708058052754,71.2480782529227,2.01812782542025,1.06,-3.78849156527524,60.0000000000008,40,0,0.396233169943135,1.00950659950404,-10.8350008215583,60,0,0,0,0.948186592811111,-12.6143600739899,60,0,0,0,0.99864592965849,-11.7171273661745,59.9999999999985,0,0,0,0.986912899856917
4.1,10.0258822134749,60,201.708058052754,71.2480782529227,2.01812782542025,1.06,-3.78849156527524,60.0000000000008,40,0,0.396233169943135,1.00950659950404,-10.8350008215583,60,0,0,0,0.948186592811111,-12.6143600739899,60,0,0,0,0.99864592965849,-11.7171273661745,59.9999999999985,0,0,0,0.986912899856917
4.11,10.0258822134749,60,201.708058052754,71.2480782529227,2.01812782542025,1.06,-3.78849156527524,60.0000000000008,40,0,0.396233169943135,1.00950659950404,-10.8350008215583,60,0,0,0,0.948186592811111,-12.6143600739899,60,0,0,0,0.99864592965849,-11.7171273661745,59.9999999999985,0,0,0,0.986912899856917
4.12,10.0258822134749,60,201.708058052754,71.2480782529227,2.01812782542025,1.06,-3.78849156527524,60.0000000000008,40,0,0.396233169943135,1.00950659950404,-10.8350008215583,60,0,0,0,0.948186592811111,-12.6143600739899,60,0,0,0,0.99864592965849,-11.7171273661745,59.9999999999985,0,0,0,0.986912899856917
4.13,10.0258822134749,60,201.708058052754,71.2480782529227,2.01812782542025,1.06,-3.78849156527524,60.0000000000008,40,0,0.396233169943135,1.00950659950404,-10.8350008215583,60,0,0,0,0.948186592811111,-12.6143600739899,60,0,0,0,0.99864592965849,-11.7171273661745,59.9999999999985,0,0,0,0.986912899856917
4.14,10.0258822134749,60,201.708058052754,71.2480782529227,2.01812782542025,1.06,-3.78849156527524,60.0000000000008,40,0,0.396233169943135,1.00950659950404,-10.8350008215583,60,0,0,0,0.948186592811111,-12.6143600739899,60,0,0,0,0.99864592965849,-11.7171273661745,59.9999999999985,0,0,0,0.986912899856917
4.15,10.0258822134749,60,201.708058052754,71.2480782529227,2.01812782542025,1.06,-3.78849156527524,60.0000000000008,40,0,0.396233169943135,1.00950659950404,-10.8350008215583,60,0,0,0,0.948186592811111,-12.6143600739899,60,0,0,0,0.99864592965849,-11.7171273661745,59.9999999999985,0,0,0,0.986912899856917
4.16,10.0258822134749,60,201.708058052754,71.2480782529227,2.01812782542025,1.06,-3.78849156527524,60.0000000000008,40,0,0.396233169943135,1.00950659950404,-10.8350008215583,60,0,0,0,0.948186592811111,-12.6143600739899,60,0,0,0,0.99864592965849,-11.7171273661745,59.9999999999985,0,0,0,0.986912899856917
4.17,10.0258822134749,60,201.708058052754,71.2480782529227,2.01812782542025,1.06,-3.78849156527524,60.0000000000008,40,0,0.396233169943135,1.00950659950404,-10.8350008215583,60,0,0,0,0.948186592811111,-12.6143600739899,60,0,0,0,0.99864592965849,-11.7171273661745,59.9999999999985,0,0,0,0.986912899856917
4.18,10.0258822134749,60,201.708058052754,71.2480782529227,2.01812782542025,1.06,-3.78849156527524,60.0000000000008,40,0,0.396233169943135,1.00950659950404,-10.8350008215583,60,0,0,0,0.948186592811111,-12.6143600739899,60,0,0,0,0.99864592965849,-11.7171273661745,59.9999999999985,0,0,0,0.986912899856917
4.19,10.0258822134749,60,201.708058052754,71.2480782529227,2.01812782542025,1.06,-3.78849156527524,60.0000000000008,40,0,0.396233169943135,1.00950659950404,-10.8350008215583,60,0,0,0,0.948186592811111,-12.6143600739899,60,0,0,0,0.99864592965849,-11.7171273661745,59.9999999999985,0,0,0,0.986912899856917
4.2,10.0258822134749,60,201.708058052754,71.2480782529227,2.01812782542025,1.06,-3.78849156527524,60.0000000000008,40,0,0.396233169943135,1.00950659950404,-10.8350008215583,60,0,0,0,0.948186592811111,-12.6143600739899,60,0,0,0,0.99864592965849,-11.7171273661745,59.9999999999985,0,0,0,0.986912899856917
4.21,10.0258822134749,60,201.708058052754,71.2480782529227,2.01812782542025,1.06,-3.78849156527524,60.0000000000008,40,0,0.396233169943135,1.00950659950404,-10.8350008215583,60,0,0,0,0.948186592811111,-12.6143600739899,60,0,0,0,0.99864592965849,-11.7171273661745,59.9999999999985,0,0,0,0.986912899856917
4.22,10.0258822134749,60,201.708058052754,71.2480782529227,2.01812782542025,1.06,-3.78849156527524,60.0000000000008,40,0,0.396233169943135,1.00950659950404,-10.8350008215583,60,0,0,0,0.948186592811111,-12.6143600739899,60,0,0,0,0.99864592965849,-11.7171273661745,59.9999999999985,0,0,0,0.986912899856917
4.23,10.0258822134749,60,201.708058052754,71.2480782529227,2.01812782542025,1.06,-3.78849156527524,60.0000000000008,40,0,0.396233169943135,1.00950659950404,-10.8350008215583,60,0,0,0,0.948186592811111,-12.6143600739899,60,0,0,0,0.99864592965849,-11.7171273661745,59.9999999999985,0,0,0,0.986912899856917
4.24,10.0258822134749,60,201.708058052754,71.2480782529227,2.01812782542025,1.06,-3.78849156527524,60.0000000000008,40,0,0.396233169943135,1.00950659950404,-10.8350008215583,60,0,0,0,0.948186592811111,-12.6143600739899,60,0,0,0,0.99864592965849,-11.7171273661745,59.9999999999985,0,0,0,0.986912899856917
4.25,10.0258822134749,60,201.708058052754,71.2480782529227,2.01812782542025,1.06,-3.78849156527524,60.0000000000008,40,0,0.396233169943135,1.00950659950404,-10.8350008215583,60,0,0,0,0.948186592811111,-12.6143600739899,60,0,0,0,0.99864592965849,-11.7171273661745,59.9999999999985,0,0,0,0.986912899856917
4.26,10.0258822134749,60,201.708058052754,71.2480782529227,2.01812782542025,1.06,-3.78849156527524,60.0000000000008,40,0,0.396233169943135,1.00950659950404,-10.8350008215583,60,0,0,0,0.948186592811111,-12.6143600739899,60,0,0,0,0.99864592965849,-11.7171273661745,59.9999999999985,0,0,0,0.986912899856917
4.27,10.0258822134749,60,201.708058052754,71.2480782529227,2.01812782542025,1.06,-3.78849156527524,60.0000000000008,40,0,0.396233169943135,1.00950659950404,-10.8350008215583,60,0,0,0,0.948186592811111,-12.6143600739899,60,0,0,0,0.99864592965849,-11.7171273661745,59.9999999999985,0,0,0,0.986912899856917
4.28,10.0258822134749,60,201.708058052754,71.2480782529227,2.01812782542025,1.06,-3.78849156527524,60.0000000000008,40,0,0.396233169943135,1.00950659950404,-10.8350008215583,60,0,0,0,0.948186592811111,-12.6143600739899,60,0,0,0,0.99864592965849,-11.7171273661745,59.9999999999985,0,0,0,0.986912899856917
4.29,10.0258822134749,60,201.708058052754,71.2480782529227,2.01812782542025,1.06,-3.78849156527524,60.0000000000008,40,0,0.396233169943135,1.00950659950404,-10.8350008215583,60,0,0,0,0.948186592811111,-12.6143600739899,60,0,0,0,0.99864592965849,-11.7171273661745,59.9999999999985,0,0,0,0.986912899856917
4.3,10.0258822134749,60,201.708058052754,71.2480782529227,2.01812782542025,1.06,-3.78849156527524,60.0000000000008,40,0,0.396233169943135,1.00950659950404,-10.8350008215583,60,0,0,0,0.948186592811111,-12.6143600739899,60,0,0,0,0.99864592965849,-11.7171273661745,59.9999999999985,0,0,0,0.986912899856917
4.31,10.0258822134749,60,201.708058052754,71.2480782529227,2.01812782542025,1.06,-3.78849156527524,60.0000000000008,40,0,0.396233169943135,1.00950659950404,-10.8350008215583,60,0,0,0,0.948186592811111,-12.6143600739899,60,0,0,0,0.99864592965849,-11.7171273661745,59.9999999999985,0,0,0,0.986912899856917
4.32,10.0258822134749,60,201.708058052754,71.2480782529227,2.01812782542025,1.06,-3.78849156527524,60.0000000000008,40,0,0.396233169943135,1.00950659950404,-10.8350008215583,60,0,0,0,0.948186592811111,-12.6143600739899,60,0,0,0,0.99864592965849,-11.7171273661745,59.9999999999985,0,0,0,0.986912899856917
4.33,10.0258822134749,60,201.708058052754,71.2480782529227,2.01812782542025,1.06,-3.78849156527524,60.0000000000008,40,0,0.396233169943135,1.00950659950404,-10.8350008215583,60,0,0,0,0.948186592811111,-12.6143600739899,60,0,0,0,0.99864592965849,-11.7171273661745,59.9999999999985,0,0,0,0.986912899856917
4.34,10.0258822134749,60,201.708058052754,71.2480782529227,2.01812782542025,1.06,-3.78849156527524,60.0000000000008,40,0,0.396233169943135,1.00950659950404,-10.8350008215583,60,0,0,0,0.948186592811111,-12.6143600739899,60,0,0,0,0.99864592965849,-11.7171273661745,59.9999999999985,0,0,0,0.986912899856917
4.35,10.0258822134749,60,201.708058052754,71.2480782529227,2.01812782542025,1.06,-3.78849156527524,60.0000000000008,40,0,0.396233169943135,1.00950659950404,-10.8350008215583,60,0,0,0,0.948186592811111,-12.6143600739899,60,0,0,0,0.99864592965849,-11.7171273661745,59.9999999999985,0,0,0,0.986912899856917
4.36,10.0258822134749,60,201.708058052754,71.2480782529227,2.01812782542025,1.06,-3.78849156527524,60.0000000000008,40,0,0.396233169943135,1.00950659950404,-10.8350008215583,60,0,0,0,0.948186592811111,-12.6143600739899,60,0,0,0,0.99864592965849,-11.7171273661745,59.9999999999985,0,0,0,0.986912899856917
4.37,10.0258822134749,60,201.708058052754,71.2480782529227,2.01812782542025,1.06,-3.78849156527524,60.0000000000008,40,0,0.396233169943135,1.00950659950404,-10.8350008215583,60,0,0,0,0.948186592811111,-12.6143600739899,60,0,0,0,0.99864592965849,-11.7171273661745,59.9999999999985,0,0,0,0.986912899856917
4.38,10.0258822134749,60,201.708058052754,71.2480782529227,2.01812782542025,1.06,-3.78849156527524,60.0000000000008,40,0,0.396233169943135,1.00950659950404,-10.8350008215583,60,0,0,0,0.948186592811111,-12.6143600739899,60,0,0,0,0.99864592965849,-11.7171273661745,59.9999999999985,0,0,0,0.986912899856917
4.39,10.0258822134749,60,201.708058052754,71.2480782529227,2.01812782542025,1.06,-3.78849156527524,60.0000000000008,40,0,0.396233169943135,1.00950659950404,-10.8350008215583,60,0,0,0,0.948186592811111,-12.6143600739899,60,0,0,0,0.99864592965849,-11.7171273661745,59.9999999999985,0,0,0,0.986912899856917
4.4,10.0258822134749,60,201.708058052754,71.2480782529227,2.01812782542025,1.06,-3.78849156527524,60.0000000000008,40,0,0.396233169943135,1.00950659950404,-10.8350008215583,60,0,0,0,0.948186592811111,-12.6143600739899,60,0,0,0,0.99864592965849,-11.7171273661745,59.9999999999985,0,0,0,0.986912899856917
4.41,10.0258822134749,60,201.708058052754,71.2480782529227,2.01812782542025,1.06,-3.78849156527524,60.0000000000008,40,0,0.396233169943135,1.00950659950404,-10.8350008215583,60,0,0,0,0.948186592811111,-12.6143600739899,60,0,0,0,0.99864592965849,-11.7171273661745,59.9999999999985,0,0,0,0.986912899856917
4.42,10.0258822134749,60,201.708058052754,71.2480782529227,2.01812782542025,1.06,-3.78849156527524,60.0000000000008,40,0,0.396233169943135,1.00950659950404,-10.8350008215583,60,0,0,0,0.948186592811111,-12.6143600739899,60,0,0,0,0.99864592965849,-11.7171273661745,59.9999999999985,0,0,0,0.986912899856917
4.43,10.0258822134749,60,201.708058052754,71.2480782529227,2.01812782542025,1.06,-3.78849156527524,60.0000000000008,40,0,0.396233169943135,1.00950659950404,-10.8350008215583,60,0,0,0,0.948186592811111,-12.6143600739899,60,0,0,0,0.99864592965849,-11.7171273661745,59.9999999999985,0,0,0,0.986912899856917
4.44,10.0258822134749,60,201.708058052754,71.2480782529227,2.01812782542025,1.06,-3.78849156527524,60.0000000000008,40,0,0.396233169943135,1.00950659950404,-10.8350008215583,60,0,0,0,0.948186592811111,-12.6143600739899,60,0,0,0,0.99864592965849,-11.7171273661745,59.9999999999985,0,0,0,0.986912899856917
4.45,10.0258822134749,60,201.708058052754,71.2480782529227,2.01812782542025,1.06,-3.78849156527524,60.0000000000008,40,0,0.396233169943135,1.00950659950404,-10.8350008215583,60,0,0,0,0.948186592811111,-12.6143600739899,60,0,0,0,0.99864592965849,-11.7171273661745,59.9999999999985,0,0,0,0.986912899856917
4.46,10.0258822134749,60,201.708058052754,71.2480782529227,2.01812782542025,1.06,-3.78849156527524,60.0000000000008,40,0,0.396233169943135,1.00950659950404,-10.8350008215583,60,0,0,0,0.948186592811111,-12.6143600739899,60,0,0,0,0.99864592965849,-11.7171273661745,59.9999999999985,0,0,0,0.986912899856917
4.47,10.0258822134749,60,201.708058052754,71.2480782529227,2.01812782542025,1.06,-3.78849156527524,60.0000000000008,40,0,0.396233169943135,1.00950659950404,-10.8350008215583,60,0,0,0,0.948186592811111,-12.6143600739899,60,0,0,0,0.99864592965849,-11.7171273661745,59.9999999999985,0,0,0,0.986912899856917
4.48,10.0258822134749,60,201.708058052754,71.2480782529227,2.01812782542025,1.06,-3.78849156527524,60.0000000000008,40,0,0.396233169943135,1.00950659950404,-10.8350008215583,60,0,0,0,0.948186592811111,-12.6143600739899,60,0,0,0,0.99864592965849,-11.7171273661745,59.9999999999985,0,0,0,0.986912899856917
4.49,10.0258822134749,60,201.708058052754,71.2480782529227,2.01812782542025,1.06,-3.78849156527524,60.0000000000008,40,0,0.396233169943135,1.00950659950404,-10.8350008215583,60,0,0,0,0.948186592811111,-12.6143600739899,60,0,0,0,0.99864592965849,-11.7171273661745,59.9999999999985,0,0,0,0.986912899856917
4.5,10.0258822134749,60,201.708058052754,71.2480782529227,2.01812782542025,1.06,-3.78849156527524,60.0000000000008,40,0,0.396233169943135,1.00950659950404,-10.8350008215583,60,0,0,0,0.948186592811111,-12.6143600739899,60,0,0,0,0.99864592965849,-11.7171273661745,59.9999999999985,0,0,0,0.986912899856917
4.51,10.0258822134749,60,201.708058052754,71.2480782529227,2.01812782542025,1.06,-3.78849156527524,60.0000000000008,40,0,0.396233169943135,1.00950659950404,-10.8350008215583,60,0,0,0,0.948186592811111,-12.6143600739899,60,0,0,0,0.99864592965849,-11.7171273661745,59.9999999999985,0,0,0,0.986912899856917
4.52,10.0258822134749,60,201.708058052754,71.2480782529227,2.01812782542025,1.06,-3.78849156527524,60.0000000000008,40,0,0.396233169943135,1.00950659950404,-10.8350008215583,60,0,0,0,0.948186592811111,-12.6143600739899,60,0,0,0,0.99864592965849,-11.7171273661745,59.9999999999985,0,0,0,0.986912899856917
4.53,10.0258822134749,60,201.708058052754,71.2480782529227,2.01812782542025,1.06,-3.78849156527524,60.0000000000008,40,0,0.396233169943135,1.00950659950404,-10.8350008215583,60,0,0,0,0.948186592811111,-12.6143600739899,60,0,0,0,0.99864592965849,-11.7171273661745,59.9999999999985,0,0,0,0.986912899856917
4.54,10.0258822134749,60,201.708058052754,71.2480782529227,2.01812782542025,1.06,-3.78849156527524,60.0000000000008,40,0,0.396233169943135,1.00950659950404,-10.8350008215583,60,0,0,0,0.948186592811111,-12.6143600739899,60,0,0,0,0.99864592965849,-11.7171273661745,59.9999999999985,0,0,0,0.986912899856917
4.55,10.0258822134749,60,201.708058052754,71.2480782529227,2.01812782542025,1.06,-3.78849156527524,60.0000000000008,40,0,0.396233169943135,1.00950659950404,-10.8350008215583,60,0,0,0,0.948186592811111,-12.6143600739899,60,0,0,0,0.99864592965849,-11.7171273661745,59.9999999999985,0,0,0,0.986912899856917
4.56,10.0258822134749,60,201.708058052754,71.2480782529227,2.01812782542025,1.06,-3.78849156527524,60.0000000000008,40,0,0.396233169943135,1.00950659950404,-10.8350008215583,60,0,0,0,0.948186592811111,-12.6143600739899,60,0,0,0,0.99864592965849,-11.7171273661745,59.9999999999985,0,0,0,0.986912899856917
4.57,10.0258822134749,60,201.708058052754,71.2480782529227,2.01812782542025,1.06,-3.78849156527524,60.0000000000008,40,0,0.396233169943135,1.00950659950404,-10.8350008215583,60,0,0,0,0.948186592811111,-12.6143600739899,60,0,0,0,0.99864592965849,-11.7171273661745,59.9999999999985,0,0,0,0.986912899856917
4.58,10.0258822134749,60,201.708058052754,71.2480782529227,2.01812782542025,1.06,-3.78849156527524,60.0000000000008,40,0,0.396233169943135,1.00950659950404,-10.8350008215583,60,0,0,0,0.948186592811111,-12.6143600739899,60,0,0,0,0.99864592965849,-11.7171273661745,59.9999999999985,0,0,0,0.986912899856917
4.59,10.0258822134749,60,201.708058052754,71.2480782529227,2.01812782542025,1.06,-3.78849156527524,60.0000000000008,40,0,0.396233169943135,1.00950659950404,-10.8350008215583,60,0,0,0,0.948186592811111,-12.6143600739899,60,0,0,0,0.99864592965849,-11.7171273661745,59.9999999999985,0,0,0,0.986912899856917
4.6,10.0258822134749,60,201.708058052754,71.2480782529227,2.01812782542025,1.06,-3.78849156527524,60.0000000000008,40,0,0.396233169943135,1.00950659950404,-10.8350008215583,60,0,0,0,0.948186592811111,-12.6143600739899,60,0,0,0,0.99864592965849,-11.7171273661745,59.9999999999985,0,0,0,0.986912899856917
4.61,10.0258822134749,60,201.708058052754,71.2480782529227,2.01812782542025,1.06,-3.78849156527524,60.0000000000008,40,0,0.396233169943135,1.00950659950404,-10.8350008215583,60,0,0,0,0.948186592811111,-12.6143600739899,60,0,0,0,0.99864592965849,-11.7171273661745,59.9999999999985,0,0,0,0.986912899856917
4.62,10.0258822134749,60,201.708058052754,71.2480782529227,2.01812782542025,1.06,-3.78849156527524,60.0000000000008,40,0,0.396233169943135,1.00950659950404,-10.8350008215583,60,0,0,0,0.948186592811111,-12.6143600739899,60,0,0,0,0.99864592965849,-11.7171273661745,59.9999999999985,0,0,0,0.986912899856917
4.63,10.0258822134749,60,201.708058052754,71.2480782529227,2.01812782542025,1.06,-3.78849156527524,60.0000000000008,40,0,0.396233169943135,1.00950659950404,-10.8350008215583,60,0,0,0,0.948186592811111,-12.6143600739899,60,0,0,0,0.99864592965849,-11.7171273661745,59.9999999999985,0,0,0,0.986912899856917
4.64,10.0258822134749,60,201.708058052754,71.2480782529227,2.01812782542025,1.06,-3.78849156527524,60.0000000000008,40,0,0.396233169943135,1.00950659950404,-10.8350008215583,60,0,0,0,0.948186592811111,-12.6143600739899,60,0,0,0,0.99864592965849,-11.7171273661745,59.9999999999985,0,0,0,0.986912899856917
4.65,10.0258822134749,60,201.708058052754,71.2480782529227,2.01812782542025,1.06,-3.78849156527524,60.0000000000008,40,0,0.396233169943135,1.00950659950404,-10.8350008215583,60,0,0,0,0.948186592811111,-12.6143600739899,60,0,0,0,0.99864592965849,-11.7171273661745,59.9999999999985,0,0,0,0.986912899856917
4.66,10.0258822134749,60,201.708058052754,71.2480782529227,2.01812782542025,1.06,-3.78849156527524,60.0000000000008,40,0,0.396233169943135,1.00950659950404,-10.8350008215583,60,0,0,0,0.948186592811111,-12.6143600739899,60,0,0,0,0.99864592965849,-11.7171273661745,59.9999999999985,0,0,0,0.986912899856917
4.67,10.0258822134749,60,201.708058052754,71.2480782529227,2.01812782542025,1.06,-3.78849156527524,60.0000000000008,40,0,0.396233169943135,1.00950659950404,-10.8350008215583,60,0,0,0,0.948186592811111,-12.6143600739899,60,0,0,0,0.99864592965849,-11.7171273661745,59.9999999999985,0,0,0,0.986912899856917
4.68,10.0258822134749,60,201.708058052754,71.2480782529227,2.01812782542025,1.06,-3.78849156527524,60.0000000000008,40,0,0.396233169943135,1.00950659950404,-10.8350008215583,60,0,0,0,0.948186592811111,-12.6143600739899,60,0,0,0,0.99864592965849,-11.7171273661745,59.9999999999985,0,0,0,0.986912899856917
4.69,10.0258822134749,60,201.708058052754,71.2480782529227,2.01812782542025,1.06,-3.78849156527524,60.0000000000008,40,0,0.396233169943135,1.00950659950404,-10.8350008215583,60,0,0,0,0.948186592811111,-12.6143600739899,60,0,0,0,0.99864592965849,-11.7171273661745,59.9999999999985,0,0,0,0.986912899856917
4.7,10.0258822134749,60,201.708058052754,71.2480782529227,2.01812782542025,1.06,-3.78849156527524,60.0000000000008,40,0,0.396233169943135,1.00950659950404,-10.8350008215583,60,0,0,0,0.948186592811111,-12.6143600739899,60,0,0,0,0.99864592965849,-11.7171273661745,59.9999999999985,0,0,0,0.986912899856917
4.71,10.0258822134749,60,201.708058052754,71.2480782529227,2.01812782542025,1.06,-3.78849156527524,60.0000000000008,40,0,0.396233169943135,1.00950659950404,-10.8350008215583,60,0,0,0,0.948186592811111,-12.6143600739899,60,0,0,0,0.99864592965849,-11.7171273661745,59.9999999999985,0,0,0,0.986912899856917
4.72,10.0258822134749,60,201.708058052754,71.2480782529227,2.01812782542025,1.06,-3.78849156527524,60.0000000000008,40,0,0.396233169943135,1.00950659950404,-10.8350008215583,60,0,0,0,0.948186592811111,-12.6143600739899,60,0,0,0,0.99864592965849,-11.7171273661745,59.9999999999985,0,0,0,0.986912899856917
4.73,10.0258822134749,60,201.708058052754,71.2480782529227,2.01812782542025,1.06,-3.78849156527524,60.0000000000008,40,0,0.396233169943135,1.00950659950404,-10.8350008215583,60,0,0,0,0.948186592811111,-12.6143600739899,60,0,0,0,0.99864592965849,-11.7171273661745,59.9999999999985,0,0,0,0.986912899856917
4.74,10.0258822134749,60,201.708058052754,71.2480782529227,2.01812782542025,1.06,-3.78849156527524,60.0000000000008,40,0,0.396233169943135,1.00950659950404,-10.8350008215583,60,0,0,0,0.948186592811111,-12.6143600739899,60,0,0,0,0.99864592965849,-11.7171273661745,59.9999999999985,0,0,0,0.986912899856917
4.75,10.0258822134749,60,201.708058052754,71.2480782529227,2.01812782542025,1.06,-3.78849156527524,60.0000000000008,40,0,0.396233169943135,1.00950659950404,-10.8350008215583,60,0,0,0,0.948186592811111,-12.6143600739899,60,0,0,0,0.99864592965849,-11.7171273661745,59.9999999999985,0,0,0,0.986912899856917
4.76,10.0258822134749,60,201.708058052754,71.2480782529227,2.01812782542025,1.06,-3.78849156527524,60.0000000000008,40,0,0.396233169943135,1.00950659950404,-10.8350008215583,60,0,0,0,0.948186592811111,-12.6143600739899,60,0,0,0,0.99864592965849,-11.7171273661745,59.9999999999985,0,0,0,0.986912899856917
4.77,10.0258822134749,60,201.708058052754,71.2480782529227,2.01812782542025,1.06,-3.78849156527524,60.0000000000008,40,0,0.396233169943135,1.00950659950404,-10.8350008215583,60,0,0,0,0.948186592811111,-12.6143600739899,60,0,0,0,0.99864592965849,-11.7171273661745,59.9999999999985,0,0,0,0.986912899856917
4.78,10.0258822134749,60,201.708058052754,71.2480782529227,2.01812782542025,1.06,-3.78849156527524,60.0000000000008,40,0,0.396233169943135,1.00950659950404,-10.8350008215583,60,0,0,0,0.948186592811111,-12.6143600739899,60,0,0,0,0.99864592965849,-11.7171273661745,59.9999999999985,0,0,0,0.986912899856917
4.79,10.0258822134749,60,201.708058052754,71.2480782529227,2.01812782542025,1.06,-3.78849156527524,60.0000000000008,40,0,0.396233169943135,1.00950659950404,-10.8350008215583,60,0,0,0,0.948186592811111,-12.6143600739899,60,0,0,0,0.99864592965849,-11.7171273661745,59.9999999999985,0,0,0,0.986912899856917
4.8,10.0258822134749,60,201.708058052754,71.2480782529227,2.01812782542025,1.06,-3.78849156527524,60.0000000000008,40,0,0.396233169943135,1.00950659950404,-10.8350008215583,60,0,0,0,0.948186592811111,-12.6143600739899,60,0,0,0,0.99864592965849,-11.7171273661745,59.9999999999985,0,0,0,0.986912899856917
4.81,10.0258822134749,60,201.708058052754,71.2480782529227,2.01812782542025,1.06,-3.78849156527524,60.0000000000008,40,0,0.396233169943135,1.00950659950404,-10.8350008215583,60,0,0,0,0.948186592811111,-12.6143600739899,60,0,0,0,0.99864592965849,-11.7171273661745,59.9999999999985,0,0,0,0.986912899856917
4.82,10.0258822134749,60,201.708058052754,71.2480782529227,2.01812782542025,1.06,-3.78849156527524,60.0000000000008,40,0,0.396233169943135,1.00950659950404,-10.8350008215583,60,0,0,0,0.948186592811111,-12.6143600739899,60,0,0,0,0.99864592965849,-11.7171273661745,59.9999999999985,0,0,0,0.986912899856917
4.83,10.0258822134749,60,201.708058052754,71.2480782529227,2.01812782542025,1.06,-3.78849156527524,60.0000000000008,40,0,0.396233169943135,1.00950659950404,-10.8350008215583,60,0,0,0,0.948186592811111,-12.6143600739899,60,0,0,0,0.99864592965849,-11.7171273661745,59.9999999999985,0,0,0,0.986912899856917
4.84,10.0258822134749,60,201.708058052754,71.2480782529227,2.01812782542025,1.06,-3.78849156527524,60.0000000000008,40,0,0.396233169943135,1.00950659950404,-10.8350008215583,60,0,0,0,0.948186592811111,-12.6143600739899,60,0,0,0,0.99864592965849,-11.7171273661745,59.9999999999985,0,0,0,0.986912899856917
4.85,10.0258822134749,60,201.708058052754,71.2480782529227,2.01812782542025,1.06,-3.78849156527524,60.0000000000008,40,0,0.396233169943135,1.00950659950404,-10.8350008215583,60,0,0,0,0.948186592811111,-12.6143600739899,60,0,0,0,0.99864592965849,-11.7171273661745,59.9999999999985,0,0,0,0.986912899856917
4.86,10.0258822134749,60,201.708058052754,71.2480782529227,2.01812782542025,1.06,-3.78849156527524,60.0000000000008,40,0,0.396233169943135,1.00950659950404,-10.8350008215583,60,0,0,0,0.948186592811111,-12.6143600739899,60,0,0,0,0.99864592965849,-11.7171273661745,59.9999999999985,0,0,0,0.986912899856917
4.87,10.0258822134749,60,201.708058052754,71.2480782529227,2.01812782542025,1.06,-3.78849156527524,60.0000000000008,40,0,0.396233169943135,1.00950659950404,-10.8350008215583,60,0,0,0,0.948186592811111,-12.6143600739899,60,0,0,0,0.99864592965849,-11.7171273661745,59.9999999999985,0,0,0,0.986912899856917
4.88,10.0258822134749,60,201.708058052754,71.2480782529227,2.01812782542025,1.06,-3.78849156527524,60.0000000000008,40,0,0.396233169943135,1.00950659950404,-10.8350008215583,60,0,0,0,0.948186592811111,-12.6143600739899,60,0,0,0,0.99864592965849,-11.7171273661745,59.9999999999985,0,0,0,0.986912899856917
4.89,10.0258822134749,60,201.708058052754,71.2480782529227,2.01812782542025,1.06,-3.78849156527524,60.0000000000008,40,0,0.396233169943135,1.00950659950404,-10.8350008215583,60,0,0,0,0.948186592811111,-12.6143600739899,60,0,0,0,0.99864592965849,-11.7171273661745,59.9999999999985,0,0,0,0.986912899856917
4.9,10.0258822134749,60,201.708058052754,71.2480782529227,2.01812782542025,1.06,-3.78849156527524,60.0000000000008,40,0,0.396233169943135,1.00950659950404,-10.8350008215583,60,0,0,0,0.948186592811111,-12.6143600739899,60,0,0,0,0.99864592965849,-11.7171273661745,59.9999999999985,0,0,0,0.986912899856917
4.91,10.0258822134749,60,201.708058052754,71.2480782529227,2.01812782542025,1.06,-3.78849156527524,60.0000000000008,40,0,0.396233169943135,1.00950659950404,-10.8350008215583,60,0,0,0,0.948186592811111,-12.6143600739899,60,0,0,0,0.99864592965849,-11.7171273661745,59.9999999999985,0,0,0,0.986912899856917
4.92,10.0258822134749,60,201.708058052754,71.2480782529227,2.01812782542025,1.06,-3.78849156527524,60.0000000000008,40,0,0.396233169943135,1.00950659950404,-10.8350008215583,60,0,0,0,0.948186592811111,-12.6143600739899,60,0,0,0,0.99864592965849,-11.7171273661745,59.9999999999985,0,0,0,0.986912899856917
4.93,10.0258822134749,60,201.708058052754,71.2480782529227,2.01812782542025,1.06,-3.78849156527524,60.0000000000008,40,0,0.396233169943135,1.00950659950404,-10.8350008215583,60,0,0,0,0.948186592811111,-12.6143600739899,60,0,0,0,0.99864592965849,-11.7171273661745,59.9999999999985,0,0,0,0.986912899856917
4.94,10.0258822134749,60,201.708058052754,71.2480782529227,2.01812782542025,1.06,-3.78849156527524,60.0000000000008,40,0,0.396233169943135,1.00950659950404,-10.8350008215583,60,0,0,0,0.948186592811111,-12.6143600739899,60,0,0,0,0.99864592965849,-11.7171273661745,59.9999999999985,0,0,0,0.986912899856917
4.95,10.0258822134749,60,201.708058052754,71.2480782529227,2.01812782542025,1.06,-3.78849156527524,60.0000000000008,40,0,0.396233169943135,1.00950659950404,-10.8350008215583,60,0,0,0,0.948186592811111,-12.6143600739899,60,0,0,0,0.99864592965849,-11.7171273661745,59.9999999999985,0,0,0,0.986912899856917
4.96,10.0258822134749,60,201.708058052754,71.2480782529227,2.01812782542025,1.06,-3.78849156527524,60.0000000000008,40,0,0.396233169943135,1.00950659950404,-10.8350008215583,60,0,0,0,0.948186592811111,-12.6143600739899,60,0,0,0,0.99864592965849,-11.7171273661745,59.9999999999985,0,0,0,0.986912899856917
4.97,10.0258822134749,60,201.708058052754,71.2480782529227,2.01812782542025,1.06,-3.78849156527524,60.0000000000008,40,0,0.396233169943135,1.00950659950404,-10.8350008215583,60,0,0,0,0.948186592811111,-12.6143600739899,60,0,0,0,0.99864592965849,-11.7171273661745,59.9999999999985,0,0,0,0.986912899856917
4.98,10.0258822134749,60,201.708058052754,71.2480782529227,2.01812782542025,1.06,-3.78849156527524,60.0000000000008,40,0,0.396233169943135,1.00950659950404,-10.8350008215583,60,0,0,0,0.948186592811111,-12.6143600739899,60,0,0,0,0.99864592965849,-11.7171273661745,59.9999999999985,0,0,0,0.986912899856917
4.99,10.0258822134749,60,201.708058052754,71.2480782529227,2.01812782542025,1.06,-3.78849156527524,60.0000000000008,40,0,0.396233169943135,1.00950659950404,-10.8350008215583,60,0,0,0,0.948186592811111,-12.6143600739899,60,0,0,0,0.99864592965849,-11.7171273661745,59.9999999999985,0,0,0,0.986912899856917
5,10.0258822134749,60,201.708058052754,71.2480782529227,2.01812782542025,1.06,-3.78849156527524,60.0000000000008,40,0,0.396233169943135,1.00950659950404,-10.8350008215583,60,0,0,0,0.948186592811111,-12.6143600739899,60,0,0,0,0.99864592965849,-11.7171273661745,59.9999999999985,0,0,0,0.986912899856917
5.01,10.0258822134749,60,201.708058052754,71.2480782529227,2.01812782542025,1.06,-3.78849156527524,60.0000000000008,40,0,0.396233169943135,1.00950659950404,-10.8350008215583,60,0,0,0,0.948186592811111,-12.6143600739899,60,0,0,0,0.99864592965849,-11.7171273661745,59.9999999999985,0,0,0,0.986912899856917
5.02,10.0258822134749,60,201.708058052754,71.2480782529227,2.01812782542025,1.06,-3.78849156527524,60.0000000000008,40,0,0.396233169943135,1.00950659950404,-10.8350008215583,60,0,0,0,0.948186592811111,-12.6143600739899,60,0,0,0,0.99864592965849,-11.7171273661745,59.9999999999985,0,0,0,0.986912899856917
5.03,10.0258822134749,60,201.708058052754,71.2480782529227,2.01812782542025,1.06,-3.78849156527524,60.0000000000008,40,0,0.396233169943135,1.00950659950404,-10.8350008215583,60,0,0,0,0.948186592811111,-12.6143600739899,60,0,0,0,0.99864592965849,-11.7171273661745,59.9999999999985,0,0,0,0.986912899856917
5.04,10.0258822134749,60,201.708058052754,71.2480782529227,2.01812782542025,1.06,-3.78849156527524,60.0000000000008,40,0,0.396233169943135,1.00950659950404,-10.8350008215583,60,0,0,0,0.948186592811111,-12.6143600739899,60,0,0,0,0.99864592965849,-11.7171273661745,59.9999999999985,0,0,0,0.986912899856917
5.05,10.0258822134749,60,201.708058052754,71.2480782529227,2.01812782542025,1.06,-3.78849156527524,60.0000000000008,40,0,0.396233169943135,1.00950659950404,-10.8350008215583,60,0,0,0,0.948186592811111,-12.6143600739899,60,0,0,0,0.99864592965849,-11.7171273661745,59.9999999999985,0,0,0,0.986912899856917
5.06,10.0258822134749,60,201.708058052754,71.2480782529227,2.01812782542025,1.06,-3.78849156527524,60.0000000000008,40,0,0.396233169943135,1.00950659950404,-10.8350008215583,60,0,0,0,0.948186592811111,-12.6143600739899,60,0,0,0,0.99864592965849,-11.7171273661745,59.9999999999985,0,0,0,0.986912899856917
5.07,10.0258822134749,60,201.708058052754,71.2480782529227,2.01812782542025,1.06,-3.78849156527524,60.0000000000008,40,0,0.396233169943135,1.00950659950404,-10.8350008215583,60,0,0,0,0.948186592811111,-12.6143600739899,60,0,0,0,0.99864592965849,-11.7171273661745,59.9999999999985,0,0,0,0.986912899856917
5.08,10.0258822134749,60,201.708058052754,71.2480782529227,2.01812782542025,1.06,-3.78849156527524,60.0000000000008,40,0,0.396233169943135,1.00950659950404,-10.8350008215583,60,0,0,0,0.948186592811111,-12.6143600739899,60,0,0,0,0.99864592965849,-11.7171273661745,59.9999999999985,0,0,0,0.986912899856917
5.09,10.0258822134749,60,201.708058052754,71.2480782529227,2.01812782542025,1.06,-3.78849156527524,60.0000000000008,40,0,0.396233169943135,1.00950659950404,-10.8350008215583,60,0,0,0,0.948186592811111,-12.6143600739899,60,0,0,0,0.99864592965849,-11.7171273661745,59.9999999999985,0,0,0,0.986912899856917
5.1,10.0258822134749,60,201.708058052754,71.2480782529227,2.01812782542025,1.06,-3.78849156527524,60.0000000000008,40,0,0.396233169943135,1.00950659950404,-10.8350008215583,60,0,0,0,0.948186592811111,-12.6143600739899,60,0,0,0,0.99864592965849,-11.7171273661745,59.9999999999985,0,0,0,0.986912899856917
5.11,10.0258822134749,60,201.708058052754,71.2480782529227,2.01812782542025,1.06,-3.78849156527524,60.0000000000008,40,0,0.396233169943135,1.00950659950404,-10.8350008215583,60,0,0,0,0.948186592811111,-12.6143600739899,60,0,0,0,0.99864592965849,-11.7171273661745,59.9999999999985,0,0,0,0.986912899856917
5.12,10.0258822134749,60,201.708058052754,71.2480782529227,2.01812782542025,1.06,-3.78849156527524,60.0000000000008,40,0,0.396233169943135,1.00950659950404,-10.8350008215583,60,0,0,0,0.948186592811111,-12.6143600739899,60,0,0,0,0.99864592965849,-11.7171273661745,59.9999999999985,0,0,0,0.986912899856917
5.13,10.0258822134749,60,201.708058052754,71.2480782529227,2.01812782542025,1.06,-3.78849156527524,60.0000000000008,40,0,0.396233169943135,1.00950659950404,-10.8350008215583,60,0,0,0,0.948186592811111,-12.6143600739899,60,0,0,0,0.99864592965849,-11.7171273661745,59.9999999999985,0,0,0,0.986912899856917
5.14,10.0258822134749,60,201.708058052754,71.2480782529227,2.01812782542025,1.06,-3.78849156527524,60.0000000000008,40,0,0.396233169943135,1.00950659950404,-10.8350008215583,60,0,0,0,0.948186592811111,-12.6143600739899,60,0,0,0,0.99864592965849,-11.7171273661745,59.9999999999985,0,0,0,0.986912899856917
5.15,10.0258822134749,60,201.708058052754,71.2480782529227,2.01812782542025,1.06,-3.78849156527524,60.0000000000008,40,0,0.396233169943135,1.00950659950404,-10.8350008215583,60,0,0,0,0.948186592811111,-12.6143600739899,60,0,0,0,0.99864592965849,-11.7171273661745,59.9999999999985,0,0,0,0.986912899856917
5.16,10.0258822134749,60,201.708058052754,71.2480782529227,2.01812782542025,1.06,-3.78849156527524,60.0000000000008,40,0,0.396233169943135,1.00950659950404,-10.8350008215583,60,0,0,0,0.948186592811111,-12.6143600739899,60,0,0,0,0.99864592965849,-11.7171273661745,59.9999999999985,0,0,0,0.986912899856917
5.17,10.0258822134749,60,201.708058052754,71.2480782529227,2.01812782542025,1.06,-3.78849156527524,60.0000000000008,40,0,0.396233169943135,1.00950659950404,-10.8350008215583,60,0,0,0,0.948186592811111,-12.6143600739899,60,0,0,0,0.99864592965849,-11.7171273661745,59.9999999999985,0,0,0,0.986912899856917
5.18,10.0258822134749,60,201.708058052754,71.2480782529227,2.01812782542025,1.06,-3.78849156527524,60.0000000000008,40,0,0.396233169943135,1.00950659950404,-10.8350008215583,60,0,0,0,0.948186592811111,-12.6143600739899,60,0,0,0,0.99864592965849,-11.7171273661745,59.9999999999985,0,0,0,0.986912899856917
5.19,10.0258822134749,60,201.708058052754,71.2480782529227,2.01812782542025,1.06,-3.78849156527524,60.0000000000008,40,0,0.396233169943135,1.00950659950404,-10.8350008215583,60,0,0,0,0.948186592811111,-12.6143600739899,60,0,0,0,0.99864592965849,-11.7171273661745,59.9999999999985,0,0,0,0.986912899856917
5.2,10.0258822134749,60,201.708058052754,71.2480782529227,2.01812782542025,1.06,-3.78849156527524,60.0000000000008,40,0,0.396233169943135,1.00950659950404,-10.8350008215583,60,0,0,0,0.948186592811111,-12.6143600739899,60,0,0,0,0.99864592965849,-11.7171273661745,59.9999999999985,0,0,0,0.986912899856917
5.21,10.0258822134749,60,201.708058052754,71.2480782529227,2.01812782542025,1.06,-3.78849156527524,60.0000000000008,40,0,0.396233169943135,1.00950659950404,-10.8350008215583,60,0,0,0,0.948186592811111,-12.6143600739899,60,0,0,0,0.99864592965849,-11.7171273661745,59.9999999999985,0,0,0,0.986912899856917
5.22,10.0258822134749,60,201.708058052754,71.2480782529227,2.01812782542025,1.06,-3.78849156527524,60.0000000000008,40,0,0.396233169943135,1.00950659950404,-10.8350008215583,60,0,0,0,0.948186592811111,-12.6143600739899,60,0,0,0,0.99864592965849,-11.7171273661745,59.9999999999985,0,0,0,0.986912899856917
5.23,10.0258822134749,60,201.708058052754,71.2480782529227,2.01812782542025,1.06,-3.78849156527524,60.0000000000008,40,0,0.396233169943135,1.00950659950404,-10.8350008215583,60,0,0,0,0.948186592811111,-12.6143600739899,60,0,0,0,0.99864592965849,-11.7171273661745,59.9999999999985,0,0,0,0.986912899856917
5.24,10.0258822134749,60,201.708058052754,71.2480782529227,2.01812782542025,1.06,-3.78849156527524,60.0000000000008,40,0,0.396233169943135,1.00950659950404,-10.8350008215583,60,0,0,0,0.948186592811111,-12.6143600739899,60,0,0,0,0.99864592965849,-11.7171273661745,59.9999999999985,0,0,0,0.986912899856917
5.25,10.0258822134749,60,201.708058052754,71.2480782529227,2.01812782542025,1.06,-3.78849156527524,60.0000000000008,40,0,0.396233169943135,1.00950659950404,-10.8350008215583,60,0,0,0,0.948186592811111,-12.6143600739899,60,0,0,0,0.99864592965849,-11.7171273661745,59.9999999999985,0,0,0,0.986912899856917
5.26,10.0258822134749,60,201.708058052754,71.2480782529227,2.01812782542025,1.06,-3.78849156527524,60.0000000000008,40,0,0.396233169943135,1.00950659950404,-10.8350008215583,60,0,0,0,0.948186592811111,-12.6143600739899,60,0,0,0,0.99864592965849,-11.7171273661745,59.9999999999985,0,0,0,0.986912899856917
5.27,10.0258822134749,60,201.708058052754,71.2480782529227,2.01812782542025,1.06,-3.78849156527524,60.0000000000008,40,0,0.396233169943135,1.00950659950404,-10.8350008215583,60,0,0,0,0.948186592811111,-12.6143600739899,60,0,0,0,0.99864592965849,-11.7171273661745,59.9999999999985,0,0,0,0.986912899856917
5.28,10.0258822134749,60,201.708058052754,71.2480782529227,2.01812782542025,1.06,-3.78849156527524,60.0000000000008,40,0,0.396233169943135,1.00950659950404,-10.8350008215583,60,0,0,0,0.948186592811111,-12.6143600739899,60,0,0,0,0.99864592965849,-11.7171273661745,59.9999999999985,0,0,0,0.986912899856917
5.29,10.0258822134749,60,201.708058052754,71.2480782529227,2.01812782542025,1.06,-3.78849156527524,60.0000000000008,40,0,0.396233169943135,1.00950659950404,-10.8350008215583,60,0,0,0,0.948186592811111,-12.6143600739899,60,0,0,0,0.99864592965849,-11.7171273661745,59.9999999999985,0,0,0,0.986912899856917
5.3,10.0258822134749,60,201.708058052754,71.2480782529227,2.01812782542025,1.06,-3.78849156527524,60.0000000000008,40,0,0.396233169943135,1.00950659950404,-10.8350008215583,60,0,0,0,0.948186592811111,-12.6143600739899,60,0,0,0,0.99864592965849,-11.7171273661745,59.9999999999985,0,0,0,0.986912899856917
5.31,10.0258822134749,60,201.708058052754,71.2480782529227,2.01812782542025,1.06,-3.78849156527524,60.0000000000008,40,0,0.396233169943135,1.00950659950404,-10.8350008215583,60,0,0,0,0.948186592811111,-12.6143600739899,60,0,0,0,0.99864592965849,-11.7171273661745,59.9999999999985,0,0,0,0.986912899856917
5.32,10.0258822134749,60,201.708058052754,71.2480782529227,2.01812782542025,1.06,-3.78849156527524,60.0000000000008,40,0,0.396233169943135,1.00950659950404,-10.8350008215583,60,0,0,0,0.948186592811111,-12.6143600739899,60,0,0,0,0.99864592965849,-11.7171273661745,59.9999999999985,0,0,0,0.986912899856917
5.33,10.0258822134749,60,201.708058052754,71.2480782529227,2.01812782542025,1.06,-3.78849156527524,60.0000000000008,40,0,0.396233169943135,1.00950659950404,-10.8350008215583,60,0,0,0,0.948186592811111,-12.6143600739899,60,0,0,0,0.99864592965849,-11.7171273661745,59.9999999999985,0,0,0,0.986912899856917
5.34,10.0258822134749,60,201.708058052754,71.2480782529227,2.01812782542025,1.06,-3.78849156527524,60.0000000000008,40,0,0.396233169943135,1.00950659950404,-10.8350008215583,60,0,0,0,0.948186592811111,-12.6143600739899,60,0,0,0,0.99864592965849,-11.7171273661745,59.9999999999985,0,0,0,0.986912899856917
5.35,10.0258822134749,60,201.708058052754,71.2480782529227,2.01812782542025,1.06,-3.78849156527524,60.0000000000008,40,0,0.396233169943135,1.00950659950404,-10.8350008215583,60,0,0,0,0.948186592811111,-12.6143600739899,60,0,0,0,0.99864592965849,-11.7171273661745,59.9999999999985,0,0,0,0.986912899856917
5.36,10.0258822134749,60,201.708058052754,71.2480782529227,2.01812782542025,1.06,-3.78849156527524,60.0000000000008,40,0,0.396233169943135,1.00950659950404,-10.8350008215583,60,0,0,0,0.948186592811111,-12.6143600739899,60,0,0,0,0.99864592965849,-11.7171273661745,59.9999999999985,0,0,0,0.986912899856917
5.37,10.0258822134749,60,201.708058052754,71.2480782529227,2.01812782542025,1.06,-3.78849156527524,60.0000000000008,40,0,0.396233169943135,1.00950659950404,-10.8350008215583,60,0,0,0,0.948186592811111,-12.6143600739899,60,0,0,0,0.99864592965849,-11.7171273661745,59.9999999999985,0,0,0,0.986912899856917
5.38,10.0258822134749,60,201.708058052754,71.2480782529227,2.01812782542025,1.06,-3.78849156527524,60.0000000000008,40,0,0.396233169943135,1.00950659950404,-10.8350008215583,60,0,0,0,0.948186592811111,-12.6143600739899,60,0,0,0,0.99864592965849,-11.7171273661745,59.9999999999985,0,0,0,0.986912899856917
5.39,10.0258822134749,60,201.708058052754,71.2480782529227,2.01812782542025,1.06,-3.78849156527524,60.0000000000008,40,0,0.396233169943135,1.00950659950404,-10.8350008215583,60,0,0,0,0.948186592811111,-12.6143600739899,60,0,0,0,0.99864592965849,-11.7171273661745,59.9999999999985,0,0,0,0.986912899856917
5.4,10.0258822134749,60,201.708058052754,71.2480782529227,2.01812782542025,1.06,-3.78849156527524,60.0000000000008,40,0,0.396233169943135,1.00950659950404,-10.8350008215583,60,0,0,0,0.948186592811111,-12.6143600739899,60,0,0,0,0.99864592965849,-11.7171273661745,59.9999999999985,0,0,0,0.986912899856917
5.41,10.0258822134749,60,201.708058052754,71.2480782529227,2.01812782542025,1.06,-3.78849156527524,60.0000000000008,40,0,0.396233169943135,1.00950659950404,-10.8350008215583,60,0,0,0,0.948186592811111,-12.6143600739899,60,0,0,0,0.99864592965849,-11.7171273661745,59.9999999999985,0,0,0,0.986912899856917
5.42,10.0258822134749,60,201.708058052754,71.2480782529227,2.01812782542025,1.06,-3.78849156527524,60.0000000000008,40,0,0.396233169943135,1.00950659950404,-10.8350008215583,60,0,0,0,0.948186592811111,-12.6143600739899,60,0,0,0,0.99864592965849,-11.7171273661745,59.9999999999985,0,0,0,0.986912899856917
5.43,10.0258822134749,60,201.708058052754,71.2480782529227,2.01812782542025,1.06,-3.78849156527524,60.0000000000008,40,0,0.396233169943135,1.00950659950404,-10.8350008215583,60,0,0,0,0.948186592811111,-12.6143600739899,60,0,0,0,0.99864592965849,-11.7171273661745,59.9999999999985,0,0,0,0.986912899856917
5.44,10.0258822134749,60,201.708058052754,71.2480782529227,2.01812782542025,1.06,-3.78849156527524,60.0000000000008,40,0,0.396233169943135,1.00950659950404,-10.8350008215583,60,0,0,0,0.948186592811111,-12.6143600739899,60,0,0,0,0.99864592965849,-11.7171273661745,59.9999999999985,0,0,0,0.986912899856917
5.45,10.0258822134749,60,201.708058052754,71.2480782529227,2.01812782542025,1.06,-3.78849156527524,60.0000000000008,40,0,0.396233169943135,1.00950659950404,-10.8350008215583,60,0,0,0,0.948186592811111,-12.6143600739899,60,0,0,0,0.99864592965849,-11.7171273661745,59.9999999999985,0,0,0,0.986912899856917
5.46,10.0258822134749,60,201.708058052754,71.2480782529227,2.01812782542025,1.06,-3.78849156527524,60.0000000000008,40,0,0.396233169943135,1.00950659950404,-10.8350008215583,60,0,0,0,0.948186592811111,-12.6143600739899,60,0,0,0,0.99864592965849,-11.7171273661745,59.9999999999985,0,0,0,0.986912899856917
5.47,10.0258822134749,60,201.708058052754,71.2480782529227,2.01812782542025,1.06,-3.78849156527524,60.0000000000008,40,0,0.396233169943135,1.00950659950404,-10.8350008215583,60,0,0,0,0.948186592811111,-12.6143600739899,60,0,0,0,0.99864592965849,-11.7171273661745,59.9999999999985,0,0,0,0.986912899856917
5.48,10.0258822134749,60,201.708058052754,71.2480782529227,2.01812782542025,1.06,-3.78849156527524,60.0000000000008,40,0,0.396233169943135,1.00950659950404,-10.8350008215583,60,0,0,0,0.948186592811111,-12.6143600739899,60,0,0,0,0.99864592965849,-11.7171273661745,59.9999999999985,0,0,0,0.986912899856917
5.49,10.0258822134749,60,201.708058052754,71.2480782529227,2.01812782542025,1.06,-3.78849156527524,60.0000000000008,40,0,0.396233169943135,1.00950659950404,-10.8350008215583,60,0,0,0,0.948186592811111,-12.6143600739899,60,0,0,0,0.99864592965849,-11.7171273661745,59.9999999999985,0,0,0,0.986912899856917
5.5,10.0258822134749,60,201.708058052754,71.2480782529227,2.01812782542025,1.06,-3.78849156527524,60.0000000000008,40,0,0.396233169943135,1.00950659950404,-10.8350008215583,60,0,0,0,0.948186592811111,-12.6143600739899,60,0,0,0,0.99864592965849,-11.7171273661745,59.9999999999985,0,0,0,0.986912899856917
5.51,10.0258822134749,60,201.708058052754,71.2480782529227,2.01812782542025,1.06,-3.78849156527524,60.0000000000008,40,0,0.396233169943135,1.00950659950404,-10.8350008215583,60,0,0,0,0.948186592811111,-12.6143600739899,60,0,0,0,0.99864592965849,-11.7171273661745,59.9999999999985,0,0,0,0.986912899856917
5.52,10.0258822134749,60,201.708058052754,71.2480782529227,2.01812782542025,1.06,-3.78849156527524,60.0000000000008,40,0,0.396233169943135,1.00950659950404,-10.8350008215583,60,0,0,0,0.948186592811111,-12.6143600739899,60,0,0,0,0.99864592965849,-11.7171273661745,59.9999999999985,0,0,0,0.986912899856917
5.53,10.0258822134749,60,201.708058052754,71.2480782529227,2.01812782542025,1.06,-3.78849156527524,60.0000000000008,40,0,0.396233169943135,1.00950659950404,-10.8350008215583,60,0,0,0,0.948186592811111,-12.6143600739899,60,0,0,0,0.99864592965849,-11.7171273661745,59.9999999999985,0,0,0,0.986912899856917
5.54,10.0258822134749,60,201.708058052754,71.2480782529227,2.01812782542025,1.06,-3.78849156527524,60.0000000000008,40,0,0.396233169943135,1.00950659950404,-10.8350008215583,60,0,0,0,0.948186592811111,-12.6143600739899,60,0,0,0,0.99864592965849,-11.7171273661745,59.9999999999985,0,0,0,0.986912899856917
5.55,10.0258822134749,60,201.708058052754,71.2480782529227,2.01812782542025,1.06,-3.78849156527524,60.0000000000008,40,0,0.396233169943135,1.00950659950404,-10.8350008215583,60,0,0,0,0.948186592811111,-12.6143600739899,60,0,0,0,0.99864592965849,-11.7171273661745,59.9999999999985,0,0,0,0.986912899856917
5.56,10.0258822134749,60,201.708058052754,71.2480782529227,2.01812782542025,1.06,-3.78849156527524,60.0000000000008,40,0,0.396233169943135,1.00950659950404,-10.8350008215583,60,0,0,0,0.948186592811111,-12.6143600739899,60,0,0,0,0.99864592965849,-11.7171273661745,59.9999999999985,0,0,0,0.986912899856917
5.57,10.0258822134749,60,201.708058052754,71.2480782529227,2.01812782542025,1.06,-3.78849156527524,60.0000000000008,40,0,0.396233169943135,1.00950659950404,-10.8350008215583,60,0,0,0,0.948186592811111,-12.6143600739899,60,0,0,0,0.99864592965849,-11.7171273661745,59.9999999999985,0,0,0,0.986912899856917
5.58,10.0258822134749,60,201.708058052754,71.2480782529227,2.01812782542025,1.06,-3.78849156527524,60.0000000000008,40,0,0.396233169943135,1.00950659950404,-10.8350008215583,60,0,0,0,0.948186592811111,-12.6143600739899,60,0,0,0,0.99864592965849,-11.7171273661745,59.9999999999985,0,0,0,0.986912899856917
5.59,10.0258822134749,60,201.708058052754,71.2480782529227,2.01812782542025,1.06,-3.78849156527524,60.0000000000008,40,0,0.396233169943135,1.00950659950404,-10.8350008215583,60,0,0,0,0.948186592811111,-12.6143600739899,60,0,0,0,0.99864592965849,-11.7171273661745,59.9999999999985,0,0,0,0.986912899856917
5.6,10.0258822134749,60,201.708058052754,71.2480782529227,2.01812782542025,1.06,-3.78849156527524,60.0000000000008,40,0,0.396233169943135,1.00950659950404,-10.8350008215583,60,0,0,0,0.948186592811111,-12.6143600739899,60,0,0,0,0.99864592965849,-11.7171273661745,59.9999999999985,0,0,0,0.986912899856917
5.61,10.0258822134749,60,201.708058052754,71.2480782529227,2.01812782542025,1.06,-3.78849156527524,60.0000000000008,40,0,0.396233169943135,1.00950659950404,-10.8350008215583,60,0,0,0,0.948186592811111,-12.6143600739899,60,0,0,0,0.99864592965849,-11.7171273661745,59.9999999999985,0,0,0,0.986912899856917
5.62,10.0258822134749,60,201.708058052754,71.2480782529227,2.01812782542025,1.06,-3.78849156527524,60.0000000000008,40,0,0.396233169943135,1.00950659950404,-10.8350008215583,60,0,0,0,0.948186592811111,-12.6143600739899,60,0,0,0,0.99864592965849,-11.7171273661745,59.9999999999985,0,0,0,0.986912899856917
5.63,10.0258822134749,60,201.708058052754,71.2480782529227,2.01812782542025,1.06,-3.78849156527524,60.0000000000008,40,0,0.396233169943135,1.00950659950404,-10.8350008215583,60,0,0,0,0.948186592811111,-12.6143600739899,60,0,0,0,0.99864592965849,-11.7171273661745,59.9999999999985,0,0,0,0.986912899856917
5.64,10.0258822134749,60,201.708058052754,71.2480782529227,2.01812782542025,1.06,-3.78849156527524,60.0000000000008,40,0,0.396233169943135,1.00950659950404,-10.8350008215583,60,0,0,0,0.948186592811111,-12.6143600739899,60,0,0,0,0.99864592965849,-11.7171273661745,59.9999999999985,0,0,0,0.986912899856917
5.65,10.0258822134749,60,201.708058052754,71.2480782529227,2.01812782542025,1.06,-3.78849156527524,60.0000000000008,40,0,0.396233169943135,1.00950659950404,-10.8350008215583,60,0,0,0,0.948186592811111,-12.6143600739899,60,0,0,0,0.99864592965849,-11.7171273661745,59.9999999999985,0,0,0,0.986912899856917
5.66,10.0258822134749,60,201.708058052754,71.2480782529227,2.01812782542025,1.06,-3.78849156527524,60.0000000000008,40,0,0.396233169943135,1.00950659950404,-10.8350008215583,60,0,0,0,0.948186592811111,-12.6143600739899,60,0,0,0,0.99864592965849,-11.7171273661745,59.9999999999985,0,0,0,0.986912899856917
5.67,10.0258822134749,60,201.708058052754,71.2480782529227,2.01812782542025,1.06,-3.78849156527524,60.0000000000008,40,0,0.396233169943135,1.00950659950404,-10.8350008215583,60,0,0,0,0.948186592811111,-12.6143600739899,60,0,0,0,0.99864592965849,-11.7171273661745,59.9999999999985,0,0,0,0.986912899856917
5.68,10.0258822134749,60,201.708058052754,71.2480782529227,2.01812782542025,1.06,-3.78849156527524,60.0000000000008,40,0,0.396233169943135,1.00950659950404,-10.8350008215583,60,0,0,0,0.948186592811111,-12.6143600739899,60,0,0,0,0.99864592965849,-11.7171273661745,59.9999999999985,0,0,0,0.986912899856917
5.69,10.0258822134749,60,201.708058052754,71.2480782529227,2.01812782542025,1.06,-3.78849156527524,60.0000000000008,40,0,0.396233169943135,1.00950659950404,-10.8350008215583,60,0,0,0,0.948186592811111,-12.6143600739899,60,0,0,0,0.99864592965849,-11.7171273661745,59.9999999999985,0,0,0,0.986912899856917
5.7,10.0258822134749,60,201.708058052754,71.2480782529227,2.01812782542025,1.06,-3.78849156527524,60.0000000000008,40,0,0.396233169943135,1.00950659950404,-10.8350008215583,60,0,0,0,0.948186592811111,-12.6143600739899,60,0,0,0,0.99864592965849,-11.7171273661745,59.9999999999985,0,0,0,0.986912899856917
5.71,10.0258822134749,60,201.708058052754,71.2480782529227,2.01812782542025,1.06,-3.78849156527524,60.0000000000008,40,0,0.396233169943135,1.00950659950404,-10.8350008215583,60,0,0,0,0.948186592811111,-12.6143600739899,60,0,0,0,0.99864592965849,-11.7171273661745,59.9999999999985,0,0,0,0.986912899856917
5.72,10.0258822134749,60,201.708058052754,71.2480782529227,2.01812782542025,1.06,-3.78849156527524,60.0000000000008,40,0,0.396233169943135,1.00950659950404,-10.8350008215583,60,0,0,0,0.948186592811111,-12.6143600739899,60,0,0,0,0.99864592965849,-11.7171273661745,59.9999999999985,0,0,0,0.986912899856917
5.73,10.0258822134749,60,201.708058052754,71.2480782529227,2.01812782542025,1.06,-3.78849156527524,60.0000000000008,40,0,0.396233169943135,1.00950659950404,-10.8350008215583,60,0,0,0,0.948186592811111,-12.6143600739899,60,0,0,0,0.99864592965849,-11.7171273661745,59.9999999999985,0,0,0,0.986912899856917
5.74,10.0258822134749,60,201.708058052754,71.2480782529227,2.01812782542025,1.06,-3.78849156527524,60.0000000000008,40,0,0.396233169943135,1.00950659950404,-10.8350008215583,60,0,0,0,0.948186592811111,-12.6143600739899,60,0,0,0,0.99864592965849,-11.7171273661745,59.9999999999985,0,0,0,0.986912899856917
5.75,10.0258822134749,60,201.708058052754,71.2480782529227,2.01812782542025,1.06,-3.78849156527524,60.0000000000008,40,0,0.396233169943135,1.00950659950404,-10.8350008215583,60,0,0,0,0.948186592811111,-12.6143600739899,60,0,0,0,0.99864592965849,-11.7171273661745,59.9999999999985,0,0,0,0.986912899856917
5.76,10.0258822134749,60,201.708058052754,71.2480782529227,2.01812782542025,1.06,-3.78849156527524,60.0000000000008,40,0,0.396233169943135,1.00950659950404,-10.8350008215583,60,0,0,0,0.948186592811111,-12.6143600739899,60,0,0,0,0.99864592965849,-11.7171273661745,59.9999999999985,0,0,0,0.986912899856917
5.77,10.0258822134749,60,201.708058052754,71.2480782529227,2.01812782542025,1.06,-3.78849156527524,60.0000000000008,40,0,0.396233169943135,1.00950659950404,-10.8350008215583,60,0,0,0,0.948186592811111,-12.6143600739899,60,0,0,0,0.99864592965849,-11.7171273661745,59.9999999999985,0,0,0,0.986912899856917
5.78,10.0258822134749,60,201.708058052754,71.2480782529227,2.01812782542025,1.06,-3.78849156527524,60.0000000000008,40,0,0.396233169943135,1.00950659950404,-10.8350008215583,60,0,0,0,0.948186592811111,-12.6143600739899,60,0,0,0,0.99864592965849,-11.7171273661745,59.9999999999985,0,0,0,0.986912899856917
5.79,10.0258822134749,60,201.708058052754,71.2480782529227,2.01812782542025,1.06,-3.78849156527524,60.0000000000008,40,0,0.396233169943135,1.00950659950404,-10.8350008215583,60,0,0,0,0.948186592811111,-12.6143600739899,60,0,0,0,0.99864592965849,-11.7171273661745,59.9999999999985,0,0,0,0.986912899856917
5.8,10.0258822134749,60,201.708058052754,71.2480782529227,2.01812782542025,1.06,-3.78849156527524,60.0000000000008,40,0,0.396233169943135,1.00950659950404,-10.8350008215583,60,0,0,0,0.948186592811111,-12.6143600739899,60,0,0,0,0.99864592965849,-11.7171273661745,59.9999999999985,0,0,0,0.986912899856917
5.81,10.0258822134749,60,201.708058052754,71.2480782529227,2.01812782542025,1.06,-3.78849156527524,60.0000000000008,40,0,0.396233169943135,1.00950659950404,-10.8350008215583,60,0,0,0,0.948186592811111,-12.6143600739899,60,0,0,0,0.99864592965849,-11.7171273661745,59.9999999999985,0,0,0,0.986912899856917
5.82,10.0258822134749,60,201.708058052754,71.2480782529227,2.01812782542025,1.06,-3.78849156527524,60.0000000000008,40,0,0.396233169943135,1.00950659950404,-10.8350008215583,60,0,0,0,0.948186592811111,-12.6143600739899,60,0,0,0,0.99864592965849,-11.7171273661745,59.9999999999985,0,0,0,0.986912899856917
5.83,10.0258822134749,60,201.708058052754,71.2480782529227,2.01812782542025,1.06,-3.78849156527524,60.0000000000008,40,0,0.396233169943135,1.00950659950404,-10.8350008215583,60,0,0,0,0.948186592811111,-12.6143600739899,60,0,0,0,0.99864592965849,-11.7171273661745,59.9999999999985,0,0,0,0.986912899856917
5.84,10.0258822134749,60,201.708058052754,71.2480782529227,2.01812782542025,1.06,-3.78849156527524,60.0000000000008,40,0,0.396233169943135,1.00950659950404,-10.8350008215583,60,0,0,0,0.948186592811111,-12.6143600739899,60,0,0,0,0.99864592965849,-11.7171273661745,59.9999999999985,0,0,0,0.986912899856917
5.85,10.0258822134749,60,201.708058052754,71.2480782529227,2.01812782542025,1.06,-3.78849156527524,60.0000000000008,40,0,0.396233169943135,1.00950659950404,-10.8350008215583,60,0,0,0,0.948186592811111,-12.6143600739899,60,0,0,0,0.99864592965849,-11.7171273661745,59.9999999999985,0,0,0,0.986912899856917
5.86,10.0258822134749,60,201.708058052754,71.2480782529227,2.01812782542025,1.06,-3.78849156527524,60.0000000000008,40,0,0.396233169943135,1.00950659950404,-10.8350008215583,60,0,0,0,0.948186592811111,-12.6143600739899,60,0,0,0,0.99864592965849,-11.7171273661745,59.9999999999985,0,0,0,0.986912899856917
5.87,10.0258822134749,60,201.708058052754,71.2480782529227,2.01812782542025,1.06,-3.78849156527524,60.0000000000008,40,0,0.396233169943135,1.00950659950404,-10.8350008215583,60,0,0,0,0.948186592811111,-12.6143600739899,60,0,0,0,0.99864592965849,-11.7171273661745,59.9999999999985,0,0,0,0.986912899856917
5.88,10.0258822134749,60,201.708058052754,71.2480782529227,2.01812782542025,1.06,-3.78849156527524,60.0000000000008,40,0,0.396233169943135,1.00950659950404,-10.8350008215583,60,0,0,0,0.948186592811111,-12.6143600739899,60,0,0,0,0.99864592965849,-11.7171273661745,59.9999999999985,0,0,0,0.986912899856917
5.89,10.0258822134749,60,201.708058052754,71.2480782529227,2.01812782542025,1.06,-3.78849156527524,60.0000000000008,40,0,0.396233169943135,1.00950659950404,-10.8350008215583,60,0,0,0,0.948186592811111,-12.6143600739899,60,0,0,0,0.99864592965849,-11.7171273661745,59.9999999999985,0,0,0,0.986912899856917
5.9,10.0258822134749,60,201.708058052754,71.2480782529227,2.01812782542025,1.06,-3.78849156527524,60.0000000000008,40,0,0.396233169943135,1.00950659950404,-10.8350008215583,60,0,0,0,0.948186592811111,-12.6143600739899,60,0,0,0,0.99864592965849,-11.7171273661745,59.9999999999985,0,0,0,0.986912899856917
5.91,10.0258822134749,60,201.708058052754,71.2480782529227,2.01812782542025,1.06,-3.78849156527524,60.0000000000008,40,0,0.396233169943135,1.00950659950404,-10.8350008215583,60,0,0,0,0.948186592811111,-12.6143600739899,60,0,0,0,0.99864592965849,-11.7171273661745,59.9999999999985,0,0,0,0.986912899856917
5.92,10.0258822134749,60,201.708058052754,71.2480782529227,2.01812782542025,1.06,-3.78849156527524,60.0000000000008,40,0,0.396233169943135,1.00950659950404,-10.8350008215583,60,0,0,0,0.948186592811111,-12.6143600739899,60,0,0,0,0.99864592965849,-11.7171273661745,59.9999999999985,0,0,0,0.986912899856917
5.93,10.0258822134749,60,201.708058052754,71.2480782529227,2.01812782542025,1.06,-3.78849156527524,60.0000000000008,40,0,0.396233169943135,1.00950659950404,-10.8350008215583,60,0,0,0,0.948186592811111,-12.6143600739899,60,0,0,0,0.99864592965849,-11.7171273661745,59.9999999999985,0,0,0,0.986912899856917
5.94,10.0258822134749,60,201.708058052754,71.2480782529227,2.01812782542025,1.06,-3.78849156527524,60.0000000000008,40,0,0.396233169943135,1.00950659950404,-10.8350008215583,60,0,0,0,0.948186592811111,-12.6143600739899,60,0,0,0,0.99864592965849,-11.7171273661745,59.9999999999985,0,0,0,0.986912899856917
5.95,10.0258822134749,60,201.708058052754,71.2480782529227,2.01812782542025,1.06,-3.78849156527524,60.0000000000008,40,0,0.396233169943135,1.00950659950404,-10.8350008215583,60,0,0,0,0.948186592811111,-12.6143600739899,60,0,0,0,0.99864592965849,-11.7171273661745,59.9999999999985,0,0,0,0.986912899856917
5.96,10.0258822134749,60,201.708058052754,71.2480782529227,2.01812782542025,1.06,-3.78849156527524,60.0000000000008,40,0,0.396233169943135,1.00950659950404,-10.8350008215583,60,0,0,0,0.948186592811111,-12.6143600739899,60,0,0,0,0.99864592965849,-11.7171273661745,59.9999999999985,0,0,0,0.986912899856917
5.97,10.0258822134749,60,201.708058052754,71.2480782529227,2.01812782542025,1.06,-3.78849156527524,60.0000000000008,40,0,0.396233169943135,1.00950659950404,-10.8350008215583,60,0,0,0,0.948186592811111,-12.6143600739899,60,0,0,0,0.99864592965849,-11.7171273661745,59.9999999999985,0,0,0,0.986912899856917
5.98,10.0258822134749,60,201.708058052754,71.2480782529227,2.01812782542025,1.06,-3.78849156527524,60.0000000000008,40,0,0.396233169943135,1.00950659950404,-10.8350008215583,60,0,0,0,0.948186592811111,-12.6143600739899,60,0,0,0,0.99864592965849,-11.7171273661745,59.9999999999985,0,0,0,0.986912899856917
5.99,10.0258822134749,60,201.708058052754,71.2480782529227,2.01812782542025,1.06,-3.78849156527524,60.0000000000008,40,0,0.396233169943135,1.00950659950404,-10.8350008215583,60,0,0,0,0.948186592811111,-12.6143600739899,60,0,0,0,0.99864592965849,-11.7171273661745,59.9999999999985,0,0,0,0.986912899856917
6,10.0258822134749,60,201.708058052754,71.2480782529227,2.01812782542025,1.06,-3.78849156527524,60.0000000000008,40,0,0.396233169943135,1.00950659950404,-10.8350008215583,60,0,0,0,0.948186592811111,-12.6143600739899,60,0,0,0,0.99864592965849,-11.7171273661745,59.9999999999985,0,0,0,0.986912899856917
6.01,10.0258822134749,60,201.708058052754,71.2480782529227,2.01812782542025,1.06,-3.78849156527524,60.0000000000008,40,0,0.396233169943135,1.00950659950404,-10.8350008215583,60,0,0,0,0.948186592811111,-12.6143600739899,60,0,0,0,0.99864592965849,-11.7171273661745,59.9999999999985,0,0,0,0.986912899856917
6.02,10.0258822134749,60,201.708058052754,71.2480782529227,2.01812782542025,1.06,-3.78849156527524,60.0000000000008,40,0,0.396233169943135,1.00950659950404,-10.8350008215583,60,0,0,0,0.948186592811111,-12.6143600739899,60,0,0,0,0.99864592965849,-11.7171273661745,59.9999999999985,0,0,0,0.986912899856917
6.03,10.0258822134749,60,201.708058052754,71.2480782529227,2.01812782542025,1.06,-3.78849156527524,60.0000000000008,40,0,0.396233169943135,1.00950659950404,-10.8350008215583,60,0,0,0,0.948186592811111,-12.6143600739899,60,0,0,0,0.99864592965849,-11.7171273661745,59.9999999999985,0,0,0,0.986912899856917
6.04,10.0258822134749,60,201.708058052754,71.2480782529227,2.01812782542025,1.06,-3.78849156527524,60.0000000000008,40,0,0.396233169943135,1.00950659950404,-10.8350008215583,60,0,0,0,0.948186592811111,-12.6143600739899,60,0,0,0,0.99864592965849,-11.7171273661745,59.9999999999985,0,0,0,0.986912899856917
6.05,10.0258822134749,60,201.708058052754,71.2480782529227,2.01812782542025,1.06,-3.78849156527524,60.0000000000008,40,0,0.396233169943135,1.00950659950404,-10.8350008215583,60,0,0,0,0.948186592811111,-12.6143600739899,60,0,0,0,0.99864592965849,-11.7171273661745,59.9999999999985,0,0,0,0.986912899856917
6.06,10.0258822134749,60,201.708058052754,71.2480782529227,2.01812782542025,1.06,-3.78849156527524,60.0000000000008,40,0,0.396233169943135,1.00950659950404,-10.8350008215583,60,0,0,0,0.948186592811111,-12.6143600739899,60,0,0,0,0.99864592965849,-11.7171273661745,59.9999999999985,0,0,0,0.986912899856917
6.07,10.0258822134749,60,201.708058052754,71.2480782529227,2.01812782542025,1.06,-3.78849156527524,60.0000000000008,40,0,0.396233169943135,1.00950659950404,-10.8350008215583,60,0,0,0,0.948186592811111,-12.6143600739899,60,0,0,0,0.99864592965849,-11.7171273661745,59.9999999999985,0,0,0,0.986912899856917
6.08,10.0258822134749,60,201.708058052754,71.2480782529227,2.01812782542025,1.06,-3.78849156527524,60.0000000000008,40,0,0.396233169943135,1.00950659950404,-10.8350008215583,60,0,0,0,0.948186592811111,-12.6143600739899,60,0,0,0,0.99864592965849,-11.7171273661745,59.9999999999985,0,0,0,0.986912899856917
6.09,10.0258822134749,60,201.708058052754,71.2480782529227,2.01812782542025,1.06,-3.78849156527524,60.0000000000008,40,0,0.396233169943135,1.00950659950404,-10.8350008215583,60,0,0,0,0.948186592811111,-12.6143600739899,60,0,0,0,0.99864592965849,-11.7171273661745,59.9999999999985,0,0,0,0.986912899856917
6.1,10.0258822134749,60,201.708058052754,71.2480782529227,2.01812782542025,1.06,-3.78849156527524,60.0000000000008,40,0,0.396233169943135,1.00950659950404,-10.8350008215583,60,0,0,0,0.948186592811111,-12.6143600739899,60,0,0,0,0.99864592965849,-11.7171273661745,59.9999999999985,0,0,0,0.986912899856917
6.11,10.0258822134749,60,201.708058052754,71.2480782529227,2.01812782542025,1.06,-3.78849156527524,60.0000000000008,40,0,0.396233169943135,1.00950659950404,-10.8350008215583,60,0,0,0,0.948186592811111,-12.6143600739899,60,0,0,0,0.99864592965849,-11.7171273661745,59.9999999999985,0,0,0,0.986912899856917
6.12,10.0258822134749,60,201.708058052754,71.2480782529227,2.01812782542025,1.06,-3.78849156527524,60.0000000000008,40,0,0.396233169943135,1.00950659950404,-10.8350008215583,60,0,0,0,0.948186592811111,-12.6143600739899,60,0,0,0,0.99864592965849,-11.7171273661745,59.9999999999985,0,0,0,0.986912899856917
6.13,10.0258822134749,60,201.708058052754,71.2480782529227,2.01812782542025,1.06,-3.78849156527524,60.0000000000008,40,0,0.396233169943135,1.00950659950404,-10.8350008215583,60,0,0,0,0.948186592811111,-12.6143600739899,60,0,0,0,0.99864592965849,-11.7171273661745,59.9999999999985,0,0,0,0.986912899856917
6.14,10.0258822134749,60,201.708058052754,71.2480782529227,2.01812782542025,1.06,-3.78849156527524,60.0000000000008,40,0,0.396233169943135,1.00950659950404,-10.8350008215583,60,0,0,0,0.948186592811111,-12.6143600739899,60,0,0,0,0.99864592965849,-11.7171273661745,59.9999999999985,0,0,0,0.986912899856917
6.15,10.0258822134749,60,201.708058052754,71.2480782529227,2.01812782542025,1.06,-3.78849156527524,60.0000000000008,40,0,0.396233169943135,1.00950659950404,-10.8350008215583,60,0,0,0,0.948186592811111,-12.6143600739899,60,0,0,0,0.99864592965849,-11.7171273661745,59.9999999999985,0,0,0,0.986912899856917
6.16,10.0258822134749,60,201.708058052754,71.2480782529227,2.01812782542025,1.06,-3.78849156527524,60.0000000000008,40,0,0.396233169943135,1.00950659950404,-10.8350008215583,60,0,0,0,0.948186592811111,-12.6143600739899,60,0,0,0,0.99864592965849,-11.7171273661745,59.9999999999985,0,0,0,0.986912899856917
6.17,10.0258822134749,60,201.708058052754,71.2480782529227,2.01812782542025,1.06,-3.78849156527524,60.0000000000008,40,0,0.396233169943135,1.00950659950404,-10.8350008215583,60,0,0,0,0.948186592811111,-12.6143600739899,60,0,0,0,0.99864592965849,-11.7171273661745,59.9999999999985,0,0,0,0.986912899856917
6.18,10.0258822134749,60,201.708058052754,71.2480782529227,2.01812782542025,1.06,-3.78849156527524,60.0000000000008,40,0,0.396233169943135,1.00950659950404,-10.8350008215583,60,0,0,0,0.948186592811111,-12.6143600739899,60,0,0,0,0.99864592965849,-11.7171273661745,59.9999999999985,0,0,0,0.986912899856917
6.19,10.0258822134749,60,201.708058052754,71.2480782529227,2.01812782542025,1.06,-3.78849156527524,60.0000000000008,40,0,0.396233169943135,1.00950659950404,-10.8350008215583,60,0,0,0,0.948186592811111,-12.6143600739899,60,0,0,0,0.99864592965849,-11.7171273661745,59.9999999999985,0,0,0,0.986912899856917
6.2,10.0258822134749,60,201.708058052754,71.2480782529227,2.01812782542025,1.06,-3.78849156527524,60.0000000000008,40,0,0.396233169943135,1.00950659950404,-10.8350008215583,60,0,0,0,0.948186592811111,-12.6143600739899,60,0,0,0,0.99864592965849,-11.7171273661745,59.9999999999985,0,0,0,0.986912899856917
6.21,10.0258822134749,60,201.708058052754,71.2480782529227,2.01812782542025,1.06,-3.78849156527524,60.0000000000008,40,0,0.396233169943135,1.00950659950404,-10.8350008215583,60,0,0,0,0.948186592811111,-12.6143600739899,60,0,0,0,0.99864592965849,-11.7171273661745,59.9999999999985,0,0,0,0.986912899856917
6.22,10.0258822134749,60,201.708058052754,71.2480782529227,2.01812782542025,1.06,-3.78849156527524,60.0000000000008,40,0,0.396233169943135,1.00950659950404,-10.8350008215583,60,0,0,0,0.948186592811111,-12.6143600739899,60,0,0,0,0.99864592965849,-11.7171273661745,59.9999999999985,0,0,0,0.986912899856917
6.23,10.0258822134749,60,201.708058052754,71.2480782529227,2.01812782542025,1.06,-3.78849156527524,60.0000000000008,40,0,0.396233169943135,1.00950659950404,-10.8350008215583,60,0,0,0,0.948186592811111,-12.6143600739899,60,0,0,0,0.99864592965849,-11.7171273661745,59.9999999999985,0,0,0,0.986912899856917
6.24,10.0258822134749,60,201.708058052754,71.2480782529227,2.01812782542025,1.06,-3.78849156527524,60.0000000000008,40,0,0.396233169943135,1.00950659950404,-10.8350008215583,60,0,0,0,0.948186592811111,-12.6143600739899,60,0,0,0,0.99864592965849,-11.7171273661745,59.9999999999985,0,0,0,0.986912899856917
6.25,10.0258822134749,60,201.708058052754,71.2480782529227,2.01812782542025,1.06,-3.78849156527524,60.0000000000008,40,0,0.396233169943135,1.00950659950404,-10.8350008215583,60,0,0,0,0.948186592811111,-12.6143600739899,60,0,0,0,0.99864592965849,-11.7171273661745,59.9999999999985,0,0,0,0.986912899856917
6.26,10.0258822134749,60,201.708058052754,71.2480782529227,2.01812782542025,1.06,-3.78849156527524,60.0000000000008,40,0,0.396233169943135,1.00950659950404,-10.8350008215583,60,0,0,0,0.948186592811111,-12.6143600739899,60,0,0,0,0.99864592965849,-11.7171273661745,59.9999999999985,0,0,0,0.986912899856917
6.27,10.0258822134749,60,201.708058052754,71.2480782529227,2.01812782542025,1.06,-3.78849156527524,60.0000000000008,40,0,0.396233169943135,1.00950659950404,-10.8350008215583,60,0,0,0,0.948186592811111,-12.6143600739899,60,0,0,0,0.99864592965849,-11.7171273661745,59.9999999999985,0,0,0,0.986912899856917
6.28,10.0258822134749,60,201.708058052754,71.2480782529227,2.01812782542025,1.06,-3.78849156527524,60.0000000000008,40,0,0.396233169943135,1.00950659950404,-10.8350008215583,60,0,0,0,0.948186592811111,-12.6143600739899,60,0,0,0,0.99864592965849,-11.7171273661745,59.9999999999985,0,0,0,0.986912899856917
6.29,10.0258822134749,60,201.708058052754,71.2480782529227,2.01812782542025,1.06,-3.78849156527524,60.0000000000008,40,0,0.396233169943135,1.00950659950404,-10.8350008215583,60,0,0,0,0.948186592811111,-12.6143600739899,60,0,0,0,0.99864592965849,-11.7171273661745,59.9999999999985,0,0,0,0.986912899856917
6.3,10.0258822134749,60,201.708058052754,71.2480782529227,2.01812782542025,1.06,-3.78849156527524,60.0000000000008,40,0,0.396233169943135,1.00950659950404,-10.8350008215583,60,0,0,0,0.948186592811111,-12.6143600739899,60,0,0,0,0.99864592965849,-11.7171273661745,59.9999999999985,0,0,0,0.986912899856917
6.31,10.0258822134749,60,201.708058052754,71.2480782529227,2.01812782542025,1.06,-3.78849156527524,60.0000000000008,40,0,0.396233169943135,1.00950659950404,-10.8350008215583,60,0,0,0,0.948186592811111,-12.6143600739899,60,0,0,0,0.99864592965849,-11.7171273661745,59.9999999999985,0,0,0,0.986912899856917
6.32,10.0258822134749,60,201.708058052754,71.2480782529227,2.01812782542025,1.06,-3.78849156527524,60.0000000000008,40,0,0.396233169943135,1.00950659950404,-10.8350008215583,60,0,0,0,0.948186592811111,-12.6143600739899,60,0,0,0,0.99864592965849,-11.7171273661745,59.9999999999985,0,0,0,0.986912899856917
6.33,10.0258822134749,60,201.708058052754,71.2480782529227,2.01812782542025,1.06,-3.78849156527524,60.0000000000008,40,0,0.396233169943135,1.00950659950404,-10.8350008215583,60,0,0,0,0.948186592811111,-12.6143600739899,60,0,0,0,0.99864592965849,-11.7171273661745,59.9999999999985,0,0,0,0.986912899856917
6.34,10.0258822134749,60,201.708058052754,71.2480782529227,2.01812782542025,1.06,-3.78849156527524,60.0000000000008,40,0,0.396233169943135,1.00950659950404,-10.8350008215583,60,0,0,0,0.948186592811111,-12.6143600739899,60,0,0,0,0.99864592965849,-11.7171273661745,59.9999999999985,0,0,0,0.986912899856917
6.35,10.0258822134749,60,201.708058052754,71.2480782529227,2.01812782542025,1.06,-3.78849156527524,60.0000000000008,40,0,0.396233169943135,1.00950659950404,-10.8350008215583,60,0,0,0,0.948186592811111,-12.6143600739899,60,0,0,0,0.99864592965849,-11.7171273661745,59.9999999999985,0,0,0,0.986912899856917
6.36,10.0258822134749,60,201.708058052754,71.2480782529227,2.01812782542025,1.06,-3.78849156527524,60.0000000000008,40,0,0.396233169943135,1.00950659950404,-10.8350008215583,60,0,0,0,0.948186592811111,-12.6143600739899,60,0,0,0,0.99864592965849,-11.7171273661745,59.9999999999985,0,0,0,0.986912899856917
6.37,10.0258822134749,60,201.708058052754,71.2480782529227,2.01812782542025,1.06,-3.78849156527524,60.0000000000008,40,0,0.396233169943135,1.00950659950404,-10.8350008215583,60,0,0,0,0.948186592811111,-12.6143600739899,60,0,0,0,0.99864592965849,-11.7171273661745,59.9999999999985,0,0,0,0.986912899856917
6.38,10.0258822134749,60,201.708058052754,71.2480782529227,2.01812782542025,1.06,-3.78849156527524,60.0000000000008,40,0,0.396233169943135,1.00950659950404,-10.8350008215583,60,0,0,0,0.948186592811111,-12.6143600739899,60,0,0,0,0.99864592965849,-11.7171273661745,59.9999999999985,0,0,0,0.986912899856917
6.39,10.0258822134749,60,201.708058052754,71.2480782529227,2.01812782542025,1.06,-3.78849156527524,60.0000000000008,40,0,0.396233169943135,1.00950659950404,-10.8350008215583,60,0,0,0,0.948186592811111,-12.6143600739899,60,0,0,0,0.99864592965849,-11.7171273661745,59.9999999999985,0,0,0,0.986912899856917
6.4,10.0258822134749,60,201.708058052754,71.2480782529227,2.01812782542025,1.06,-3.78849156527524,60.0000000000008,40,0,0.396233169943135,1.00950659950404,-10.8350008215583,60,0,0,0,0.948186592811111,-12.6143600739899,60,0,0,0,0.99864592965849,-11.7171273661745,59.9999999999985,0,0,0,0.986912899856917
6.41,10.0258822134749,60,201.708058052754,71.2480782529227,2.01812782542025,1.06,-3.78849156527524,60.0000000000008,40,0,0.396233169943135,1.00950659950404,-10.8350008215583,60,0,0,0,0.948186592811111,-12.6143600739899,60,0,0,0,0.99864592965849,-11.7171273661745,59.9999999999985,0,0,0,0.986912899856917
6.42,10.0258822134749,60,201.708058052754,71.2480782529227,2.01812782542025,1.06,-3.78849156527524,60.0000000000008,40,0,0.396233169943135,1.00950659950404,-10.8350008215583,60,0,0,0,0.948186592811111,-12.6143600739899,60,0,0,0,0.99864592965849,-11.7171273661745,59.9999999999985,0,0,0,0.986912899856917
6.43,10.0258822134749,60,201.708058052754,71.2480782529227,2.01812782542025,1.06,-3.78849156527524,60.0000000000008,40,0,0.396233169943135,1.00950659950404,-10.8350008215583,60,0,0,0,0.948186592811111,-12.6143600739899,60,0,0,0,0.99864592965849,-11.7171273661745,59.9999999999985,0,0,0,0.986912899856917
6.44,10.0258822134749,60,201.708058052754,71.2480782529227,2.01812782542025,1.06,-3.78849156527524,60.0000000000008,40,0,0.396233169943135,1.00950659950404,-10.8350008215583,60,0,0,0,0.948186592811111,-12.6143600739899,60,0,0,0,0.99864592965849,-11.7171273661745,59.9999999999985,0,0,0,0.986912899856917
6.45,10.0258822134749,60,201.708058052754,71.2480782529227,2.01812782542025,1.06,-3.78849156527524,60.0000000000008,40,0,0.396233169943135,1.00950659950404,-10.8350008215583,60,0,0,0,0.948186592811111,-12.6143600739899,60,0,0,0,0.99864592965849,-11.7171273661745,59.9999999999985,0,0,0,0.986912899856917
6.46,10.0258822134749,60,201.708058052754,71.2480782529227,2.01812782542025,1.06,-3.78849156527524,60.0000000000008,40,0,0.396233169943135,1.00950659950404,-10.8350008215583,60,0,0,0,0.948186592811111,-12.6143600739899,60,0,0,0,0.99864592965849,-11.7171273661745,59.9999999999985,0,0,0,0.986912899856917
6.47,10.0258822134749,60,201.708058052754,71.2480782529227,2.01812782542025,1.06,-3.78849156527524,60.0000000000008,40,0,0.396233169943135,1.00950659950404,-10.8350008215583,60,0,0,0,0.948186592811111,-12.6143600739899,60,0,0,0,0.99864592965849,-11.7171273661745,59.9999999999985,0,0,0,0.986912899856917
6.48,10.0258822134749,60,201.708058052754,71.2480782529227,2.01812782542025,1.06,-3.78849156527524,60.0000000000008,40,0,0.396233169943135,1.00950659950404,-10.8350008215583,60,0,0,0,0.948186592811111,-12.6143600739899,60,0,0,0,0.99864592965849,-11.7171273661745,59.9999999999985,0,0,0,0.986912899856917
6.49,10.0258822134749,60,201.708058052754,71.2480782529227,2.01812782542025,1.06,-3.78849156527524,60.0000000000008,40,0,0.396233169943135,1.00950659950404,-10.8350008215583,60,0,0,0,0.948186592811111,-12.6143600739899,60,0,0,0,0.99864592965849,-11.7171273661745,59.9999999999985,0,0,0,0.986912899856917
6.5,10.0258822134749,60,201.708058052754,71.2480782529227,2.01812782542025,1.06,-3.78849156527524,60.0000000000008,40,0,0.396233169943135,1.00950659950404,-10.8350008215583,60,0,0,0,0.948186592811111,-12.6143600739899,60,0,0,0,0.99864592965849,-11.7171273661745,59.9999999999985,0,0,0,0.986912899856917
6.51,10.0258822134749,60,201.708058052754,71.2480782529227,2.01812782542025,1.06,-3.78849156527524,60.0000000000008,40,0,0.396233169943135,1.00950659950404,-10.8350008215583,60,0,0,0,0.948186592811111,-12.6143600739899,60,0,0,0,0.99864592965849,-11.7171273661745,59.9999999999985,0,0,0,0.986912899856917
6.52,10.0258822134749,60,201.708058052754,71.2480782529227,2.01812782542025,1.06,-3.78849156527524,60.0000000000008,40,0,0.396233169943135,1.00950659950404,-10.8350008215583,60,0,0,0,0.948186592811111,-12.6143600739899,60,0,0,0,0.99864592965849,-11.7171273661745,59.9999999999985,0,0,0,0.986912899856917
6.53,10.0258822134749,60,201.708058052754,71.2480782529227,2.01812782542025,1.06,-3.78849156527524,60.0000000000008,40,0,0.396233169943135,1.00950659950404,-10.8350008215583,60,0,0,0,0.948186592811111,-12.6143600739899,60,0,0,0,0.99864592965849,-11.7171273661745,59.9999999999985,0,0,0,0.986912899856917
6.54,10.0258822134749,60,201.708058052754,71.2480782529227,2.01812782542025,1.06,-3.78849156527524,60.0000000000008,40,0,0.396233169943135,1.00950659950404,-10.8350008215583,60,0,0,0,0.948186592811111,-12.6143600739899,60,0,0,0,0.99864592965849,-11.7171273661745,59.9999999999985,0,0,0,0.986912899856917
6.55,10.0258822134749,60,201.708058052754,71.2480782529227,2.01812782542025,1.06,-3.78849156527524,60.0000000000008,40,0,0.396233169943135,1.00950659950404,-10.8350008215583,60,0,0,0,0.948186592811111,-12.6143600739899,60,0,0,0,0.99864592965849,-11.7171273661745,59.9999999999985,0,0,0,0.986912899856917
6.56,10.0258822134749,60,201.708058052754,71.2480782529227,2.01812782542025,1.06,-3.78849156527524,60.0000000000008,40,0,0.396233169943135,1.00950659950404,-10.8350008215583,60,0,0,0,0.948186592811111,-12.6143600739899,60,0,0,0,0.99864592965849,-11.7171273661745,59.9999999999985,0,0,0,0.986912899856917
6.57,10.0258822134749,60,201.708058052754,71.2480782529227,2.01812782542025,1.06,-3.78849156527524,60.0000000000008,40,0,0.396233169943135,1.00950659950404,-10.8350008215583,60,0,0,0,0.948186592811111,-12.6143600739899,60,0,0,0,0.99864592965849,-11.7171273661745,59.9999999999985,0,0,0,0.986912899856917
6.58,10.0258822134749,60,201.708058052754,71.2480782529227,2.01812782542025,1.06,-3.78849156527524,60.0000000000008,40,0,0.396233169943135,1.00950659950404,-10.8350008215583,60,0,0,0,0.948186592811111,-12.6143600739899,60,0,0,0,0.99864592965849,-11.7171273661745,59.9999999999985,0,0,0,0.986912899856917
6.59,10.0258822134749,60,201.708058052754,71.2480782529227,2.01812782542025,1.06,-3.78849156527524,60.0000000000008,40,0,0.396233169943135,1.00950659950404,-10.8350008215583,60,0,0,0,0.948186592811111,-12.6143600739899,60,0,0,0,0.99864592965849,-11.7171273661745,59.9999999999985,0,0,0,0.986912899856917
6.6,10.0258822134749,60,201.708058052754,71.2480782529227,2.01812782542025,1.06,-3.78849156527524,60.0000000000008,40,0,0.396233169943135,1.00950659950404,-10.8350008215583,60,0,0,0,0.948186592811111,-12.6143600739899,60,0,0,0,0.99864592965849,-11.7171273661745,59.9999999999985,0,0,0,0.986912899856917
6.61,10.0258822134749,60,201.708058052754,71.2480782529227,2.01812782542025,1.06,-3.78849156527524,60.0000000000008,40,0,0.396233169943135,1.00950659950404,-10.8350008215583,60,0,0,0,0.948186592811111,-12.6143600739899,60,0,0,0,0.99864592965849,-11.7171273661745,59.9999999999985,0,0,0,0.986912899856917
6.62,10.0258822134749,60,201.708058052754,71.2480782529227,2.01812782542025,1.06,-3.78849156527524,60.0000000000008,40,0,0.396233169943135,1.00950659950404,-10.8350008215583,60,0,0,0,0.948186592811111,-12.6143600739899,60,0,0,0,0.99864592965849,-11.7171273661745,59.9999999999985,0,0,0,0.986912899856917
6.63,10.0258822134749,60,201.708058052754,71.2480782529227,2.01812782542025,1.06,-3.78849156527524,60.0000000000008,40,0,0.396233169943135,1.00950659950404,-10.8350008215583,60,0,0,0,0.948186592811111,-12.6143600739899,60,0,0,0,0.99864592965849,-11.7171273661745,59.9999999999985,0,0,0,0.986912899856917
6.64,10.0258822134749,60,201.708058052754,71.2480782529227,2.01812782542025,1.06,-3.78849156527524,60.0000000000008,40,0,0.396233169943135,1.00950659950404,-10.8350008215583,60,0,0,0,0.948186592811111,-12.6143600739899,60,0,0,0,0.99864592965849,-11.7171273661745,59.9999999999985,0,0,0,0.986912899856917
6.65,10.0258822134749,60,201.708058052754,71.2480782529227,2.01812782542025,1.06,-3.78849156527524,60.0000000000008,40,0,0.396233169943135,1.00950659950404,-10.8350008215583,60,0,0,0,0.948186592811111,-12.6143600739899,60,0,0,0,0.99864592965849,-11.7171273661745,59.9999999999985,0,0,0,0.986912899856917
6.66,10.0258822134749,60,201.708058052754,71.2480782529227,2.01812782542025,1.06,-3.78849156527524,60.0000000000008,40,0,0.396233169943135,1.00950659950404,-10.8350008215583,60,0,0,0,0.948186592811111,-12.6143600739899,60,0,0,0,0.99864592965849,-11.7171273661745,59.9999999999985,0,0,0,0.986912899856917
6.67,10.0258822134749,60,201.708058052754,71.2480782529227,2.01812782542025,1.06,-3.78849156527524,60.0000000000008,40,0,0.396233169943135,1.00950659950404,-10.8350008215583,60,0,0,0,0.948186592811111,-12.6143600739899,60,0,0,0,0.99864592965849,-11.7171273661745,59.9999999999985,0,0,0,0.986912899856917
6.68,10.0258822134749,60,201.708058052754,71.2480782529227,2.01812782542025,1.06,-3.78849156527524,60.0000000000008,40,0,0.396233169943135,1.00950659950404,-10.8350008215583,60,0,0,0,0.948186592811111,-12.6143600739899,60,0,0,0,0.99864592965849,-11.7171273661745,59.9999999999985,0,0,0,0.986912899856917
6.69,10.0258822134749,60,201.708058052754,71.2480782529227,2.01812782542025,1.06,-3.78849156527524,60.0000000000008,40,0,0.396233169943135,1.00950659950404,-10.8350008215583,60,0,0,0,0.948186592811111,-12.6143600739899,60,0,0,0,0.99864592965849,-11.7171273661745,59.9999999999985,0,0,0,0.986912899856917
6.7,10.0258822134749,60,201.708058052754,71.2480782529227,2.01812782542025,1.06,-3.78849156527524,60.0000000000008,40,0,0.396233169943135,1.00950659950404,-10.8350008215583,60,0,0,0,0.948186592811111,-12.6143600739899,60,0,0,0,0.99864592965849,-11.7171273661745,59.9999999999985,0,0,0,0.986912899856917
6.71,10.0258822134749,60,201.708058052754,71.2480782529227,2.01812782542025,1.06,-3.78849156527524,60.0000000000008,40,0,0.396233169943135,1.00950659950404,-10.8350008215583,60,0,0,0,0.948186592811111,-12.6143600739899,60,0,0,0,0.99864592965849,-11.7171273661745,59.9999999999985,0,0,0,0.986912899856917
6.72,10.0258822134749,60,201.708058052754,71.2480782529227,2.01812782542025,1.06,-3.78849156527524,60.0000000000008,40,0,0.396233169943135,1.00950659950404,-10.8350008215583,60,0,0,0,0.948186592811111,-12.6143600739899,60,0,0,0,0.99864592965849,-11.7171273661745,59.9999999999985,0,0,0,0.986912899856917
6.73,10.0258822134749,60,201.708058052754,71.2480782529227,2.01812782542025,1.06,-3.78849156527524,60.0000000000008,40,0,0.396233169943135,1.00950659950404,-10.8350008215583,60,0,0,0,0.948186592811111,-12.6143600739899,60,0,0,0,0.99864592965849,-11.7171273661745,59.9999999999985,0,0,0,0.986912899856917
6.74,10.0258822134749,60,201.708058052754,71.2480782529227,2.01812782542025,1.06,-3.78849156527524,60.0000000000008,40,0,0.396233169943135,1.00950659950404,-10.8350008215583,60,0,0,0,0.948186592811111,-12.6143600739899,60,0,0,0,0.99864592965849,-11.7171273661745,59.9999999999985,0,0,0,0.986912899856917
6.75,10.0258822134749,60,201.708058052754,71.2480782529227,2.01812782542025,1.06,-3.78849156527524,60.0000000000008,40,0,0.396233169943135,1.00950659950404,-10.8350008215583,60,0,0,0,0.948186592811111,-12.6143600739899,60,0,0,0,0.99864592965849,-11.7171273661745,59.9999999999985,0,0,0,0.986912899856917
6.76,10.0258822134749,60,201.708058052754,71.2480782529227,2.01812782542025,1.06,-3.78849156527524,60.0000000000008,40,0,0.396233169943135,1.00950659950404,-10.8350008215583,60,0,0,0,0.948186592811111,-12.6143600739899,60,0,0,0,0.99864592965849,-11.7171273661745,59.9999999999985,0,0,0,0.986912899856917
6.77,10.0258822134749,60,201.708058052754,71.2480782529227,2.01812782542025,1.06,-3.78849156527524,60.0000000000008,40,0,0.396233169943135,1.00950659950404,-10.8350008215583,60,0,0,0,0.948186592811111,-12.6143600739899,60,0,0,0,0.99864592965849,-11.7171273661745,59.9999999999985,0,0,0,0.986912899856917
6.78,10.0258822134749,60,201.708058052754,71.2480782529227,2.01812782542025,1.06,-3.78849156527524,60.0000000000008,40,0,0.396233169943135,1.00950659950404,-10.8350008215583,60,0,0,0,0.948186592811111,-12.6143600739899,60,0,0,0,0.99864592965849,-11.7171273661745,59.9999999999985,0,0,0,0.986912899856917
6.79,10.0258822134749,60,201.708058052754,71.2480782529227,2.01812782542025,1.06,-3.78849156527524,60.0000000000008,40,0,0.396233169943135,1.00950659950404,-10.8350008215583,60,0,0,0,0.948186592811111,-12.6143600739899,60,0,0,0,0.99864592965849,-11.7171273661745,59.9999999999985,0,0,0,0.986912899856917
6.8,10.0258822134749,60,201.708058052754,71.2480782529227,2.01812782542025,1.06,-3.78849156527524,60.0000000000008,40,0,0.396233169943135,1.00950659950404,-10.8350008215583,60,0,0,0,0.948186592811111,-12.6143600739899,60,0,0,0,0.99864592965849,-11.7171273661745,59.9999999999985,0,0,0,0.986912899856917
6.81,10.0258822134749,60,201.708058052754,71.2480782529227,2.01812782542025,1.06,-3.78849156527524,60.0000000000008,40,0,0.396233169943135,1.00950659950404,-10.8350008215583,60,0,0,0,0.948186592811111,-12.6143600739899,60,0,0,0,0.99864592965849,-11.7171273661745,59.9999999999985,0,0,0,0.986912899856917
6.82,10.0258822134749,60,201.708058052754,71.2480782529227,2.01812782542025,1.06,-3.78849156527524,60.0000000000008,40,0,0.396233169943135,1.00950659950404,-10.8350008215583,60,0,0,0,0.948186592811111,-12.6143600739899,60,0,0,0,0.99864592965849,-11.7171273661745,59.9999999999985,0,0,0,0.986912899856917
6.83,10.0258822134749,60,201.708058052754,71.2480782529227,2.01812782542025,1.06,-3.78849156527524,60.0000000000008,40,0,0.396233169943135,1.00950659950404,-10.8350008215583,60,0,0,0,0.948186592811111,-12.6143600739899,60,0,0,0,0.99864592965849,-11.7171273661745,59.9999999999985,0,0,0,0.986912899856917
6.84,10.0258822134749,60,201.708058052754,71.2480782529227,2.01812782542025,1.06,-3.78849156527524,60.0000000000008,40,0,0.396233169943135,1.00950659950404,-10.8350008215583,60,0,0,0,0.948186592811111,-12.6143600739899,60,0,0,0,0.99864592965849,-11.7171273661745,59.9999999999985,0,0,0,0.986912899856917
6.85,10.0258822134749,60,201.708058052754,71.2480782529227,2.01812782542025,1.06,-3.78849156527524,60.0000000000008,40,0,0.396233169943135,1.00950659950404,-10.8350008215583,60,0,0,0,0.948186592811111,-12.6143600739899,60,0,0,0,0.99864592965849,-11.7171273661745,59.9999999999985,0,0,0,0.986912899856917
6.86,10.0258822134749,60,201.708058052754,71.2480782529227,2.01812782542025,1.06,-3.78849156527524,60.0000000000008,40,0,0.396233169943135,1.00950659950404,-10.8350008215583,60,0,0,0,0.948186592811111,-12.6143600739899,60,0,0,0,0.99864592965849,-11.7171273661745,59.9999999999985,0,0,0,0.986912899856917
6.87,10.0258822134749,60,201.708058052754,71.2480782529227,2.01812782542025,1.06,-3.78849156527524,60.0000000000008,40,0,0.396233169943135,1.00950659950404,-10.8350008215583,60,0,0,0,0.948186592811111,-12.6143600739899,60,0,0,0,0.99864592965849,-11.7171273661745,59.9999999999985,0,0,0,0.986912899856917
6.88,10.0258822134749,60,201.708058052754,71.2480782529227,2.01812782542025,1.06,-3.78849156527524,60.0000000000008,40,0,0.396233169943135,1.00950659950404,-10.8350008215583,60,0,0,0,0.948186592811111,-12.6143600739899,60,0,0,0,0.99864592965849,-11.7171273661745,59.9999999999985,0,0,0,0.986912899856917
6.89,10.0258822134749,60,201.708058052754,71.2480782529227,2.01812782542025,1.06,-3.78849156527524,60.0000000000008,40,0,0.396233169943135,1.00950659950404,-10.8350008215583,60,0,0,0,0.948186592811111,-12.6143600739899,60,0,0,0,0.99864592965849,-11.7171273661745,59.9999999999985,0,0,0,0.986912899856917
6.9,10.0258822134749,60,201.708058052754,71.2480782529227,2.01812782542025,1.06,-3.78849156527524,60.0000000000008,40,0,0.396233169943135,1.00950659950404,-10.8350008215583,60,0,0,0,0.948186592811111,-12.6143600739899,60,0,0,0,0.99864592965849,-11.7171273661745,59.9999999999985,0,0,0,0.986912899856917
6.91,10.0258822134749,60,201.708058052754,71.2480782529227,2.01812782542025,1.06,-3.78849156527524,60.0000000000008,40,0,0.396233169943135,1.00950659950404,-10.8350008215583,60,0,0,0,0.948186592811111,-12.6143600739899,60,0,0,0,0.99864592965849,-11.7171273661745,59.9999999999985,0,0,0,0.986912899856917
6.92,10.0258822134749,60,201.708058052754,71.2480782529227,2.01812782542025,1.06,-3.78849156527524,60.0000000000008,40,0,0.396233169943135,1.00950659950404,-10.8350008215583,60,0,0,0,0.948186592811111,-12.6143600739899,60,0,0,0,0.99864592965849,-11.7171273661745,59.9999999999985,0,0,0,0.986912899856917
6.93,10.0258822134749,60,201.708058052754,71.2480782529227,2.01812782542025,1.06,-3.78849156527524,60.0000000000008,40,0,0.396233169943135,1.00950659950404,-10.8350008215583,60,0,0,0,0.948186592811111,-12.6143600739899,60,0,0,0,0.99864592965849,-11.7171273661745,59.9999999999985,0,0,0,0.986912899856917
6.94,10.0258822134749,60,201.708058052754,71.2480782529227,2.01812782542025,1.06,-3.78849156527524,60.0000000000008,40,0,0.396233169943135,1.00950659950404,-10.8350008215583,60,0,0,0,0.948186592811111,-12.6143600739899,60,0,0,0,0.99864592965849,-11.7171273661745,59.9999999999985,0,0,0,0.986912899856917
6.95,10.0258822134749,60,201.708058052754,71.2480782529227,2.01812782542025,1.06,-3.78849156527524,60.0000000000008,40,0,0.396233169943135,1.00950659950404,-10.8350008215583,60,0,0,0,0.948186592811111,-12.6143600739899,60,0,0,0,0.99864592965849,-11.7171273661745,59.9999999999985,0,0,0,0.986912899856917
6.96,10.0258822134749,60,201.708058052754,71.2480782529227,2.01812782542025,1.06,-3.78849156527524,60.0000000000008,40,0,0.396233169943135,1.00950659950404,-10.8350008215583,60,0,0,0,0.948186592811111,-12.6143600739899,60,0,0,0,0.99864592965849,-11.7171273661745,59.9999999999985,0,0,0,0.986912899856917
6.97,10.0258822134749,60,201.708058052754,71.2480782529227,2.01812782542025,1.06,-3.78849156527524,60.0000000000008,40,0,0.396233169943135,1.00950659950404,-10.8350008215583,60,0,0,0,0.948186592811111,-12.6143600739899,60,0,0,0,0.99864592965849,-11.7171273661745,59.9999999999985,0,0,0,0.986912899856917
6.98,10.0258822134749,60,201.708058052754,71.2480782529227,2.01812782542025,1.06,-3.78849156527524,60.0000000000008,40,0,0.396233169943135,1.00950659950404,-10.8350008215583,60,0,0,0,0.948186592811111,-12.6143600739899,60,0,0,0,0.99864592965849,-11.7171273661745,59.9999999999985,0,0,0,0.986912899856917
6.99,10.0258822134749,60,201.708058052754,71.2480782529227,2.01812782542025,1.06,-3.78849156527524,60.0000000000008,40,0,0.396233169943135,1.00950659950404,-10.8350008215583,60,0,0,0,0.948186592811111,-12.6143600739899,60,0,0,0,0.99864592965849,-11.7171273661745,59.9999999999985,0,0,0,0.986912899856917
7,10.0258822134749,60,201.708058052754,71.2480782529227,2.01812782542025,1.06,-3.78849156527524,60.0000000000008,40,0,0.396233169943135,1.00950659950404,-10.8350008215583,60,0,0,0,0.948186592811111,-12.6143600739899,60,0,0,0,0.99864592965849,-11.7171273661745,59.9999999999985,0,0,0,0.986912899856917
7.01,10.0258822134749,60,201.708058052754,71.2480782529227,2.01812782542025,1.06,-3.78849156527524,60.0000000000008,40,0,0.396233169943135,1.00950659950404,-10.8350008215583,60,0,0,0,0.948186592811111,-12.6143600739899,60,0,0,0,0.99864592965849,-11.7171273661745,59.9999999999985,0,0,0,0.986912899856917
7.02,10.0258822134749,60,201.708058052754,71.2480782529227,2.01812782542025,1.06,-3.78849156527524,60.0000000000008,40,0,0.396233169943135,1.00950659950404,-10.8350008215583,60,0,0,0,0.948186592811111,-12.6143600739899,60,0,0,0,0.99864592965849,-11.7171273661745,59.9999999999985,0,0,0,0.986912899856917
7.03,10.0258822134749,60,201.708058052754,71.2480782529227,2.01812782542025,1.06,-3.78849156527524,60.0000000000008,40,0,0.396233169943135,1.00950659950404,-10.8350008215583,60,0,0,0,0.948186592811111,-12.6143600739899,60,0,0,0,0.99864592965849,-11.7171273661745,59.9999999999985,0,0,0,0.986912899856917
7.04,10.0258822134749,60,201.708058052754,71.2480782529227,2.01812782542025,1.06,-3.78849156527524,60.0000000000008,40,0,0.396233169943135,1.00950659950404,-10.8350008215583,60,0,0,0,0.948186592811111,-12.6143600739899,60,0,0,0,0.99864592965849,-11.7171273661745,59.9999999999985,0,0,0,0.986912899856917
7.05,10.0258822134749,60,201.708058052754,71.2480782529227,2.01812782542025,1.06,-3.78849156527524,60.0000000000008,40,0,0.396233169943135,1.00950659950404,-10.8350008215583,60,0,0,0,0.948186592811111,-12.6143600739899,60,0,0,0,0.99864592965849,-11.7171273661745,59.9999999999985,0,0,0,0.986912899856917
7.06,10.0258822134749,60,201.708058052754,71.2480782529227,2.01812782542025,1.06,-3.78849156527524,60.0000000000008,40,0,0.396233169943135,1.00950659950404,-10.8350008215583,60,0,0,0,0.948186592811111,-12.6143600739899,60,0,0,0,0.99864592965849,-11.7171273661745,59.9999999999985,0,0,0,0.986912899856917
7.07,10.0258822134749,60,201.708058052754,71.2480782529227,2.01812782542025,1.06,-3.78849156527524,60.0000000000008,40,0,0.396233169943135,1.00950659950404,-10.8350008215583,60,0,0,0,0.948186592811111,-12.6143600739899,60,0,0,0,0.99864592965849,-11.7171273661745,59.9999999999985,0,0,0,0.986912899856917
7.08,10.0258822134749,60,201.708058052754,71.2480782529227,2.01812782542025,1.06,-3.78849156527524,60.0000000000008,40,0,0.396233169943135,1.00950659950404,-10.8350008215583,60,0,0,0,0.948186592811111,-12.6143600739899,60,0,0,0,0.99864592965849,-11.7171273661745,59.9999999999985,0,0,0,0.986912899856917
7.09,10.0258822134749,60,201.708058052754,71.2480782529227,2.01812782542025,1.06,-3.78849156527524,60.0000000000008,40,0,0.396233169943135,1.00950659950404,-10.8350008215583,60,0,0,0,0.948186592811111,-12.6143600739899,60,0,0,0,0.99864592965849,-11.7171273661745,59.9999999999985,0,0,0,0.986912899856917
7.1,10.0258822134749,60,201.708058052754,71.2480782529227,2.01812782542025,1.06,-3.78849156527524,60.0000000000008,40,0,0.396233169943135,1.00950659950404,-10.8350008215583,60,0,0,0,0.948186592811111,-12.6143600739899,60,0,0,0,0.99864592965849,-11.7171273661745,59.9999999999985,0,0,0,0.986912899856917
7.11,10.0258822134749,60,201.708058052754,71.2480782529227,2.01812782542025,1.06,-3.78849156527524,60.0000000000008,40,0,0.396233169943135,1.00950659950404,-10.8350008215583,60,0,0,0,0.948186592811111,-12.6143600739899,60,0,0,0,0.99864592965849,-11.7171273661745,59.9999999999985,0,0,0,0.986912899856917
7.12,10.0258822134749,60,201.708058052754,71.2480782529227,2.01812782542025,1.06,-3.78849156527524,60.0000000000008,40,0,0.396233169943135,1.00950659950404,-10.8350008215583,60,0,0,0,0.948186592811111,-12.6143600739899,60,0,0,0,0.99864592965849,-11.7171273661745,59.9999999999985,0,0,0,0.986912899856917
7.13,10.0258822134749,60,201.708058052754,71.2480782529227,2.01812782542025,1.06,-3.78849156527524,60.0000000000008,40,0,0.396233169943135,1.00950659950404,-10.8350008215583,60,0,0,0,0.948186592811111,-12.6143600739899,60,0,0,0,0.99864592965849,-11.7171273661745,59.9999999999985,0,0,0,0.986912899856917
7.14,10.0258822134749,60,201.708058052754,71.2480782529227,2.01812782542025,1.06,-3.78849156527524,60.0000000000008,40,0,0.396233169943135,1.00950659950404,-10.8350008215583,60,0,0,0,0.948186592811111,-12.6143600739899,60,0,0,0,0.99864592965849,-11.7171273661745,59.9999999999985,0,0,0,0.986912899856917
7.15,10.0258822134749,60,201.708058052754,71.2480782529227,2.01812782542025,1.06,-3.78849156527524,60.0000000000008,40,0,0.396233169943135,1.00950659950404,-10.8350008215583,60,0,0,0,0.948186592811111,-12.6143600739899,60,0,0,0,0.99864592965849,-11.7171273661745,59.9999999999985,0,0,0,0.986912899856917
7.16,10.0258822134749,60,201.708058052754,71.2480782529227,2.01812782542025,1.06,-3.78849156527524,60.0000000000008,40,0,0.396233169943135,1.00950659950404,-10.8350008215583,60,0,0,0,0.948186592811111,-12.6143600739899,60,0,0,0,0.99864592965849,-11.7171273661745,59.9999999999985,0,0,0,0.986912899856917
7.17,10.0258822134749,60,201.708058052754,71.2480782529227,2.01812782542025,1.06,-3.78849156527524,60.0000000000008,40,0,0.396233169943135,1.00950659950404,-10.8350008215583,60,0,0,0,0.948186592811111,-12.6143600739899,60,0,0,0,0.99864592965849,-11.7171273661745,59.9999999999985,0,0,0,0.986912899856917
7.18,10.0258822134749,60,201.708058052754,71.2480782529227,2.01812782542025,1.06,-3.78849156527524,60.0000000000008,40,0,0.396233169943135,1.00950659950404,-10.8350008215583,60,0,0,0,0.948186592811111,-12.6143600739899,60,0,0,0,0.99864592965849,-11.7171273661745,59.9999999999985,0,0,0,0.986912899856917
7.19,10.0258822134749,60,201.708058052754,71.2480782529227,2.01812782542025,1.06,-3.78849156527524,60.0000000000008,40,0,0.396233169943135,1.00950659950404,-10.8350008215583,60,0,0,0,0.948186592811111,-12.6143600739899,60,0,0,0,0.99864592965849,-11.7171273661745,59.9999999999985,0,0,0,0.986912899856917
7.2,10.0258822134749,60,201.708058052754,71.2480782529227,2.01812782542025,1.06,-3.78849156527524,60.0000000000008,40,0,0.396233169943135,1.00950659950404,-10.8350008215583,60,0,0,0,0.948186592811111,-12.6143600739899,60,0,0,0,0.99864592965849,-11.7171273661745,59.9999999999985,0,0,0,0.986912899856917
7.21,10.0258822134749,60,201.708058052754,71.2480782529227,2.01812782542025,1.06,-3.78849156527524,60.0000000000008,40,0,0.396233169943135,1.00950659950404,-10.8350008215583,60,0,0,0,0.948186592811111,-12.6143600739899,60,0,0,0,0.99864592965849,-11.7171273661745,59.9999999999985,0,0,0,0.986912899856917
7.22,10.0258822134749,60,201.708058052754,71.2480782529227,2.01812782542025,1.06,-3.78849156527524,60.0000000000008,40,0,0.396233169943135,1.00950659950404,-10.8350008215583,60,0,0,0,0.948186592811111,-12.6143600739899,60,0,0,0,0.99864592965849,-11.7171273661745,59.9999999999985,0,0,0,0.986912899856917
7.23,10.0258822134749,60,201.708058052754,71.2480782529227,2.01812782542025,1.06,-3.78849156527524,60.0000000000008,40,0,0.396233169943135,1.00950659950404,-10.8350008215583,60,0,0,0,0.948186592811111,-12.6143600739899,60,0,0,0,0.99864592965849,-11.7171273661745,59.9999999999985,0,0,0,0.986912899856917
7.24,10.0258822134749,60,201.708058052754,71.2480782529227,2.01812782542025,1.06,-3.78849156527524,60.0000000000008,40,0,0.396233169943135,1.00950659950404,-10.8350008215583,60,0,0,0,0.948186592811111,-12.6143600739899,60,0,0,0,0.99864592965849,-11.7171273661745,59.9999999999985,0,0,0,0.986912899856917
7.25,10.0258822134749,60,201.708058052754,71.2480782529227,2.01812782542025,1.06,-3.78849156527524,60.0000000000008,40,0,0.396233169943135,1.00950659950404,-10.8350008215583,60,0,0,0,0.948186592811111,-12.6143600739899,60,0,0,0,0.99864592965849,-11.7171273661745,59.9999999999985,0,0,0,0.986912899856917
7.26,10.0258822134749,60,201.708058052754,71.2480782529227,2.01812782542025,1.06,-3.78849156527524,60.0000000000008,40,0,0.396233169943135,1.00950659950404,-10.8350008215583,60,0,0,0,0.948186592811111,-12.6143600739899,60,0,0,0,0.99864592965849,-11.7171273661745,59.9999999999985,0,0,0,0.986912899856917
7.27,10.0258822134749,60,201.708058052754,71.2480782529227,2.01812782542025,1.06,-3.78849156527524,60.0000000000008,40,0,0.396233169943135,1.00950659950404,-10.8350008215583,60,0,0,0,0.948186592811111,-12.6143600739899,60,0,0,0,0.99864592965849,-11.7171273661745,59.9999999999985,0,0,0,0.986912899856917
7.28,10.0258822134749,60,201.708058052754,71.2480782529227,2.01812782542025,1.06,-3.78849156527524,60.0000000000008,40,0,0.396233169943135,1.00950659950404,-10.8350008215583,60,0,0,0,0.948186592811111,-12.6143600739899,60,0,0,0,0.99864592965849,-11.7171273661745,59.9999999999985,0,0,0,0.986912899856917
7.29,10.0258822134749,60,201.708058052754,71.2480782529227,2.01812782542025,1.06,-3.78849156527524,60.0000000000008,40,0,0.396233169943135,1.00950659950404,-10.8350008215583,60,0,0,0,0.948186592811111,-12.6143600739899,60,0,0,0,0.99864592965849,-11.7171273661745,59.9999999999985,0,0,0,0.986912899856917
7.3,10.0258822134749,60,201.708058052754,71.2480782529227,2.01812782542025,1.06,-3.78849156527524,60.0000000000008,40,0,0.396233169943135,1.00950659950404,-10.8350008215583,60,0,0,0,0.948186592811111,-12.6143600739899,60,0,0,0,0.99864592965849,-11.7171273661745,59.9999999999985,0,0,0,0.986912899856917
7.31,10.0258822134749,60,201.708058052754,71.2480782529227,2.01812782542025,1.06,-3.78849156527524,60.0000000000008,40,0,0.396233169943135,1.00950659950404,-10.8350008215583,60,0,0,0,0.948186592811111,-12.6143600739899,60,0,0,0,0.99864592965849,-11.7171273661745,59.9999999999985,0,0,0,0.986912899856917
7.32,10.0258822134749,60,201.708058052754,71.2480782529227,2.01812782542025,1.06,-3.78849156527524,60.0000000000008,40,0,0.396233169943135,1.00950659950404,-10.8350008215583,60,0,0,0,0.948186592811111,-12.6143600739899,60,0,0,0,0.99864592965849,-11.7171273661745,59.9999999999985,0,0,0,0.986912899856917
7.33,10.0258822134749,60,201.708058052754,71.2480782529227,2.01812782542025,1.06,-3.78849156527524,60.0000000000008,40,0,0.396233169943135,1.00950659950404,-10.8350008215583,60,0,0,0,0.948186592811111,-12.6143600739899,60,0,0,0,0.99864592965849,-11.7171273661745,59.9999999999985,0,0,0,0.986912899856917
7.34,10.0258822134749,60,201.708058052754,71.2480782529227,2.01812782542025,1.06,-3.78849156527524,60.0000000000008,40,0,0.396233169943135,1.00950659950404,-10.8350008215583,60,0,0,0,0.948186592811111,-12.6143600739899,60,0,0,0,0.99864592965849,-11.7171273661745,59.9999999999985,0,0,0,0.986912899856917
7.35,10.0258822134749,60,201.708058052754,71.2480782529227,2.01812782542025,1.06,-3.78849156527524,60.0000000000008,40,0,0.396233169943135,1.00950659950404,-10.8350008215583,60,0,0,0,0.948186592811111,-12.6143600739899,60,0,0,0,0.99864592965849,-11.7171273661745,59.9999999999985,0,0,0,0.986912899856917
7.36,10.0258822134749,60,201.708058052754,71.2480782529227,2.01812782542025,1.06,-3.78849156527524,60.0000000000008,40,0,0.396233169943135,1.00950659950404,-10.8350008215583,60,0,0,0,0.948186592811111,-12.6143600739899,60,0,0,0,0.99864592965849,-11.7171273661745,59.9999999999985,0,0,0,0.986912899856917
7.37,10.0258822134749,60,201.708058052754,71.2480782529227,2.01812782542025,1.06,-3.78849156527524,60.0000000000008,40,0,0.396233169943135,1.00950659950404,-10.8350008215583,60,0,0,0,0.948186592811111,-12.6143600739899,60,0,0,0,0.99864592965849,-11.7171273661745,59.9999999999985,0,0,0,0.986912899856917
7.38,10.0258822134749,60,201.708058052754,71.2480782529227,2.01812782542025,1.06,-3.78849156527524,60.0000000000008,40,0,0.396233169943135,1.00950659950404,-10.8350008215583,60,0,0,0,0.948186592811111,-12.6143600739899,60,0,0,0,0.99864592965849,-11.7171273661745,59.9999999999985,0,0,0,0.986912899856917
7.39,10.0258822134749,60,201.708058052754,71.2480782529227,2.01812782542025,1.06,-3.78849156527524,60.0000000000008,40,0,0.396233169943135,1.00950659950404,-10.8350008215583,60,0,0,0,0.948186592811111,-12.6143600739899,60,0,0,0,0.99864592965849,-11.7171273661745,59.9999999999985,0,0,0,0.986912899856917
7.4,10.0258822134749,60,201.708058052754,71.2480782529227,2.01812782542025,1.06,-3.78849156527524,60.0000000000008,40,0,0.396233169943135,1.00950659950404,-10.8350008215583,60,0,0,0,0.948186592811111,-12.6143600739899,60,0,0,0,0.99864592965849,-11.7171273661745,59.9999999999985,0,0,0,0.986912899856917
7.41,10.0258822134749,60,201.708058052754,71.2480782529227,2.01812782542025,1.06,-3.78849156527524,60.0000000000008,40,0,0.396233169943135,1.00950659950404,-10.8350008215583,60,0,0,0,0.948186592811111,-12.6143600739899,60,0,0,0,0.99864592965849,-11.7171273661745,59.9999999999985,0,0,0,0.986912899856917
7.42,10.0258822134749,60,201.708058052754,71.2480782529227,2.01812782542025,1.06,-3.78849156527524,60.0000000000008,40,0,0.396233169943135,1.00950659950404,-10.8350008215583,60,0,0,0,0.948186592811111,-12.6143600739899,60,0,0,0,0.99864592965849,-11.7171273661745,59.9999999999985,0,0,0,0.986912899856917
7.43,10.0258822134749,60,201.708058052754,71.2480782529227,2.01812782542025,1.06,-3.78849156527524,60.0000000000008,40,0,0.396233169943135,1.00950659950404,-10.8350008215583,60,0,0,0,0.948186592811111,-12.6143600739899,60,0,0,0,0.99864592965849,-11.7171273661745,59.9999999999985,0,0,0,0.986912899856917
7.44,10.0258822134749,60,201.708058052754,71.2480782529227,2.01812782542025,1.06,-3.78849156527524,60.0000000000008,40,0,0.396233169943135,1.00950659950404,-10.8350008215583,60,0,0,0,0.948186592811111,-12.6143600739899,60,0,0,0,0.99864592965849,-11.7171273661745,59.9999999999985,0,0,0,0.986912899856917
7.45,10.0258822134749,60,201.708058052754,71.2480782529227,2.01812782542025,1.06,-3.78849156527524,60.0000000000008,40,0,0.396233169943135,1.00950659950404,-10.8350008215583,60,0,0,0,0.948186592811111,-12.6143600739899,60,0,0,0,0.99864592965849,-11.7171273661745,59.9999999999985,0,0,0,0.986912899856917
7.46,10.0258822134749,60,201.708058052754,71.2480782529227,2.01812782542025,1.06,-3.78849156527524,60.0000000000008,40,0,0.396233169943135,1.00950659950404,-10.8350008215583,60,0,0,0,0.948186592811111,-12.6143600739899,60,0,0,0,0.99864592965849,-11.7171273661745,59.9999999999985,0,0,0,0.986912899856917
7.47,10.0258822134749,60,201.708058052754,71.2480782529227,2.01812782542025,1.06,-3.78849156527524,60.0000000000008,40,0,0.396233169943135,1.00950659950404,-10.8350008215583,60,0,0,0,0.948186592811111,-12.6143600739899,60,0,0,0,0.99864592965849,-11.7171273661745,59.9999999999985,0,0,0,0.986912899856917
7.48,10.0258822134749,60,201.708058052754,71.2480782529227,2.01812782542025,1.06,-3.78849156527524,60.0000000000008,40,0,0.396233169943135,1.00950659950404,-10.8350008215583,60,0,0,0,0.948186592811111,-12.6143600739899,60,0,0,0,0.99864592965849,-11.7171273661745,59.9999999999985,0,0,0,0.986912899856917
7.49,10.0258822134749,60,201.708058052754,71.2480782529227,2.01812782542025,1.06,-3.78849156527524,60.0000000000008,40,0,0.396233169943135,1.00950659950404,-10.8350008215583,60,0,0,0,0.948186592811111,-12.6143600739899,60,0,0,0,0.99864592965849,-11.7171273661745,59.9999999999985,0,0,0,0.986912899856917
7.5,10.0258822134749,60,201.708058052754,71.2480782529227,2.01812782542025,1.06,-3.78849156527524,60.0000000000008,40,0,0.396233169943135,1.00950659950404,-10.8350008215583,60,0,0,0,0.948186592811111,-12.6143600739899,60,0,0,0,0.99864592965849,-11.7171273661745,59.9999999999985,0,0,0,0.986912899856917
7.51,10.0258822134749,60,201.708058052754,71.2480782529227,2.01812782542025,1.06,-3.78849156527524,60.0000000000008,40,0,0.396233169943135,1.00950659950404,-10.8350008215583,60,0,0,0,0.948186592811111,-12.6143600739899,60,0,0,0,0.99864592965849,-11.7171273661745,59.9999999999985,0,0,0,0.986912899856917
7.52,10.0258822134749,60,201.708058052754,71.2480782529227,2.01812782542025,1.06,-3.78849156527524,60.0000000000008,40,0,0.396233169943135,1.00950659950404,-10.8350008215583,60,0,0,0,0.948186592811111,-12.6143600739899,60,0,0,0,0.99864592965849,-11.7171273661745,59.9999999999985,0,0,0,0.986912899856917
7.53,10.0258822134749,60,201.708058052754,71.2480782529227,2.01812782542025,1.06,-3.78849156527524,60.0000000000008,40,0,0.396233169943135,1.00950659950404,-10.8350008215583,60,0,0,0,0.948186592811111,-12.6143600739899,60,0,0,0,0.99864592965849,-11.7171273661745,59.9999999999985,0,0,0,0.986912899856917
7.54,10.0258822134749,60,201.708058052754,71.2480782529227,2.01812782542025,1.06,-3.78849156527524,60.0000000000008,40,0,0.396233169943135,1.00950659950404,-10.8350008215583,60,0,0,0,0.948186592811111,-12.6143600739899,60,0,0,0,0.99864592965849,-11.7171273661745,59.9999999999985,0,0,0,0.986912899856917
7.55,10.0258822134749,60,201.708058052754,71.2480782529227,2.01812782542025,1.06,-3.78849156527524,60.0000000000008,40,0,0.396233169943135,1.00950659950404,-10.8350008215583,60,0,0,0,0.948186592811111,-12.6143600739899,60,0,0,0,0.99864592965849,-11.7171273661745,59.9999999999985,0,0,0,0.986912899856917
7.56,10.0258822134749,60,201.708058052754,71.2480782529227,2.01812782542025,1.06,-3.78849156527524,60.0000000000008,40,0,0.396233169943135,1.00950659950404,-10.8350008215583,60,0,0,0,0.948186592811111,-12.6143600739899,60,0,0,0,0.99864592965849,-11.7171273661745,59.9999999999985,0,0,0,0.986912899856917
7.57,10.0258822134749,60,201.708058052754,71.2480782529227,2.01812782542025,1.06,-3.78849156527524,60.0000000000008,40,0,0.396233169943135,1.00950659950404,-10.8350008215583,60,0,0,0,0.948186592811111,-12.6143600739899,60,0,0,0,0.99864592965849,-11.7171273661745,59.9999999999985,0,0,0,0.986912899856917
7.58,10.0258822134749,60,201.708058052754,71.2480782529227,2.01812782542025,1.06,-3.78849156527524,60.0000000000008,40,0,0.396233169943135,1.00950659950404,-10.8350008215583,60,0,0,0,0.948186592811111,-12.6143600739899,60,0,0,0,0.99864592965849,-11.7171273661745,59.9999999999985,0,0,0,0.986912899856917
7.59,10.0258822134749,60,201.708058052754,71.2480782529227,2.01812782542025,1.06,-3.78849156527524,60.0000000000008,40,0,0.396233169943135,1.00950659950404,-10.8350008215583,60,0,0,0,0.948186592811111,-12.6143600739899,60,0,0,0,0.99864592965849,-11.7171273661745,59.9999999999985,0,0,0,0.986912899856917
7.6,10.0258822134749,60,201.708058052754,71.2480782529227,2.01812782542025,1.06,-3.78849156527524,60.0000000000008,40,0,0.396233169943135,1.00950659950404,-10.8350008215583,60,0,0,0,0.948186592811111,-12.6143600739899,60,0,0,0,0.99864592965849,-11.7171273661745,59.9999999999985,0,0,0,0.986912899856917
7.61,10.0258822134749,60,201.708058052754,71.2480782529227,2.01812782542025,1.06,-3.78849156527524,60.0000000000008,40,0,0.396233169943135,1.00950659950404,-10.8350008215583,60,0,0,0,0.948186592811111,-12.6143600739899,60,0,0,0,0.99864592965849,-11.7171273661745,59.9999999999985,0,0,0,0.986912899856917
7.62,10.0258822134749,60,201.708058052754,71.2480782529227,2.01812782542025,1.06,-3.78849156527524,60.0000000000008,40,0,0.396233169943135,1.00950659950404,-10.8350008215583,60,0,0,0,0.948186592811111,-12.6143600739899,60,0,0,0,0.99864592965849,-11.7171273661745,59.9999999999985,0,0,0,0.986912899856917
7.63,10.0258822134749,60,201.708058052754,71.2480782529227,2.01812782542025,1.06,-3.78849156527524,60.0000000000008,40,0,0.396233169943135,1.00950659950404,-10.8350008215583,60,0,0,0,0.948186592811111,-12.6143600739899,60,0,0,0,0.99864592965849,-11.7171273661745,59.9999999999985,0,0,0,0.986912899856917
7.64,10.0258822134749,60,201.708058052754,71.2480782529227,2.01812782542025,1.06,-3.78849156527524,60.0000000000008,40,0,0.396233169943135,1.00950659950404,-10.8350008215583,60,0,0,0,0.948186592811111,-12.6143600739899,60,0,0,0,0.99864592965849,-11.7171273661745,59.9999999999985,0,0,0,0.986912899856917
7.65,10.0258822134749,60,201.708058052754,71.2480782529227,2.01812782542025,1.06,-3.78849156527524,60.0000000000008,40,0,0.396233169943135,1.00950659950404,-10.8350008215583,60,0,0,0,0.948186592811111,-12.6143600739899,60,0,0,0,0.99864592965849,-11.7171273661745,59.9999999999985,0,0,0,0.986912899856917
7.66,10.0258822134749,60,201.708058052754,71.2480782529227,2.01812782542025,1.06,-3.78849156527524,60.0000000000008,40,0,0.396233169943135,1.00950659950404,-10.8350008215583,60,0,0,0,0.948186592811111,-12.6143600739899,60,0,0,0,0.99864592965849,-11.7171273661745,59.9999999999985,0,0,0,0.986912899856917
7.67,10.0258822134749,60,201.708058052754,71.2480782529227,2.01812782542025,1.06,-3.78849156527524,60.0000000000008,40,0,0.396233169943135,1.00950659950404,-10.8350008215583,60,0,0,0,0.948186592811111,-12.6143600739899,60,0,0,0,0.99864592965849,-11.7171273661745,59.9999999999985,0,0,0,0.986912899856917
7.68,10.0258822134749,60,201.708058052754,71.2480782529227,2.01812782542025,1.06,-3.78849156527524,60.0000000000008,40,0,0.396233169943135,1.00950659950404,-10.8350008215583,60,0,0,0,0.948186592811111,-12.6143600739899,60,0,0,0,0.99864592965849,-11.7171273661745,59.9999999999985,0,0,0,0.986912899856917
7.69,10.0258822134749,60,201.708058052754,71.2480782529227,2.01812782542025,1.06,-3.78849156527524,60.0000000000008,40,0,0.396233169943135,1.00950659950404,-10.8350008215583,60,0,0,0,0.948186592811111,-12.6143600739899,60,0,0,0,0.99864592965849,-11.7171273661745,59.9999999999985,0,0,0,0.986912899856917
7.7,10.0258822134749,60,201.708058052754,71.2480782529227,2.01812782542025,1.06,-3.78849156527524,60.0000000000008,40,0,0.396233169943135,1.00950659950404,-10.8350008215583,60,0,0,0,0.948186592811111,-12.6143600739899,60,0,0,0,0.99864592965849,-11.7171273661745,59.9999999999985,0,0,0,0.986912899856917
7.71,10.0258822134749,60,201.708058052754,71.2480782529227,2.01812782542025,1.06,-3.78849156527524,60.0000000000008,40,0,0.396233169943135,1.00950659950404,-10.8350008215583,60,0,0,0,0.948186592811111,-12.6143600739899,60,0,0,0,0.99864592965849,-11.7171273661745,59.9999999999985,0,0,0,0.986912899856917
7.72,10.0258822134749,60,201.708058052754,71.2480782529227,2.01812782542025,1.06,-3.78849156527524,60.0000000000008,40,0,0.396233169943135,1.00950659950404,-10.8350008215583,60,0,0,0,0.948186592811111,-12.6143600739899,60,0,0,0,0.99864592965849,-11.7171273661745,59.9999999999985,0,0,0,0.986912899856917
7.73,10.0258822134749,60,201.708058052754,71.2480782529227,2.01812782542025,1.06,-3.78849156527524,60.0000000000008,40,0,0.396233169943135,1.00950659950404,-10.8350008215583,60,0,0,0,0.948186592811111,-12.6143600739899,60,0,0,0,0.99864592965849,-11.7171273661745,59.9999999999985,0,0,0,0.986912899856917
7.74,10.0258822134749,60,201.708058052754,71.2480782529227,2.01812782542025,1.06,-3.78849156527524,60.0000000000008,40,0,0.396233169943135,1.00950659950404,-10.8350008215583,60,0,0,0,0.948186592811111,-12.6143600739899,60,0,0,0,0.99864592965849,-11.7171273661745,59.9999999999985,0,0,0,0.986912899856917
7.75,10.0258822134749,60,201.708058052754,71.2480782529227,2.01812782542025,1.06,-3.78849156527524,60.0000000000008,40,0,0.396233169943135,1.00950659950404,-10.8350008215583,60,0,0,0,0.948186592811111,-12.6143600739899,60,0,0,0,0.99864592965849,-11.7171273661745,59.9999999999985,0,0,0,0.986912899856917
7.76,10.0258822134749,60,201.708058052754,71.2480782529227,2.01812782542025,1.06,-3.78849156527524,60.0000000000008,40,0,0.396233169943135,1.00950659950404,-10.8350008215583,60,0,0,0,0.948186592811111,-12.6143600739899,60,0,0,0,0.99864592965849,-11.7171273661745,59.9999999999985,0,0,0,0.986912899856917
7.77,10.0258822134749,60,201.708058052754,71.2480782529227,2.01812782542025,1.06,-3.78849156527524,60.0000000000008,40,0,0.396233169943135,1.00950659950404,-10.8350008215583,60,0,0,0,0.948186592811111,-12.6143600739899,60,0,0,0,0.99864592965849,-11.7171273661745,59.9999999999985,0,0,0,0.986912899856917
7.78,10.0258822134749,60,201.708058052754,71.2480782529227,2.01812782542025,1.06,-3.78849156527524,60.0000000000008,40,0,0.396233169943135,1.00950659950404,-10.8350008215583,60,0,0,0,0.948186592811111,-12.6143600739899,60,0,0,0,0.99864592965849,-11.7171273661745,59.9999999999985,0,0,0,0.986912899856917
7.79,10.0258822134749,60,201.708058052754,71.2480782529227,2.01812782542025,1.06,-3.78849156527524,60.0000000000008,40,0,0.396233169943135,1.00950659950404,-10.8350008215583,60,0,0,0,0.948186592811111,-12.6143600739899,60,0,0,0,0.99864592965849,-11.7171273661745,59.9999999999985,0,0,0,0.986912899856917
7.8,10.0258822134749,60,201.708058052754,71.2480782529227,2.01812782542025,1.06,-3.78849156527524,60.0000000000008,40,0,0.396233169943135,1.00950659950404,-10.8350008215583,60,0,0,0,0.948186592811111,-12.6143600739899,60,0,0,0,0.99864592965849,-11.7171273661745,59.9999999999985,0,0,0,0.986912899856917
7.81,10.0258822134749,60,201.708058052754,71.2480782529227,2.01812782542025,1.06,-3.78849156527524,60.0000000000008,40,0,0.396233169943135,1.00950659950404,-10.8350008215583,60,0,0,0,0.948186592811111,-12.6143600739899,60,0,0,0,0.99864592965849,-11.7171273661745,59.9999999999985,0,0,0,0.986912899856917
7.82,10.0258822134749,60,201.708058052754,71.2480782529227,2.01812782542025,1.06,-3.78849156527524,60.0000000000008,40,0,0.396233169943135,1.00950659950404,-10.8350008215583,60,0,0,0,0.948186592811111,-12.6143600739899,60,0,0,0,0.99864592965849,-11.7171273661745,59.9999999999985,0,0,0,0.986912899856917
7.83,10.0258822134749,60,201.708058052754,71.2480782529227,2.01812782542025,1.06,-3.78849156527524,60.0000000000008,40,0,0.396233169943135,1.00950659950404,-10.8350008215583,60,0,0,0,0.948186592811111,-12.6143600739899,60,0,0,0,0.99864592965849,-11.7171273661745,59.9999999999985,0,0,0,0.986912899856917
7.84,10.0258822134749,60,201.708058052754,71.2480782529227,2.01812782542025,1.06,-3.78849156527524,60.0000000000008,40,0,0.396233169943135,1.00950659950404,-10.8350008215583,60,0,0,0,0.948186592811111,-12.6143600739899,60,0,0,0,0.99864592965849,-11.7171273661745,59.9999999999985,0,0,0,0.986912899856917
7.85,10.0258822134749,60,201.708058052754,71.2480782529227,2.01812782542025,1.06,-3.78849156527524,60.0000000000008,40,0,0.396233169943135,1.00950659950404,-10.8350008215583,60,0,0,0,0.948186592811111,-12.6143600739899,60,0,0,0,0.99864592965849,-11.7171273661745,59.9999999999985,0,0,0,0.986912899856917
7.86,10.0258822134749,60,201.708058052754,71.2480782529227,2.01812782542025,1.06,-3.78849156527524,60.0000000000008,40,0,0.396233169943135,1.00950659950404,-10.8350008215583,60,0,0,0,0.948186592811111,-12.6143600739899,60,0,0,0,0.99864592965849,-11.7171273661745,59.9999999999985,0,0,0,0.986912899856917
7.87,10.0258822134749,60,201.708058052754,71.2480782529227,2.01812782542025,1.06,-3.78849156527524,60.0000000000008,40,0,0.396233169943135,1.00950659950404,-10.8350008215583,60,0,0,0,0.948186592811111,-12.6143600739899,60,0,0,0,0.99864592965849,-11.7171273661745,59.9999999999985,0,0,0,0.986912899856917
7.88,10.0258822134749,60,201.708058052754,71.2480782529227,2.01812782542025,1.06,-3.78849156527524,60.0000000000008,40,0,0.396233169943135,1.00950659950404,-10.8350008215583,60,0,0,0,0.948186592811111,-12.6143600739899,60,0,0,0,0.99864592965849,-11.7171273661745,59.9999999999985,0,0,0,0.986912899856917
7.89,10.0258822134749,60,201.708058052754,71.2480782529227,2.01812782542025,1.06,-3.78849156527524,60.0000000000008,40,0,0.396233169943135,1.00950659950404,-10.8350008215583,60,0,0,0,0.948186592811111,-12.6143600739899,60,0,0,0,0.99864592965849,-11.7171273661745,59.9999999999985,0,0,0,0.986912899856917
7.9,10.0258822134749,60,201.708058052754,71.2480782529227,2.01812782542025,1.06,-3.78849156527524,60.0000000000008,40,0,0.396233169943135,1.00950659950404,-10.8350008215583,60,0,0,0,0.948186592811111,-12.6143600739899,60,0,0,0,0.99864592965849,-11.7171273661745,59.9999999999985,0,0,0,0.986912899856917
7.91,10.0258822134749,60,201.708058052754,71.2480782529227,2.01812782542025,1.06,-3.78849156527524,60.0000000000008,40,0,0.396233169943135,1.00950659950404,-10.8350008215583,60,0,0,0,0.948186592811111,-12.6143600739899,60,0,0,0,0.99864592965849,-11.7171273661745,59.9999999999985,0,0,0,0.986912899856917
7.92,10.0258822134749,60,201.708058052754,71.2480782529227,2.01812782542025,1.06,-3.78849156527524,60.0000000000008,40,0,0.396233169943135,1.00950659950404,-10.8350008215583,60,0,0,0,0.948186592811111,-12.6143600739899,60,0,0,0,0.99864592965849,-11.7171273661745,59.9999999999985,0,0,0,0.986912899856917
7.93,10.0258822134749,60,201.708058052754,71.2480782529227,2.01812782542025,1.06,-3.78849156527524,60.0000000000008,40,0,0.396233169943135,1.00950659950404,-10.8350008215583,60,0,0,0,0.948186592811111,-12.6143600739899,60,0,0,0,0.99864592965849,-11.7171273661745,59.9999999999985,0,0,0,0.986912899856917
7.94,10.0258822134749,60,201.708058052754,71.2480782529227,2.01812782542025,1.06,-3.78849156527524,60.0000000000008,40,0,0.396233169943135,1.00950659950404,-10.8350008215583,60,0,0,0,0.948186592811111,-12.6143600739899,60,0,0,0,0.99864592965849,-11.7171273661745,59.9999999999985,0,0,0,0.986912899856917
7.95,10.0258822134749,60,201.708058052754,71.2480782529227,2.01812782542025,1.06,-3.78849156527524,60.0000000000008,40,0,0.396233169943135,1.00950659950404,-10.8350008215583,60,0,0,0,0.948186592811111,-12.6143600739899,60,0,0,0,0.99864592965849,-11.7171273661745,59.9999999999985,0,0,0,0.986912899856917
7.96,10.0258822134749,60,201.708058052754,71.2480782529227,2.01812782542025,1.06,-3.78849156527524,60.0000000000008,40,0,0.396233169943135,1.00950659950404,-10.8350008215583,60,0,0,0,0.948186592811111,-12.6143600739899,60,0,0,0,0.99864592965849,-11.7171273661745,59.9999999999985,0,0,0,0.986912899856917
7.97,10.0258822134749,60,201.708058052754,71.2480782529227,2.01812782542025,1.06,-3.78849156527524,60.0000000000008,40,0,0.396233169943135,1.00950659950404,-10.8350008215583,60,0,0,0,0.948186592811111,-12.6143600739899,60,0,0,0,0.99864592965849,-11.7171273661745,59.9999999999985,0,0,0,0.986912899856917
7.98,10.0258822134749,60,201.708058052754,71.2480782529227,2.01812782542025,1.06,-3.78849156527524,60.0000000000008,40,0,0.396233169943135,1.00950659950404,-10.8350008215583,60,0,0,0,0.948186592811111,-12.6143600739899,60,0,0,0,0.99864592965849,-11.7171273661745,59.9999999999985,0,0,0,0.986912899856917
7.99,10.0258822134749,60,201.708058052754,71.2480782529227,2.01812782542025,1.06,-3.78849156527524,60.0000000000008,40,0,0.396233169943135,1.00950659950404,-10.8350008215583,60,0,0,0,0.948186592811111,-12.6143600739899,60,0,0,0,0.99864592965849,-11.7171273661745,59.9999999999985,0,0,0,0.986912899856917
8,10.0258822134749,60,201.708058052754,71.2480782529227,2.01812782542025,1.06,-3.78849156527524,60.0000000000008,40,0,0.396233169943135,1.00950659950404,-10.8350008215583,60,0,0,0,0.948186592811111,-12.6143600739899,60,0,0,0,0.99864592965849,-11.7171273661745,59.9999999999985,0,0,0,0.986912899856917
8.01,10.0258822134749,60,201.708058052754,71.2480782529227,2.01812782542025,1.06,-3.78849156527524,60.0000000000008,40,0,0.396233169943135,1.00950659950404,-10.8350008215583,60,0,0,0,0.948186592811111,-12.6143600739899,60,0,0,0,0.99864592965849,-11.7171273661745,59.9999999999985,0,0,0,0.986912899856917
8.02,10.0258822134749,60,201.708058052754,71.2480782529227,2.01812782542025,1.06,-3.78849156527524,60.0000000000008,40,0,0.396233169943135,1.00950659950404,-10.8350008215583,60,0,0,0,0.948186592811111,-12.6143600739899,60,0,0,0,0.99864592965849,-11.7171273661745,59.9999999999985,0,0,0,0.986912899856917
8.03,10.0258822134749,60,201.708058052754,71.2480782529227,2.01812782542025,1.06,-3.78849156527524,60.0000000000008,40,0,0.396233169943135,1.00950659950404,-10.8350008215583,60,0,0,0,0.948186592811111,-12.6143600739899,60,0,0,0,0.99864592965849,-11.7171273661745,59.9999999999985,0,0,0,0.986912899856917
8.04,10.0258822134749,60,201.708058052754,71.2480782529227,2.01812782542025,1.06,-3.78849156527524,60.0000000000008,40,0,0.396233169943135,1.00950659950404,-10.8350008215583,60,0,0,0,0.948186592811111,-12.6143600739899,60,0,0,0,0.99864592965849,-11.7171273661745,59.9999999999985,0,0,0,0.986912899856917
8.05,10.0258822134749,60,201.708058052754,71.2480782529227,2.01812782542025,1.06,-3.78849156527524,60.0000000000008,40,0,0.396233169943135,1.00950659950404,-10.8350008215583,60,0,0,0,0.948186592811111,-12.6143600739899,60,0,0,0,0.99864592965849,-11.7171273661745,59.9999999999985,0,0,0,0.986912899856917
8.06,10.0258822134749,60,201.708058052754,71.2480782529227,2.01812782542025,1.06,-3.78849156527524,60.0000000000008,40,0,0.396233169943135,1.00950659950404,-10.8350008215583,60,0,0,0,0.948186592811111,-12.6143600739899,60,0,0,0,0.99864592965849,-11.7171273661745,59.9999999999985,0,0,0,0.986912899856917
8.07,10.0258822134749,60,201.708058052754,71.2480782529227,2.01812782542025,1.06,-3.78849156527524,60.0000000000008,40,0,0.396233169943135,1.00950659950404,-10.8350008215583,60,0,0,0,0.948186592811111,-12.6143600739899,60,0,0,0,0.99864592965849,-11.7171273661745,59.9999999999985,0,0,0,0.986912899856917
8.08,10.0258822134749,60,201.708058052754,71.2480782529227,2.01812782542025,1.06,-3.78849156527524,60.0000000000008,40,0,0.396233169943135,1.00950659950404,-10.8350008215583,60,0,0,0,0.948186592811111,-12.6143600739899,60,0,0,0,0.99864592965849,-11.7171273661745,59.9999999999985,0,0,0,0.986912899856917
8.09,10.0258822134749,60,201.708058052754,71.2480782529227,2.01812782542025,1.06,-3.78849156527524,60.0000000000008,40,0,0.396233169943135,1.00950659950404,-10.8350008215583,60,0,0,0,0.948186592811111,-12.6143600739899,60,0,0,0,0.99864592965849,-11.7171273661745,59.9999999999985,0,0,0,0.986912899856917
8.1,10.0258822134749,60,201.708058052754,71.2480782529227,2.01812782542025,1.06,-3.78849156527524,60.0000000000008,40,0,0.396233169943135,1.00950659950404,-10.8350008215583,60,0,0,0,0.948186592811111,-12.6143600739899,60,0,0,0,0.99864592965849,-11.7171273661745,59.9999999999985,0,0,0,0.986912899856917
8.11,10.0258822134749,60,201.708058052754,71.2480782529227,2.01812782542025,1.06,-3.78849156527524,60.0000000000008,40,0,0.396233169943135,1.00950659950404,-10.8350008215583,60,0,0,0,0.948186592811111,-12.6143600739899,60,0,0,0,0.99864592965849,-11.7171273661745,59.9999999999985,0,0,0,0.986912899856917
8.12,10.0258822134749,60,201.708058052754,71.2480782529227,2.01812782542025,1.06,-3.78849156527524,60.0000000000008,40,0,0.396233169943135,1.00950659950404,-10.8350008215583,60,0,0,0,0.948186592811111,-12.6143600739899,60,0,0,0,0.99864592965849,-11.7171273661745,59.9999999999985,0,0,0,0.986912899856917
8.13,10.0258822134749,60,201.708058052754,71.2480782529227,2.01812782542025,1.06,-3.78849156527524,60.0000000000008,40,0,0.396233169943135,1.00950659950404,-10.8350008215583,60,0,0,0,0.948186592811111,-12.6143600739899,60,0,0,0,0.99864592965849,-11.7171273661745,59.9999999999985,0,0,0,0.986912899856917
8.14,10.0258822134749,60,201.708058052754,71.2480782529227,2.01812782542025,1.06,-3.78849156527524,60.0000000000008,40,0,0.396233169943135,1.00950659950404,-10.8350008215583,60,0,0,0,0.948186592811111,-12.6143600739899,60,0,0,0,0.99864592965849,-11.7171273661745,59.9999999999985,0,0,0,0.986912899856917
8.15,10.0258822134749,60,201.708058052754,71.2480782529227,2.01812782542025,1.06,-3.78849156527524,60.0000000000008,40,0,0.396233169943135,1.00950659950404,-10.8350008215583,60,0,0,0,0.948186592811111,-12.6143600739899,60,0,0,0,0.99864592965849,-11.7171273661745,59.9999999999985,0,0,0,0.986912899856917
8.16,10.0258822134749,60,201.708058052754,71.2480782529227,2.01812782542025,1.06,-3.78849156527524,60.0000000000008,40,0,0.396233169943135,1.00950659950404,-10.8350008215583,60,0,0,0,0.948186592811111,-12.6143600739899,60,0,0,0,0.99864592965849,-11.7171273661745,59.9999999999985,0,0,0,0.986912899856917
8.17,10.0258822134749,60,201.708058052754,71.2480782529227,2.01812782542025,1.06,-3.78849156527524,60.0000000000008,40,0,0.396233169943135,1.00950659950404,-10.8350008215583,60,0,0,0,0.948186592811111,-12.6143600739899,60,0,0,0,0.99864592965849,-11.7171273661745,59.9999999999985,0,0,0,0.986912899856917
8.18,10.0258822134749,60,201.708058052754,71.2480782529227,2.01812782542025,1.06,-3.78849156527524,60.0000000000008,40,0,0.396233169943135,1.00950659950404,-10.8350008215583,60,0,0,0,0.948186592811111,-12.6143600739899,60,0,0,0,0.99864592965849,-11.7171273661745,59.9999999999985,0,0,0,0.986912899856917
8.19,10.0258822134749,60,201.708058052754,71.2480782529227,2.01812782542025,1.06,-3.78849156527524,60.0000000000008,40,0,0.396233169943135,1.00950659950404,-10.8350008215583,60,0,0,0,0.948186592811111,-12.6143600739899,60,0,0,0,0.99864592965849,-11.7171273661745,59.9999999999985,0,0,0,0.986912899856917
8.2,10.0258822134749,60,201.708058052754,71.2480782529227,2.01812782542025,1.06,-3.78849156527524,60.0000000000008,40,0,0.396233169943135,1.00950659950404,-10.8350008215583,60,0,0,0,0.948186592811111,-12.6143600739899,60,0,0,0,0.99864592965849,-11.7171273661745,59.9999999999985,0,0,0,0.986912899856917
8.21,10.0258822134749,60,201.708058052754,71.2480782529227,2.01812782542025,1.06,-3.78849156527524,60.0000000000008,40,0,0.396233169943135,1.00950659950404,-10.8350008215583,60,0,0,0,0.948186592811111,-12.6143600739899,60,0,0,0,0.99864592965849,-11.7171273661745,59.9999999999985,0,0,0,0.986912899856917
8.22,10.0258822134749,60,201.708058052754,71.2480782529227,2.01812782542025,1.06,-3.78849156527524,60.0000000000008,40,0,0.396233169943135,1.00950659950404,-10.8350008215583,60,0,0,0,0.948186592811111,-12.6143600739899,60,0,0,0,0.99864592965849,-11.7171273661745,59.9999999999985,0,0,0,0.986912899856917
8.23,10.0258822134749,60,201.708058052754,71.2480782529227,2.01812782542025,1.06,-3.78849156527524,60.0000000000008,40,0,0.396233169943135,1.00950659950404,-10.8350008215583,60,0,0,0,0.948186592811111,-12.6143600739899,60,0,0,0,0.99864592965849,-11.7171273661745,59.9999999999985,0,0,0,0.986912899856917
8.24,10.0258822134749,60,201.708058052754,71.2480782529227,2.01812782542025,1.06,-3.78849156527524,60.0000000000008,40,0,0.396233169943135,1.00950659950404,-10.8350008215583,60,0,0,0,0.948186592811111,-12.6143600739899,60,0,0,0,0.99864592965849,-11.7171273661745,59.9999999999985,0,0,0,0.986912899856917
8.25,10.0258822134749,60,201.708058052754,71.2480782529227,2.01812782542025,1.06,-3.78849156527524,60.0000000000008,40,0,0.396233169943135,1.00950659950404,-10.8350008215583,60,0,0,0,0.948186592811111,-12.6143600739899,60,0,0,0,0.99864592965849,-11.7171273661745,59.9999999999985,0,0,0,0.986912899856917
8.26,10.0258822134749,60,201.708058052754,71.2480782529227,2.01812782542025,1.06,-3.78849156527524,60.0000000000008,40,0,0.396233169943135,1.00950659950404,-10.8350008215583,60,0,0,0,0.948186592811111,-12.6143600739899,60,0,0,0,0.99864592965849,-11.7171273661745,59.9999999999985,0,0,0,0.986912899856917
8.27,10.0258822134749,60,201.708058052754,71.2480782529227,2.01812782542025,1.06,-3.78849156527524,60.0000000000008,40,0,0.396233169943135,1.00950659950404,-10.8350008215583,60,0,0,0,0.948186592811111,-12.6143600739899,60,0,0,0,0.99864592965849,-11.7171273661745,59.9999999999985,0,0,0,0.986912899856917
8.28,10.0258822134749,60,201.708058052754,71.2480782529227,2.01812782542025,1.06,-3.78849156527524,60.0000000000008,40,0,0.396233169943135,1.00950659950404,-10.8350008215583,60,0,0,0,0.948186592811111,-12.6143600739899,60,0,0,0,0.99864592965849,-11.7171273661745,59.9999999999985,0,0,0,0.986912899856917
8.29,10.0258822134749,60,201.708058052754,71.2480782529227,2.01812782542025,1.06,-3.78849156527524,60.0000000000008,40,0,0.396233169943135,1.00950659950404,-10.8350008215583,60,0,0,0,0.948186592811111,-12.6143600739899,60,0,0,0,0.99864592965849,-11.7171273661745,59.9999999999985,0,0,0,0.986912899856917
8.3,10.0258822134749,60,201.708058052754,71.2480782529227,2.01812782542025,1.06,-3.78849156527524,60.0000000000008,40,0,0.396233169943135,1.00950659950404,-10.8350008215583,60,0,0,0,0.948186592811111,-12.6143600739899,60,0,0,0,0.99864592965849,-11.7171273661745,59.9999999999985,0,0,0,0.986912899856917
8.31,10.0258822134749,60,201.708058052754,71.2480782529227,2.01812782542025,1.06,-3.78849156527524,60.0000000000008,40,0,0.396233169943135,1.00950659950404,-10.8350008215583,60,0,0,0,0.948186592811111,-12.6143600739899,60,0,0,0,0.99864592965849,-11.7171273661745,59.9999999999985,0,0,0,0.986912899856917
8.32,10.0258822134749,60,201.708058052754,71.2480782529227,2.01812782542025,1.06,-3.78849156527524,60.0000000000008,40,0,0.396233169943135,1.00950659950404,-10.8350008215583,60,0,0,0,0.948186592811111,-12.6143600739899,60,0,0,0,0.99864592965849,-11.7171273661745,59.9999999999985,0,0,0,0.986912899856917
8.33,10.0258822134749,60,201.708058052754,71.2480782529227,2.01812782542025,1.06,-3.78849156527524,60.0000000000008,40,0,0.396233169943135,1.00950659950404,-10.8350008215583,60,0,0,0,0.948186592811111,-12.6143600739899,60,0,0,0,0.99864592965849,-11.7171273661745,59.9999999999985,0,0,0,0.986912899856917
8.34,10.0258822134749,60,201.708058052754,71.2480782529227,2.01812782542025,1.06,-3.78849156527524,60.0000000000008,40,0,0.396233169943135,1.00950659950404,-10.8350008215583,60,0,0,0,0.948186592811111,-12.6143600739899,60,0,0,0,0.99864592965849,-11.7171273661745,59.9999999999985,0,0,0,0.986912899856917
8.35,10.0258822134749,60,201.708058052754,71.2480782529227,2.01812782542025,1.06,-3.78849156527524,60.0000000000008,40,0,0.396233169943135,1.00950659950404,-10.8350008215583,60,0,0,0,0.948186592811111,-12.6143600739899,60,0,0,0,0.99864592965849,-11.7171273661745,59.9999999999985,0,0,0,0.986912899856917
8.36,10.0258822134749,60,201.708058052754,71.2480782529227,2.01812782542025,1.06,-3.78849156527524,60.0000000000008,40,0,0.396233169943135,1.00950659950404,-10.8350008215583,60,0,0,0,0.948186592811111,-12.6143600739899,60,0,0,0,0.99864592965849,-11.7171273661745,59.9999999999985,0,0,0,0.986912899856917
8.37,10.0258822134749,60,201.708058052754,71.2480782529227,2.01812782542025,1.06,-3.78849156527524,60.0000000000008,40,0,0.396233169943135,1.00950659950404,-10.8350008215583,60,0,0,0,0.948186592811111,-12.6143600739899,60,0,0,0,0.99864592965849,-11.7171273661745,59.9999999999985,0,0,0,0.986912899856917
8.38,10.0258822134749,60,201.708058052754,71.2480782529227,2.01812782542025,1.06,-3.78849156527524,60.0000000000008,40,0,0.396233169943135,1.00950659950404,-10.8350008215583,60,0,0,0,0.948186592811111,-12.6143600739899,60,0,0,0,0.99864592965849,-11.7171273661745,59.9999999999985,0,0,0,0.986912899856917
8.39,10.0258822134749,60,201.708058052754,71.2480782529227,2.01812782542025,1.06,-3.78849156527524,60.0000000000008,40,0,0.396233169943135,1.00950659950404,-10.8350008215583,60,0,0,0,0.948186592811111,-12.6143600739899,60,0,0,0,0.99864592965849,-11.7171273661745,59.9999999999985,0,0,0,0.986912899856917
8.4,10.0258822134749,60,201.708058052754,71.2480782529227,2.01812782542025,1.06,-3.78849156527524,60.0000000000008,40,0,0.396233169943135,1.00950659950404,-10.8350008215583,60,0,0,0,0.948186592811111,-12.6143600739899,60,0,0,0,0.99864592965849,-11.7171273661745,59.9999999999985,0,0,0,0.986912899856917
8.41,10.0258822134749,60,201.708058052754,71.2480782529227,2.01812782542025,1.06,-3.78849156527524,60.0000000000008,40,0,0.396233169943135,1.00950659950404,-10.8350008215583,60,0,0,0,0.948186592811111,-12.6143600739899,60,0,0,0,0.99864592965849,-11.7171273661745,59.9999999999985,0,0,0,0.986912899856917
8.42,10.0258822134749,60,201.708058052754,71.2480782529227,2.01812782542025,1.06,-3.78849156527524,60.0000000000008,40,0,0.396233169943135,1.00950659950404,-10.8350008215583,60,0,0,0,0.948186592811111,-12.6143600739899,60,0,0,0,0.99864592965849,-11.7171273661745,59.9999999999985,0,0,0,0.986912899856917
8.43,10.0258822134749,60,201.708058052754,71.2480782529227,2.01812782542025,1.06,-3.78849156527524,60.0000000000008,40,0,0.396233169943135,1.00950659950404,-10.8350008215583,60,0,0,0,0.948186592811111,-12.6143600739899,60,0,0,0,0.99864592965849,-11.7171273661745,59.9999999999985,0,0,0,0.986912899856917
8.44,10.0258822134749,60,201.708058052754,71.2480782529227,2.01812782542025,1.06,-3.78849156527524,60.0000000000008,40,0,0.396233169943135,1.00950659950404,-10.8350008215583,60,0,0,0,0.948186592811111,-12.6143600739899,60,0,0,0,0.99864592965849,-11.7171273661745,59.9999999999985,0,0,0,0.986912899856917
8.45,10.0258822134749,60,201.708058052754,71.2480782529227,2.01812782542025,1.06,-3.78849156527524,60.0000000000008,40,0,0.396233169943135,1.00950659950404,-10.8350008215583,60,0,0,0,0.948186592811111,-12.6143600739899,60,0,0,0,0.99864592965849,-11.7171273661745,59.9999999999985,0,0,0,0.986912899856917
8.46,10.0258822134749,60,201.708058052754,71.2480782529227,2.01812782542025,1.06,-3.78849156527524,60.0000000000008,40,0,0.396233169943135,1.00950659950404,-10.8350008215583,60,0,0,0,0.948186592811111,-12.6143600739899,60,0,0,0,0.99864592965849,-11.7171273661745,59.9999999999985,0,0,0,0.986912899856917
8.47,10.0258822134749,60,201.708058052754,71.2480782529227,2.01812782542025,1.06,-3.78849156527524,60.0000000000008,40,0,0.396233169943135,1.00950659950404,-10.8350008215583,60,0,0,0,0.948186592811111,-12.6143600739899,60,0,0,0,0.99864592965849,-11.7171273661745,59.9999999999985,0,0,0,0.986912899856917
8.48,10.0258822134749,60,201.708058052754,71.2480782529227,2.01812782542025,1.06,-3.78849156527524,60.0000000000008,40,0,0.396233169943135,1.00950659950404,-10.8350008215583,60,0,0,0,0.948186592811111,-12.6143600739899,60,0,0,0,0.99864592965849,-11.7171273661745,59.9999999999985,0,0,0,0.986912899856917
8.49,10.0258822134749,60,201.708058052754,71.2480782529227,2.01812782542025,1.06,-3.78849156527524,60.0000000000008,40,0,0.396233169943135,1.00950659950404,-10.8350008215583,60,0,0,0,0.948186592811111,-12.6143600739899,60,0,0,0,0.99864592965849,-11.7171273661745,59.9999999999985,0,0,0,0.986912899856917
8.5,10.0258822134749,60,201.708058052754,71.2480782529227,2.01812782542025,1.06,-3.78849156527524,60.0000000000008,40,0,0.396233169943135,1.00950659950404,-10.8350008215583,60,0,0,0,0.948186592811111,-12.6143600739899,60,0,0,0,0.99864592965849,-11.7171273661745,59.9999999999985,0,0,0,0.986912899856917
8.51,10.0258822134749,60,201.708058052754,71.2480782529227,2.01812782542025,1.06,-3.78849156527524,60.0000000000008,40,0,0.396233169943135,1.00950659950404,-10.8350008215583,60,0,0,0,0.948186592811111,-12.6143600739899,60,0,0,0,0.99864592965849,-11.7171273661745,59.9999999999985,0,0,0,0.986912899856917
8.52,10.0258822134749,60,201.708058052754,71.2480782529227,2.01812782542025,1.06,-3.78849156527524,60.0000000000008,40,0,0.396233169943135,1.00950659950404,-10.8350008215583,60,0,0,0,0.948186592811111,-12.6143600739899,60,0,0,0,0.99864592965849,-11.7171273661745,59.9999999999985,0,0,0,0.986912899856917
8.53,10.0258822134749,60,201.708058052754,71.2480782529227,2.01812782542025,1.06,-3.78849156527524,60.0000000000008,40,0,0.396233169943135,1.00950659950404,-10.8350008215583,60,0,0,0,0.948186592811111,-12.6143600739899,60,0,0,0,0.99864592965849,-11.7171273661745,59.9999999999985,0,0,0,0.986912899856917
8.54,10.0258822134749,60,201.708058052754,71.2480782529227,2.01812782542025,1.06,-3.78849156527524,60.0000000000008,40,0,0.396233169943135,1.00950659950404,-10.8350008215583,60,0,0,0,0.948186592811111,-12.6143600739899,60,0,0,0,0.99864592965849,-11.7171273661745,59.9999999999985,0,0,0,0.986912899856917
8.55,10.0258822134749,60,201.708058052754,71.2480782529227,2.01812782542025,1.06,-3.78849156527524,60.0000000000008,40,0,0.396233169943135,1.00950659950404,-10.8350008215583,60,0,0,0,0.948186592811111,-12.6143600739899,60,0,0,0,0.99864592965849,-11.7171273661745,59.9999999999985,0,0,0,0.986912899856917
8.56,10.0258822134749,60,201.708058052754,71.2480782529227,2.01812782542025,1.06,-3.78849156527524,60.0000000000008,40,0,0.396233169943135,1.00950659950404,-10.8350008215583,60,0,0,0,0.948186592811111,-12.6143600739899,60,0,0,0,0.99864592965849,-11.7171273661745,59.9999999999985,0,0,0,0.986912899856917
8.57,10.0258822134749,60,201.708058052754,71.2480782529227,2.01812782542025,1.06,-3.78849156527524,60.0000000000008,40,0,0.396233169943135,1.00950659950404,-10.8350008215583,60,0,0,0,0.948186592811111,-12.6143600739899,60,0,0,0,0.99864592965849,-11.7171273661745,59.9999999999985,0,0,0,0.986912899856917
8.58,10.0258822134749,60,201.708058052754,71.2480782529227,2.01812782542025,1.06,-3.78849156527524,60.0000000000008,40,0,0.396233169943135,1.00950659950404,-10.8350008215583,60,0,0,0,0.948186592811111,-12.6143600739899,60,0,0,0,0.99864592965849,-11.7171273661745,59.9999999999985,0,0,0,0.986912899856917
8.59,10.0258822134749,60,201.708058052754,71.2480782529227,2.01812782542025,1.06,-3.78849156527524,60.0000000000008,40,0,0.396233169943135,1.00950659950404,-10.8350008215583,60,0,0,0,0.948186592811111,-12.6143600739899,60,0,0,0,0.99864592965849,-11.7171273661745,59.9999999999985,0,0,0,0.986912899856917
8.6,10.0258822134749,60,201.708058052754,71.2480782529227,2.01812782542025,1.06,-3.78849156527524,60.0000000000008,40,0,0.396233169943135,1.00950659950404,-10.8350008215583,60,0,0,0,0.948186592811111,-12.6143600739899,60,0,0,0,0.99864592965849,-11.7171273661745,59.9999999999985,0,0,0,0.986912899856917
8.61,10.0258822134749,60,201.708058052754,71.2480782529227,2.01812782542025,1.06,-3.78849156527524,60.0000000000008,40,0,0.396233169943135,1.00950659950404,-10.8350008215583,60,0,0,0,0.948186592811111,-12.6143600739899,60,0,0,0,0.99864592965849,-11.7171273661745,59.9999999999985,0,0,0,0.986912899856917
8.62,10.0258822134749,60,201.708058052754,71.2480782529227,2.01812782542025,1.06,-3.78849156527524,60.0000000000008,40,0,0.396233169943135,1.00950659950404,-10.8350008215583,60,0,0,0,0.948186592811111,-12.6143600739899,60,0,0,0,0.99864592965849,-11.7171273661745,59.9999999999985,0,0,0,0.986912899856917
8.63,10.0258822134749,60,201.708058052754,71.2480782529227,2.01812782542025,1.06,-3.78849156527524,60.0000000000008,40,0,0.396233169943135,1.00950659950404,-10.8350008215583,60,0,0,0,0.948186592811111,-12.6143600739899,60,0,0,0,0.99864592965849,-11.7171273661745,59.9999999999985,0,0,0,0.986912899856917
8.64,10.0258822134749,60,201.708058052754,71.2480782529227,2.01812782542025,1.06,-3.78849156527524,60.0000000000008,40,0,0.396233169943135,1.00950659950404,-10.8350008215583,60,0,0,0,0.948186592811111,-12.6143600739899,60,0,0,0,0.99864592965849,-11.7171273661745,59.9999999999985,0,0,0,0.986912899856917
8.65,10.0258822134749,60,201.708058052754,71.2480782529227,2.01812782542025,1.06,-3.78849156527524,60.0000000000008,40,0,0.396233169943135,1.00950659950404,-10.8350008215583,60,0,0,0,0.948186592811111,-12.6143600739899,60,0,0,0,0.99864592965849,-11.7171273661745,59.9999999999985,0,0,0,0.986912899856917
8.66,10.0258822134749,60,201.708058052754,71.2480782529227,2.01812782542025,1.06,-3.78849156527524,60.0000000000008,40,0,0.396233169943135,1.00950659950404,-10.8350008215583,60,0,0,0,0.948186592811111,-12.6143600739899,60,0,0,0,0.99864592965849,-11.7171273661745,59.9999999999985,0,0,0,0.986912899856917
8.67,10.0258822134749,60,201.708058052754,71.2480782529227,2.01812782542025,1.06,-3.78849156527524,60.0000000000008,40,0,0.396233169943135,1.00950659950404,-10.8350008215583,60,0,0,0,0.948186592811111,-12.6143600739899,60,0,0,0,0.99864592965849,-11.7171273661745,59.9999999999985,0,0,0,0.986912899856917
8.68,10.0258822134749,60,201.708058052754,71.2480782529227,2.01812782542025,1.06,-3.78849156527524,60.0000000000008,40,0,0.396233169943135,1.00950659950404,-10.8350008215583,60,0,0,0,0.948186592811111,-12.6143600739899,60,0,0,0,0.99864592965849,-11.7171273661745,59.9999999999985,0,0,0,0.986912899856917
8.69,10.0258822134749,60,201.708058052754,71.2480782529227,2.01812782542025,1.06,-3.78849156527524,60.0000000000008,40,0,0.396233169943135,1.00950659950404,-10.8350008215583,60,0,0,0,0.948186592811111,-12.6143600739899,60,0,0,0,0.99864592965849,-11.7171273661745,59.9999999999985,0,0,0,0.986912899856917
8.7,10.0258822134749,60,201.708058052754,71.2480782529227,2.01812782542025,1.06,-3.78849156527524,60.0000000000008,40,0,0.396233169943135,1.00950659950404,-10.8350008215583,60,0,0,0,0.948186592811111,-12.6143600739899,60,0,0,0,0.99864592965849,-11.7171273661745,59.9999999999985,0,0,0,0.986912899856917
8.71,10.0258822134749,60,201.708058052754,71.2480782529227,2.01812782542025,1.06,-3.78849156527524,60.0000000000008,40,0,0.396233169943135,1.00950659950404,-10.8350008215583,60,0,0,0,0.948186592811111,-12.6143600739899,60,0,0,0,0.99864592965849,-11.7171273661745,59.9999999999985,0,0,0,0.986912899856917
8.72,10.0258822134749,60,201.708058052754,71.2480782529227,2.01812782542025,1.06,-3.78849156527524,60.0000000000008,40,0,0.396233169943135,1.00950659950404,-10.8350008215583,60,0,0,0,0.948186592811111,-12.6143600739899,60,0,0,0,0.99864592965849,-11.7171273661745,59.9999999999985,0,0,0,0.986912899856917
8.73,10.0258822134749,60,201.708058052754,71.2480782529227,2.01812782542025,1.06,-3.78849156527524,60.0000000000008,40,0,0.396233169943135,1.00950659950404,-10.8350008215583,60,0,0,0,0.948186592811111,-12.6143600739899,60,0,0,0,0.99864592965849,-11.7171273661745,59.9999999999985,0,0,0,0.986912899856917
8.74,10.0258822134749,60,201.708058052754,71.2480782529227,2.01812782542025,1.06,-3.78849156527524,60.0000000000008,40,0,0.396233169943135,1.00950659950404,-10.8350008215583,60,0,0,0,0.948186592811111,-12.6143600739899,60,0,0,0,0.99864592965849,-11.7171273661745,59.9999999999985,0,0,0,0.986912899856917
8.75,10.0258822134749,60,201.708058052754,71.2480782529227,2.01812782542025,1.06,-3.78849156527524,60.0000000000008,40,0,0.396233169943135,1.00950659950404,-10.8350008215583,60,0,0,0,0.948186592811111,-12.6143600739899,60,0,0,0,0.99864592965849,-11.7171273661745,59.9999999999985,0,0,0,0.986912899856917
8.76,10.0258822134749,60,201.708058052754,71.2480782529227,2.01812782542025,1.06,-3.78849156527524,60.0000000000008,40,0,0.396233169943135,1.00950659950404,-10.8350008215583,60,0,0,0,0.948186592811111,-12.6143600739899,60,0,0,0,0.99864592965849,-11.7171273661745,59.9999999999985,0,0,0,0.986912899856917
8.77,10.0258822134749,60,201.708058052754,71.2480782529227,2.01812782542025,1.06,-3.78849156527524,60.0000000000008,40,0,0.396233169943135,1.00950659950404,-10.8350008215583,60,0,0,0,0.948186592811111,-12.6143600739899,60,0,0,0,0.99864592965849,-11.7171273661745,59.9999999999985,0,0,0,0.986912899856917
8.78,10.0258822134749,60,201.708058052754,71.2480782529227,2.01812782542025,1.06,-3.78849156527524,60.0000000000008,40,0,0.396233169943135,1.00950659950404,-10.8350008215583,60,0,0,0,0.948186592811111,-12.6143600739899,60,0,0,0,0.99864592965849,-11.7171273661745,59.9999999999985,0,0,0,0.986912899856917
8.79,10.0258822134749,60,201.708058052754,71.2480782529227,2.01812782542025,1.06,-3.78849156527524,60.0000000000008,40,0,0.396233169943135,1.00950659950404,-10.8350008215583,60,0,0,0,0.948186592811111,-12.6143600739899,60,0,0,0,0.99864592965849,-11.7171273661745,59.9999999999985,0,0,0,0.986912899856917
8.8,10.0258822134749,60,201.708058052754,71.2480782529227,2.01812782542025,1.06,-3.78849156527524,60.0000000000008,40,0,0.396233169943135,1.00950659950404,-10.8350008215583,60,0,0,0,0.948186592811111,-12.6143600739899,60,0,0,0,0.99864592965849,-11.7171273661745,59.9999999999985,0,0,0,0.986912899856917
8.81,10.0258822134749,60,201.708058052754,71.2480782529227,2.01812782542025,1.06,-3.78849156527524,60.0000000000008,40,0,0.396233169943135,1.00950659950404,-10.8350008215583,60,0,0,0,0.948186592811111,-12.6143600739899,60,0,0,0,0.99864592965849,-11.7171273661745,59.9999999999985,0,0,0,0.986912899856917
8.82,10.0258822134749,60,201.708058052754,71.2480782529227,2.01812782542025,1.06,-3.78849156527524,60.0000000000008,40,0,0.396233169943135,1.00950659950404,-10.8350008215583,60,0,0,0,0.948186592811111,-12.6143600739899,60,0,0,0,0.99864592965849,-11.7171273661745,59.9999999999985,0,0,0,0.986912899856917
8.83,10.0258822134749,60,201.708058052754,71.2480782529227,2.01812782542025,1.06,-3.78849156527524,60.0000000000008,40,0,0.396233169943135,1.00950659950404,-10.8350008215583,60,0,0,0,0.948186592811111,-12.6143600739899,60,0,0,0,0.99864592965849,-11.7171273661745,59.9999999999985,0,0,0,0.986912899856917
8.84,10.0258822134749,60,201.708058052754,71.2480782529227,2.01812782542025,1.06,-3.78849156527524,60.0000000000008,40,0,0.396233169943135,1.00950659950404,-10.8350008215583,60,0,0,0,0.948186592811111,-12.6143600739899,60,0,0,0,0.99864592965849,-11.7171273661745,59.9999999999985,0,0,0,0.986912899856917
8.85,10.0258822134749,60,201.708058052754,71.2480782529227,2.01812782542025,1.06,-3.78849156527524,60.0000000000008,40,0,0.396233169943135,1.00950659950404,-10.8350008215583,60,0,0,0,0.948186592811111,-12.6143600739899,60,0,0,0,0.99864592965849,-11.7171273661745,59.9999999999985,0,0,0,0.986912899856917
8.86,10.0258822134749,60,201.708058052754,71.2480782529227,2.01812782542025,1.06,-3.78849156527524,60.0000000000008,40,0,0.396233169943135,1.00950659950404,-10.8350008215583,60,0,0,0,0.948186592811111,-12.6143600739899,60,0,0,0,0.99864592965849,-11.7171273661745,59.9999999999985,0,0,0,0.986912899856917
8.87,10.0258822134749,60,201.708058052754,71.2480782529227,2.01812782542025,1.06,-3.78849156527524,60.0000000000008,40,0,0.396233169943135,1.00950659950404,-10.8350008215583,60,0,0,0,0.948186592811111,-12.6143600739899,60,0,0,0,0.99864592965849,-11.7171273661745,59.9999999999985,0,0,0,0.986912899856917
8.88,10.0258822134749,60,201.708058052754,71.2480782529227,2.01812782542025,1.06,-3.78849156527524,60.0000000000008,40,0,0.396233169943135,1.00950659950404,-10.8350008215583,60,0,0,0,0.948186592811111,-12.6143600739899,60,0,0,0,0.99864592965849,-11.7171273661745,59.9999999999985,0,0,0,0.986912899856917
8.89,10.0258822134749,60,201.708058052754,71.2480782529227,2.01812782542025,1.06,-3.78849156527524,60.0000000000008,40,0,0.396233169943135,1.00950659950404,-10.8350008215583,60,0,0,0,0.948186592811111,-12.6143600739899,60,0,0,0,0.99864592965849,-11.7171273661745,59.9999999999985,0,0,0,0.986912899856917
8.9,10.0258822134749,60,201.708058052754,71.2480782529227,2.01812782542025,1.06,-3.78849156527524,60.0000000000008,40,0,0.396233169943135,1.00950659950404,-10.8350008215583,60,0,0,0,0.948186592811111,-12.6143600739899,60,0,0,0,0.99864592965849,-11.7171273661745,59.9999999999985,0,0,0,0.986912899856917
8.91,10.0258822134749,60,201.708058052754,71.2480782529227,2.01812782542025,1.06,-3.78849156527524,60.0000000000008,40,0,0.396233169943135,1.00950659950404,-10.8350008215583,60,0,0,0,0.948186592811111,-12.6143600739899,60,0,0,0,0.99864592965849,-11.7171273661745,59.9999999999985,0,0,0,0.986912899856917
8.92,10.0258822134749,60,201.708058052754,71.2480782529227,2.01812782542025,1.06,-3.78849156527524,60.0000000000008,40,0,0.396233169943135,1.00950659950404,-10.8350008215583,60,0,0,0,0.948186592811111,-12.6143600739899,60,0,0,0,0.99864592965849,-11.7171273661745,59.9999999999985,0,0,0,0.986912899856917
8.93,10.0258822134749,60,201.708058052754,71.2480782529227,2.01812782542025,1.06,-3.78849156527524,60.0000000000008,40,0,0.396233169943135,1.00950659950404,-10.8350008215583,60,0,0,0,0.948186592811111,-12.6143600739899,60,0,0,0,0.99864592965849,-11.7171273661745,59.9999999999985,0,0,0,0.986912899856917
8.94,10.0258822134749,60,201.708058052754,71.2480782529227,2.01812782542025,1.06,-3.78849156527524,60.0000000000008,40,0,0.396233169943135,1.00950659950404,-10.8350008215583,60,0,0,0,0.948186592811111,-12.6143600739899,60,0,0,0,0.99864592965849,-11.7171273661745,59.9999999999985,0,0,0,0.986912899856917
8.95,10.0258822134749,60,201.708058052754,71.2480782529227,2.01812782542025,1.06,-3.78849156527524,60.0000000000008,40,0,0.396233169943135,1.00950659950404,-10.8350008215583,60,0,0,0,0.948186592811111,-12.6143600739899,60,0,0,0,0.99864592965849,-11.7171273661745,59.9999999999985,0,0,0,0.986912899856917
8.96,10.0258822134749,60,201.708058052754,71.2480782529227,2.01812782542025,1.06,-3.78849156527524,60.0000000000008,40,0,0.396233169943135,1.00950659950404,-10.8350008215583,60,0,0,0,0.948186592811111,-12.6143600739899,60,0,0,0,0.99864592965849,-11.7171273661745,59.9999999999985,0,0,0,0.986912899856917
8.97,10.0258822134749,60,201.708058052754,71.2480782529227,2.01812782542025,1.06,-3.78849156527524,60.0000000000008,40,0,0.396233169943135,1.00950659950404,-10.8350008215583,60,0,0,0,0.948186592811111,-12.6143600739899,60,0,0,0,0.99864592965849,-11.7171273661745,59.9999999999985,0,0,0,0.986912899856917
8.98,10.0258822134749,60,201.708058052754,71.2480782529227,2.01812782542025,1.06,-3.78849156527524,60.0000000000008,40,0,0.396233169943135,1.00950659950404,-10.8350008215583,60,0,0,0,0.948186592811111,-12.6143600739899,60,0,0,0,0.99864592965849,-11.7171273661745,59.9999999999985,0,0,0,0.986912899856917
8.99,10.0258822134749,60,201.708058052754,71.2480782529227,2.01812782542025,1.06,-3.78849156527524,60.0000000000008,40,0,0.396233169943135,1.00950659950404,-10.8350008215583,60,0,0,0,0.948186592811111,-12.6143600739899,60,0,0,0,0.99864592965849,-11.7171273661745,59.9999999999985,0,0,0,0.986912899856917
9,10.0258822134749,60,201.708058052754,71.2480782529227,2.01812782542025,1.06,-3.78849156527524,60.0000000000008,40,0,0.396233169943135,1.00950659950404,-10.8350008215583,60,0,0,0,0.948186592811111,-12.6143600739899,60,0,0,0,0.99864592965849,-11.7171273661745,59.9999999999985,0,0,0,0.986912899856917
9.01,10.0258822134749,60,201.708058052754,71.2480782529227,2.01812782542025,1.06,-3.78849156527524,60.0000000000008,40,0,0.396233169943135,1.00950659950404,-10.8350008215583,60,0,0,0,0.948186592811111,-12.6143600739899,60,0,0,0,0.99864592965849,-11.7171273661745,59.9999999999985,0,0,0,0.986912899856917
9.02,10.0258822134749,60,201.708058052754,71.2480782529227,2.01812782542025,1.06,-3.78849156527524,60.0000000000008,40,0,0.396233169943135,1.00950659950404,-10.8350008215583,60,0,0,0,0.948186592811111,-12.6143600739899,60,0,0,0,0.99864592965849,-11.7171273661745,59.9999999999985,0,0,0,0.986912899856917
9.03,10.0258822134749,60,201.708058052754,71.2480782529227,2.01812782542025,1.06,-3.78849156527524,60.0000000000008,40,0,0.396233169943135,1.00950659950404,-10.8350008215583,60,0,0,0,0.948186592811111,-12.6143600739899,60,0,0,0,0.99864592965849,-11.7171273661745,59.9999999999985,0,0,0,0.986912899856917
9.04,10.0258822134749,60,201.708058052754,71.2480782529227,2.01812782542025,1.06,-3.78849156527524,60.0000000000008,40,0,0.396233169943135,1.00950659950404,-10.8350008215583,60,0,0,0,0.948186592811111,-12.6143600739899,60,0,0,0,0.99864592965849,-11.7171273661745,59.9999999999985,0,0,0,0.986912899856917
9.05,10.0258822134749,60,201.708058052754,71.2480782529227,2.01812782542025,1.06,-3.78849156527524,60.0000000000008,40,0,0.396233169943135,1.00950659950404,-10.8350008215583,60,0,0,0,0.948186592811111,-12.6143600739899,60,0,0,0,0.99864592965849,-11.7171273661745,59.9999999999985,0,0,0,0.986912899856917
9.06,10.0258822134749,60,201.708058052754,71.2480782529227,2.01812782542025,1.06,-3.78849156527524,60.0000000000008,40,0,0.396233169943135,1.00950659950404,-10.8350008215583,60,0,0,0,0.948186592811111,-12.6143600739899,60,0,0,0,0.99864592965849,-11.7171273661745,59.9999999999985,0,0,0,0.986912899856917
9.07,10.0258822134749,60,201.708058052754,71.2480782529227,2.01812782542025,1.06,-3.78849156527524,60.0000000000008,40,0,0.396233169943135,1.00950659950404,-10.8350008215583,60,0,0,0,0.948186592811111,-12.6143600739899,60,0,0,0,0.99864592965849,-11.7171273661745,59.9999999999985,0,0,0,0.986912899856917
9.08,10.0258822134749,60,201.708058052754,71.2480782529227,2.01812782542025,1.06,-3.78849156527524,60.0000000000008,40,0,0.396233169943135,1.00950659950404,-10.8350008215583,60,0,0,0,0.948186592811111,-12.6143600739899,60,0,0,0,0.99864592965849,-11.7171273661745,59.9999999999985,0,0,0,0.986912899856917
9.09,10.0258822134749,60,201.708058052754,71.2480782529227,2.01812782542025,1.06,-3.78849156527524,60.0000000000008,40,0,0.396233169943135,1.00950659950404,-10.8350008215583,60,0,0,0,0.948186592811111,-12.6143600739899,60,0,0,0,0.99864592965849,-11.7171273661745,59.9999999999985,0,0,0,0.986912899856917
9.1,10.0258822134749,60,201.708058052754,71.2480782529227,2.01812782542025,1.06,-3.78849156527524,60.0000000000008,40,0,0.396233169943135,1.00950659950404,-10.8350008215583,60,0,0,0,0.948186592811111,-12.6143600739899,60,0,0,0,0.99864592965849,-11.7171273661745,59.9999999999985,0,0,0,0.986912899856917
9.11,10.0258822134749,60,201.708058052754,71.2480782529227,2.01812782542025,1.06,-3.78849156527524,60.0000000000008,40,0,0.396233169943135,1.00950659950404,-10.8350008215583,60,0,0,0,0.948186592811111,-12.6143600739899,60,0,0,0,0.99864592965849,-11.7171273661745,59.9999999999985,0,0,0,0.986912899856917
9.12,10.0258822134749,60,201.708058052754,71.2480782529227,2.01812782542025,1.06,-3.78849156527524,60.0000000000008,40,0,0.396233169943135,1.00950659950404,-10.8350008215583,60,0,0,0,0.948186592811111,-12.6143600739899,60,0,0,0,0.99864592965849,-11.7171273661745,59.9999999999985,0,0,0,0.986912899856917
9.13,10.0258822134749,60,201.708058052754,71.2480782529227,2.01812782542025,1.06,-3.78849156527524,60.0000000000008,40,0,0.396233169943135,1.00950659950404,-10.8350008215583,60,0,0,0,0.948186592811111,-12.6143600739899,60,0,0,0,0.99864592965849,-11.7171273661745,59.9999999999985,0,0,0,0.986912899856917
9.14,10.0258822134749,60,201.708058052754,71.2480782529227,2.01812782542025,1.06,-3.78849156527524,60.0000000000008,40,0,0.396233169943135,1.00950659950404,-10.8350008215583,60,0,0,0,0.948186592811111,-12.6143600739899,60,0,0,0,0.99864592965849,-11.7171273661745,59.9999999999985,0,0,0,0.986912899856917
9.15,10.0258822134749,60,201.708058052754,71.2480782529227,2.01812782542025,1.06,-3.78849156527524,60.0000000000008,40,0,0.396233169943135,1.00950659950404,-10.8350008215583,60,0,0,0,0.948186592811111,-12.6143600739899,60,0,0,0,0.99864592965849,-11.7171273661745,59.9999999999985,0,0,0,0.986912899856917
9.16,10.0258822134749,60,201.708058052754,71.2480782529227,2.01812782542025,1.06,-3.78849156527524,60.0000000000008,40,0,0.396233169943135,1.00950659950404,-10.8350008215583,60,0,0,0,0.948186592811111,-12.6143600739899,60,0,0,0,0.99864592965849,-11.7171273661745,59.9999999999985,0,0,0,0.986912899856917
9.17,10.0258822134749,60,201.708058052754,71.2480782529227,2.01812782542025,1.06,-3.78849156527524,60.0000000000008,40,0,0.396233169943135,1.00950659950404,-10.8350008215583,60,0,0,0,0.948186592811111,-12.6143600739899,60,0,0,0,0.99864592965849,-11.7171273661745,59.9999999999985,0,0,0,0.986912899856917
9.18,10.0258822134749,60,201.708058052754,71.2480782529227,2.01812782542025,1.06,-3.78849156527524,60.0000000000008,40,0,0.396233169943135,1.00950659950404,-10.8350008215583,60,0,0,0,0.948186592811111,-12.6143600739899,60,0,0,0,0.99864592965849,-11.7171273661745,59.9999999999985,0,0,0,0.986912899856917
9.19,10.0258822134749,60,201.708058052754,71.2480782529227,2.01812782542025,1.06,-3.78849156527524,60.0000000000008,40,0,0.396233169943135,1.00950659950404,-10.8350008215583,60,0,0,0,0.948186592811111,-12.6143600739899,60,0,0,0,0.99864592965849,-11.7171273661745,59.9999999999985,0,0,0,0.986912899856917
9.2,10.0258822134749,60,201.708058052754,71.2480782529227,2.01812782542025,1.06,-3.78849156527524,60.0000000000008,40,0,0.396233169943135,1.00950659950404,-10.8350008215583,60,0,0,0,0.948186592811111,-12.6143600739899,60,0,0,0,0.99864592965849,-11.7171273661745,59.9999999999985,0,0,0,0.986912899856917
9.21,10.0258822134749,60,201.708058052754,71.2480782529227,2.01812782542025,1.06,-3.78849156527524,60.0000000000008,40,0,0.396233169943135,1.00950659950404,-10.8350008215583,60,0,0,0,0.948186592811111,-12.6143600739899,60,0,0,0,0.99864592965849,-11.7171273661745,59.9999999999985,0,0,0,0.986912899856917
9.22,10.0258822134749,60,201.708058052754,71.2480782529227,2.01812782542025,1.06,-3.78849156527524,60.0000000000008,40,0,0.396233169943135,1.00950659950404,-10.8350008215583,60,0,0,0,0.948186592811111,-12.6143600739899,60,0,0,0,0.99864592965849,-11.7171273661745,59.9999999999985,0,0,0,0.986912899856917
9.23,10.0258822134749,60,201.708058052754,71.2480782529227,2.01812782542025,1.06,-3.78849156527524,60.0000000000008,40,0,0.396233169943135,1.00950659950404,-10.8350008215583,60,0,0,0,0.948186592811111,-12.6143600739899,60,0,0,0,0.99864592965849,-11.7171273661745,59.9999999999985,0,0,0,0.986912899856917
9.24,10.0258822134749,60,201.708058052754,71.2480782529227,2.01812782542025,1.06,-3.78849156527524,60.0000000000008,40,0,0.396233169943135,1.00950659950404,-10.8350008215583,60,0,0,0,0.948186592811111,-12.6143600739899,60,0,0,0,0.99864592965849,-11.7171273661745,59.9999999999985,0,0,0,0.986912899856917
9.25,10.0258822134749,60,201.708058052754,71.2480782529227,2.01812782542025,1.06,-3.78849156527524,60.0000000000008,40,0,0.396233169943135,1.00950659950404,-10.8350008215583,60,0,0,0,0.948186592811111,-12.6143600739899,60,0,0,0,0.99864592965849,-11.7171273661745,59.9999999999985,0,0,0,0.986912899856917
9.26,10.0258822134749,60,201.708058052754,71.2480782529227,2.01812782542025,1.06,-3.78849156527524,60.0000000000008,40,0,0.396233169943135,1.00950659950404,-10.8350008215583,60,0,0,0,0.948186592811111,-12.6143600739899,60,0,0,0,0.99864592965849,-11.7171273661745,59.9999999999985,0,0,0,0.986912899856917
9.27,10.0258822134749,60,201.708058052754,71.2480782529227,2.01812782542025,1.06,-3.78849156527524,60.0000000000008,40,0,0.396233169943135,1.00950659950404,-10.8350008215583,60,0,0,0,0.948186592811111,-12.6143600739899,60,0,0,0,0.99864592965849,-11.7171273661745,59.9999999999985,0,0,0,0.986912899856917
9.28,10.0258822134749,60,201.708058052754,71.2480782529227,2.01812782542025,1.06,-3.78849156527524,60.0000000000008,40,0,0.396233169943135,1.00950659950404,-10.8350008215583,60,0,0,0,0.948186592811111,-12.6143600739899,60,0,0,0,0.99864592965849,-11.7171273661745,59.9999999999985,0,0,0,0.986912899856917
9.29,10.0258822134749,60,201.708058052754,71.2480782529227,2.01812782542025,1.06,-3.78849156527524,60.0000000000008,40,0,0.396233169943135,1.00950659950404,-10.8350008215583,60,0,0,0,0.948186592811111,-12.6143600739899,60,0,0,0,0.99864592965849,-11.7171273661745,59.9999999999985,0,0,0,0.986912899856917
9.3,10.0258822134749,60,201.708058052754,71.2480782529227,2.01812782542025,1.06,-3.78849156527524,60.0000000000008,40,0,0.396233169943135,1.00950659950404,-10.8350008215583,60,0,0,0,0.948186592811111,-12.6143600739899,60,0,0,0,0.99864592965849,-11.7171273661745,59.9999999999985,0,0,0,0.986912899856917
9.31,10.0258822134749,60,201.708058052754,71.2480782529227,2.01812782542025,1.06,-3.78849156527524,60.0000000000008,40,0,0.396233169943135,1.00950659950404,-10.8350008215583,60,0,0,0,0.948186592811111,-12.6143600739899,60,0,0,0,0.99864592965849,-11.7171273661745,59.9999999999985,0,0,0,0.986912899856917
9.32,10.0258822134749,60,201.708058052754,71.2480782529227,2.01812782542025,1.06,-3.78849156527524,60.0000000000008,40,0,0.396233169943135,1.00950659950404,-10.8350008215583,60,0,0,0,0.948186592811111,-12.6143600739899,60,0,0,0,0.99864592965849,-11.7171273661745,59.9999999999985,0,0,0,0.986912899856917
9.33,10.0258822134749,60,201.708058052754,71.2480782529227,2.01812782542025,1.06,-3.78849156527524,60.0000000000008,40,0,0.396233169943135,1.00950659950404,-10.8350008215583,60,0,0,0,0.948186592811111,-12.6143600739899,60,0,0,0,0.99864592965849,-11.7171273661745,59.9999999999985,0,0,0,0.986912899856917
9.34,10.0258822134749,60,201.708058052754,71.2480782529227,2.01812782542025,1.06,-3.78849156527524,60.0000000000008,40,0,0.396233169943135,1.00950659950404,-10.8350008215583,60,0,0,0,0.948186592811111,-12.6143600739899,60,0,0,0,0.99864592965849,-11.7171273661745,59.9999999999985,0,0,0,0.986912899856917
9.35,10.0258822134749,60,201.708058052754,71.2480782529227,2.01812782542025,1.06,-3.78849156527524,60.0000000000008,40,0,0.396233169943135,1.00950659950404,-10.8350008215583,60,0,0,0,0.948186592811111,-12.6143600739899,60,0,0,0,0.99864592965849,-11.7171273661745,59.9999999999985,0,0,0,0.986912899856917
9.36,10.0258822134749,60,201.708058052754,71.2480782529227,2.01812782542025,1.06,-3.78849156527524,60.0000000000008,40,0,0.396233169943135,1.00950659950404,-10.8350008215583,60,0,0,0,0.948186592811111,-12.6143600739899,60,0,0,0,0.99864592965849,-11.7171273661745,59.9999999999985,0,0,0,0.986912899856917
9.37,10.0258822134749,60,201.708058052754,71.2480782529227,2.01812782542025,1.06,-3.78849156527524,60.0000000000008,40,0,0.396233169943135,1.00950659950404,-10.8350008215583,60,0,0,0,0.948186592811111,-12.6143600739899,60,0,0,0,0.99864592965849,-11.7171273661745,59.9999999999985,0,0,0,0.986912899856917
9.38,10.0258822134749,60,201.708058052754,71.2480782529227,2.01812782542025,1.06,-3.78849156527524,60.0000000000008,40,0,0.396233169943135,1.00950659950404,-10.8350008215583,60,0,0,0,0.948186592811111,-12.6143600739899,60,0,0,0,0.99864592965849,-11.7171273661745,59.9999999999985,0,0,0,0.986912899856917
9.39,10.0258822134749,60,201.708058052754,71.2480782529227,2.01812782542025,1.06,-3.78849156527524,60.0000000000008,40,0,0.396233169943135,1.00950659950404,-10.8350008215583,60,0,0,0,0.948186592811111,-12.6143600739899,60,0,0,0,0.99864592965849,-11.7171273661745,59.9999999999985,0,0,0,0.986912899856917
9.4,10.0258822134749,60,201.708058052754,71.2480782529227,2.01812782542025,1.06,-3.78849156527524,60.0000000000008,40,0,0.396233169943135,1.00950659950404,-10.8350008215583,60,0,0,0,0.948186592811111,-12.6143600739899,60,0,0,0,0.99864592965849,-11.7171273661745,59.9999999999985,0,0,0,0.986912899856917
9.41,10.0258822134749,60,201.708058052754,71.2480782529227,2.01812782542025,1.06,-3.78849156527524,60.0000000000008,40,0,0.396233169943135,1.00950659950404,-10.8350008215583,60,0,0,0,0.948186592811111,-12.6143600739899,60,0,0,0,0.99864592965849,-11.7171273661745,59.9999999999985,0,0,0,0.986912899856917
9.42,10.0258822134749,60,201.708058052754,71.2480782529227,2.01812782542025,1.06,-3.78849156527524,60.0000000000008,40,0,0.396233169943135,1.00950659950404,-10.8350008215583,60,0,0,0,0.948186592811111,-12.6143600739899,60,0,0,0,0.99864592965849,-11.7171273661745,59.9999999999985,0,0,0,0.986912899856917
9.43,10.0258822134749,60,201.708058052754,71.2480782529227,2.01812782542025,1.06,-3.78849156527524,60.0000000000008,40,0,0.396233169943135,1.00950659950404,-10.8350008215583,60,0,0,0,0.948186592811111,-12.6143600739899,60,0,0,0,0.99864592965849,-11.7171273661745,59.9999999999985,0,0,0,0.986912899856917
9.44,10.0258822134749,60,201.708058052754,71.2480782529227,2.01812782542025,1.06,-3.78849156527524,60.0000000000008,40,0,0.396233169943135,1.00950659950404,-10.8350008215583,60,0,0,0,0.948186592811111,-12.6143600739899,60,0,0,0,0.99864592965849,-11.7171273661745,59.9999999999985,0,0,0,0.986912899856917
9.45,10.0258822134749,60,201.708058052754,71.2480782529227,2.01812782542025,1.06,-3.78849156527524,60.0000000000008,40,0,0.396233169943135,1.00950659950404,-10.8350008215583,60,0,0,0,0.948186592811111,-12.6143600739899,60,0,0,0,0.99864592965849,-11.7171273661745,59.9999999999985,0,0,0,0.986912899856917
9.46,10.0258822134749,60,201.708058052754,71.2480782529227,2.01812782542025,1.06,-3.78849156527524,60.0000000000008,40,0,0.396233169943135,1.00950659950404,-10.8350008215583,60,0,0,0,0.948186592811111,-12.6143600739899,60,0,0,0,0.99864592965849,-11.7171273661745,59.9999999999985,0,0,0,0.986912899856917
9.47,10.0258822134749,60,201.708058052754,71.2480782529227,2.01812782542025,1.06,-3.78849156527524,60.0000000000008,40,0,0.396233169943135,1.00950659950404,-10.8350008215583,60,0,0,0,0.948186592811111,-12.6143600739899,60,0,0,0,0.99864592965849,-11.7171273661745,59.9999999999985,0,0,0,0.986912899856917
9.48,10.0258822134749,60,201.708058052754,71.2480782529227,2.01812782542025,1.06,-3.78849156527524,60.0000000000008,40,0,0.396233169943135,1.00950659950404,-10.8350008215583,60,0,0,0,0.948186592811111,-12.6143600739899,60,0,0,0,0.99864592965849,-11.7171273661745,59.9999999999985,0,0,0,0.986912899856917
9.49,10.0258822134749,60,201.708058052754,71.2480782529227,2.01812782542025,1.06,-3.78849156527524,60.0000000000008,40,0,0.396233169943135,1.00950659950404,-10.8350008215583,60,0,0,0,0.948186592811111,-12.6143600739899,60,0,0,0,0.99864592965849,-11.7171273661745,59.9999999999985,0,0,0,0.986912899856917
9.5,10.0258822134749,60,201.708058052754,71.2480782529227,2.01812782542025,1.06,-3.78849156527524,60.0000000000008,40,0,0.396233169943135,1.00950659950404,-10.8350008215583,60,0,0,0,0.948186592811111,-12.6143600739899,60,0,0,0,0.99864592965849,-11.7171273661745,59.9999999999985,0,0,0,0.986912899856917
9.51,10.0258822134749,60,201.708058052754,71.2480782529227,2.01812782542025,1.06,-3.78849156527524,60.0000000000008,40,0,0.396233169943135,1.00950659950404,-10.8350008215583,60,0,0,0,0.948186592811111,-12.6143600739899,60,0,0,0,0.99864592965849,-11.7171273661745,59.9999999999985,0,0,0,0.986912899856917
9.52,10.0258822134749,60,201.708058052754,71.2480782529227,2.01812782542025,1.06,-3.78849156527524,60.0000000000008,40,0,0.396233169943135,1.00950659950404,-10.8350008215583,60,0,0,0,0.948186592811111,-12.6143600739899,60,0,0,0,0.99864592965849,-11.7171273661745,59.9999999999985,0,0,0,0.986912899856917
9.53,10.0258822134749,60,201.708058052754,71.2480782529227,2.01812782542025,1.06,-3.78849156527524,60.0000000000008,40,0,0.396233169943135,1.00950659950404,-10.8350008215583,60,0,0,0,0.948186592811111,-12.6143600739899,60,0,0,0,0.99864592965849,-11.7171273661745,59.9999999999985,0,0,0,0.986912899856917
9.54,10.0258822134749,60,201.708058052754,71.2480782529227,2.01812782542025,1.06,-3.78849156527524,60.0000000000008,40,0,0.396233169943135,1.00950659950404,-10.8350008215583,60,0,0,0,0.948186592811111,-12.6143600739899,60,0,0,0,0.99864592965849,-11.7171273661745,59.9999999999985,0,0,0,0.986912899856917
9.55,10.0258822134749,60,201.708058052754,71.2480782529227,2.01812782542025,1.06,-3.78849156527524,60.0000000000008,40,0,0.396233169943135,1.00950659950404,-10.8350008215583,60,0,0,0,0.948186592811111,-12.6143600739899,60,0,0,0,0.99864592965849,-11.7171273661745,59.9999999999985,0,0,0,0.986912899856917
9.56,10.0258822134749,60,201.708058052754,71.2480782529227,2.01812782542025,1.06,-3.78849156527524,60.0000000000008,40,0,0.396233169943135,1.00950659950404,-10.8350008215583,60,0,0,0,0.948186592811111,-12.6143600739899,60,0,0,0,0.99864592965849,-11.7171273661745,59.9999999999985,0,0,0,0.986912899856917
9.57,10.0258822134749,60,201.708058052754,71.2480782529227,2.01812782542025,1.06,-3.78849156527524,60.0000000000008,40,0,0.396233169943135,1.00950659950404,-10.8350008215583,60,0,0,0,0.948186592811111,-12.6143600739899,60,0,0,0,0.99864592965849,-11.7171273661745,59.9999999999985,0,0,0,0.986912899856917
9.58,10.0258822134749,60,201.708058052754,71.2480782529227,2.01812782542025,1.06,-3.78849156527524,60.0000000000008,40,0,0.396233169943135,1.00950659950404,-10.8350008215583,60,0,0,0,0.948186592811111,-12.6143600739899,60,0,0,0,0.99864592965849,-11.7171273661745,59.9999999999985,0,0,0,0.986912899856917
9.59,10.0258822134749,60,201.708058052754,71.2480782529227,2.01812782542025,1.06,-3.78849156527524,60.0000000000008,40,0,0.396233169943135,1.00950659950404,-10.8350008215583,60,0,0,0,0.948186592811111,-12.6143600739899,60,0,0,0,0.99864592965849,-11.7171273661745,59.9999999999985,0,0,0,0.986912899856917
9.6,10.0258822134749,60,201.708058052754,71.2480782529227,2.01812782542025,1.06,-3.78849156527524,60.0000000000008,40,0,0.396233169943135,1.00950659950404,-10.8350008215583,60,0,0,0,0.948186592811111,-12.6143600739899,60,0,0,0,0.99864592965849,-11.7171273661745,59.9999999999985,0,0,0,0.986912899856917
9.61,10.0258822134749,60,201.708058052754,71.2480782529227,2.01812782542025,1.06,-3.78849156527524,60.0000000000008,40,0,0.396233169943135,1.00950659950404,-10.8350008215583,60,0,0,0,0.948186592811111,-12.6143600739899,60,0,0,0,0.99864592965849,-11.7171273661745,59.9999999999985,0,0,0,0.986912899856917
9.62,10.0258822134749,60,201.708058052754,71.2480782529227,2.01812782542025,1.06,-3.78849156527524,60.0000000000008,40,0,0.396233169943135,1.00950659950404,-10.8350008215583,60,0,0,0,0.948186592811111,-12.6143600739899,60,0,0,0,0.99864592965849,-11.7171273661745,59.9999999999985,0,0,0,0.986912899856917
9.63,10.0258822134749,60,201.708058052754,71.2480782529227,2.01812782542025,1.06,-3.78849156527524,60.0000000000008,40,0,0.396233169943135,1.00950659950404,-10.8350008215583,60,0,0,0,0.948186592811111,-12.6143600739899,60,0,0,0,0.99864592965849,-11.7171273661745,59.9999999999985,0,0,0,0.986912899856917
9.64,10.0258822134749,60,201.708058052754,71.2480782529227,2.01812782542025,1.06,-3.78849156527524,60.0000000000008,40,0,0.396233169943135,1.00950659950404,-10.8350008215583,60,0,0,0,0.948186592811111,-12.6143600739899,60,0,0,0,0.99864592965849,-11.7171273661745,59.9999999999985,0,0,0,0.986912899856917
9.65,10.0258822134749,60,201.708058052754,71.2480782529227,2.01812782542025,1.06,-3.78849156527524,60.0000000000008,40,0,0.396233169943135,1.00950659950404,-10.8350008215583,60,0,0,0,0.948186592811111,-12.6143600739899,60,0,0,0,0.99864592965849,-11.7171273661745,59.9999999999985,0,0,0,0.986912899856917
9.66,10.0258822134749,60,201.708058052754,71.2480782529227,2.01812782542025,1.06,-3.78849156527524,60.0000000000008,40,0,0.396233169943135,1.00950659950404,-10.8350008215583,60,0,0,0,0.948186592811111,-12.6143600739899,60,0,0,0,0.99864592965849,-11.7171273661745,59.9999999999985,0,0,0,0.986912899856917
9.67,10.0258822134749,60,201.708058052754,71.2480782529227,2.01812782542025,1.06,-3.78849156527524,60.0000000000008,40,0,0.396233169943135,1.00950659950404,-10.8350008215583,60,0,0,0,0.948186592811111,-12.6143600739899,60,0,0,0,0.99864592965849,-11.7171273661745,59.9999999999985,0,0,0,0.986912899856917
9.68,10.0258822134749,60,201.708058052754,71.2480782529227,2.01812782542025,1.06,-3.78849156527524,60.0000000000008,40,0,0.396233169943135,1.00950659950404,-10.8350008215583,60,0,0,0,0.948186592811111,-12.6143600739899,60,0,0,0,0.99864592965849,-11.7171273661745,59.9999999999985,0,0,0,0.986912899856917
9.69,10.0258822134749,60,201.708058052754,71.2480782529227,2.01812782542025,1.06,-3.78849156527524,60.0000000000008,40,0,0.396233169943135,1.00950659950404,-10.8350008215583,60,0,0,0,0.948186592811111,-12.6143600739899,60,0,0,0,0.99864592965849,-11.7171273661745,59.9999999999985,0,0,0,0.986912899856917
9.7,10.0258822134749,60,201.708058052754,71.2480782529227,2.01812782542025,1.06,-3.78849156527524,60.0000000000008,40,0,0.396233169943135,1.00950659950404,-10.8350008215583,60,0,0,0,0.948186592811111,-12.6143600739899,60,0,0,0,0.99864592965849,-11.7171273661745,59.9999999999985,0,0,0,0.986912899856917
9.71,10.0258822134749,60,201.708058052754,71.2480782529227,2.01812782542025,1.06,-3.78849156527524,60.0000000000008,40,0,0.396233169943135,1.00950659950404,-10.8350008215583,60,0,0,0,0.948186592811111,-12.6143600739899,60,0,0,0,0.99864592965849,-11.7171273661745,59.9999999999985,0,0,0,0.986912899856917
9.72,10.0258822134749,60,201.708058052754,71.2480782529227,2.01812782542025,1.06,-3.78849156527524,60.0000000000008,40,0,0.396233169943135,1.00950659950404,-10.8350008215583,60,0,0,0,0.948186592811111,-12.6143600739899,60,0,0,0,0.99864592965849,-11.7171273661745,59.9999999999985,0,0,0,0.986912899856917
9.73,10.0258822134749,60,201.708058052754,71.2480782529227,2.01812782542025,1.06,-3.78849156527524,60.0000000000008,40,0,0.396233169943135,1.00950659950404,-10.8350008215583,60,0,0,0,0.948186592811111,-12.6143600739899,60,0,0,0,0.99864592965849,-11.7171273661745,59.9999999999985,0,0,0,0.986912899856917
9.74,10.0258822134749,60,201.708058052754,71.2480782529227,2.01812782542025,1.06,-3.78849156527524,60.0000000000008,40,0,0.396233169943135,1.00950659950404,-10.8350008215583,60,0,0,0,0.948186592811111,-12.6143600739899,60,0,0,0,0.99864592965849,-11.7171273661745,59.9999999999985,0,0,0,0.986912899856917
9.75,10.0258822134749,60,201.708058052754,71.2480782529227,2.01812782542025,1.06,-3.78849156527524,60.0000000000008,40,0,0.396233169943135,1.00950659950404,-10.8350008215583,60,0,0,0,0.948186592811111,-12.6143600739899,60,0,0,0,0.99864592965849,-11.7171273661745,59.9999999999985,0,0,0,0.986912899856917
9.76,10.0258822134749,60,201.708058052754,71.2480782529227,2.01812782542025,1.06,-3.78849156527524,60.0000000000008,40,0,0.396233169943135,1.00950659950404,-10.8350008215583,60,0,0,0,0.948186592811111,-12.6143600739899,60,0,0,0,0.99864592965849,-11.7171273661745,59.9999999999985,0,0,0,0.986912899856917
9.77,10.0258822134749,60,201.708058052754,71.2480782529227,2.01812782542025,1.06,-3.78849156527524,60.0000000000008,40,0,0.396233169943135,1.00950659950404,-10.8350008215583,60,0,0,0,0.948186592811111,-12.6143600739899,60,0,0,0,0.99864592965849,-11.7171273661745,59.9999999999985,0,0,0,0.986912899856917
9.78,10.0258822134749,60,201.708058052754,71.2480782529227,2.01812782542025,1.06,-3.78849156527524,60.0000000000008,40,0,0.396233169943135,1.00950659950404,-10.8350008215583,60,0,0,0,0.948186592811111,-12.6143600739899,60,0,0,0,0.99864592965849,-11.7171273661745,59.9999999999985,0,0,0,0.986912899856917
9.79,10.0258822134749,60,201.708058052754,71.2480782529227,2.01812782542025,1.06,-3.78849156527524,60.0000000000008,40,0,0.396233169943135,1.00950659950404,-10.8350008215583,60,0,0,0,0.948186592811111,-12.6143600739899,60,0,0,0,0.99864592965849,-11.7171273661745,59.9999999999985,0,0,0,0.986912899856917
9.8,10.0258822134749,60,201.708058052754,71.2480782529227,2.01812782542025,1.06,-3.78849156527524,60.0000000000008,40,0,0.396233169943135,1.00950659950404,-10.8350008215583,60,0,0,0,0.948186592811111,-12.6143600739899,60,0,0,0,0.99864592965849,-11.7171273661745,59.9999999999985,0,0,0,0.986912899856917
9.81,10.0258822134749,60,201.708058052754,71.2480782529227,2.01812782542025,1.06,-3.78849156527524,60.0000000000008,40,0,0.396233169943135,1.00950659950404,-10.8350008215583,60,0,0,0,0.948186592811111,-12.6143600739899,60,0,0,0,0.99864592965849,-11.7171273661745,59.9999999999985,0,0,0,0.986912899856917
9.82,10.0258822134749,60,201.708058052754,71.2480782529227,2.01812782542025,1.06,-3.78849156527524,60.0000000000008,40,0,0.396233169943135,1.00950659950404,-10.8350008215583,60,0,0,0,0.948186592811111,-12.6143600739899,60,0,0,0,0.99864592965849,-11.7171273661745,59.9999999999985,0,0,0,0.986912899856917
9.83,10.0258822134749,60,201.708058052754,71.2480782529227,2.01812782542025,1.06,-3.78849156527524,60.0000000000008,40,0,0.396233169943135,1.00950659950404,-10.8350008215583,60,0,0,0,0.948186592811111,-12.6143600739899,60,0,0,0,0.99864592965849,-11.7171273661745,59.9999999999985,0,0,0,0.986912899856917
9.84,10.0258822134749,60,201.708058052754,71.2480782529227,2.01812782542025,1.06,-3.78849156527524,60.0000000000008,40,0,0.396233169943135,1.00950659950404,-10.8350008215583,60,0,0,0,0.948186592811111,-12.6143600739899,60,0,0,0,0.99864592965849,-11.7171273661745,59.9999999999985,0,0,0,0.986912899856917
9.85,10.0258822134749,60,201.708058052754,71.2480782529227,2.01812782542025,1.06,-3.78849156527524,60.0000000000008,40,0,0.396233169943135,1.00950659950404,-10.8350008215583,60,0,0,0,0.948186592811111,-12.6143600739899,60,0,0,0,0.99864592965849,-11.7171273661745,59.9999999999985,0,0,0,0.986912899856917
9.86,10.0258822134749,60,201.708058052754,71.2480782529227,2.01812782542025,1.06,-3.78849156527524,60.0000000000008,40,0,0.396233169943135,1.00950659950404,-10.8350008215583,60,0,0,0,0.948186592811111,-12.6143600739899,60,0,0,0,0.99864592965849,-11.7171273661745,59.9999999999985,0,0,0,0.986912899856917
9.87,10.0258822134749,60,201.708058052754,71.2480782529227,2.01812782542025,1.06,-3.78849156527524,60.0000000000008,40,0,0.396233169943135,1.00950659950404,-10.8350008215583,60,0,0,0,0.948186592811111,-12.6143600739899,60,0,0,0,0.99864592965849,-11.7171273661745,59.9999999999985,0,0,0,0.986912899856917
9.88,10.0258822134749,60,201.708058052754,71.2480782529227,2.01812782542025,1.06,-3.78849156527524,60.0000000000008,40,0,0.396233169943135,1.00950659950404,-10.8350008215583,60,0,0,0,0.948186592811111,-12.6143600739899,60,0,0,0,0.99864592965849,-11.7171273661745,59.9999999999985,0,0,0,0.986912899856917
9.89,10.0258822134749,60,201.708058052754,71.2480782529227,2.01812782542025,1.06,-3.78849156527524,60.0000000000008,40,0,0.396233169943135,1.00950659950404,-10.8350008215583,60,0,0,0,0.948186592811111,-12.6143600739899,60,0,0,0,0.99864592965849,-11.7171273661745,59.9999999999985,0,0,0,0.986912899856917
9.9,10.0258822134749,60,201.708058052754,71.2480782529227,2.01812782542025,1.06,-3.78849156527524,60.0000000000008,40,0,0.396233169943135,1.00950659950404,-10.8350008215583,60,0,0,0,0.948186592811111,-12.6143600739899,60,0,0,0,0.99864592965849,-11.7171273661745,59.9999999999985,0,0,0,0.986912899856917
9.91,10.0258822134749,60,201.708058052754,71.2480782529227,2.01812782542025,1.06,-3.78849156527524,60.0000000000008,40,0,0.396233169943135,1.00950659950404,-10.8350008215583,60,0,0,0,0.948186592811111,-12.6143600739899,60,0,0,0,0.99864592965849,-11.7171273661745,59.9999999999985,0,0,0,0.986912899856917
9.92,10.0258822134749,60,201.708058052754,71.2480782529227,2.01812782542025,1.06,-3.78849156527524,60.0000000000008,40,0,0.396233169943135,1.00950659950404,-10.8350008215583,60,0,0,0,0.948186592811111,-12.6143600739899,60,0,0,0,0.99864592965849,-11.7171273661745,59.9999999999985,0,0,0,0.986912899856917
9.93,10.0258822134749,60,201.708058052754,71.2480782529227,2.01812782542025,1.06,-3.78849156527524,60.0000000000008,40,0,0.396233169943135,1.00950659950404,-10.8350008215583,60,0,0,0,0.948186592811111,-12.6143600739899,60,0,0,0,0.99864592965849,-11.7171273661745,59.9999999999985,0,0,0,0.986912899856917
9.94,10.0258822134749,60,201.708058052754,71.2480782529227,2.01812782542025,1.06,-3.78849156527524,60.0000000000008,40,0,0.396233169943135,1.00950659950404,-10.8350008215583,60,0,0,0,0.948186592811111,-12.6143600739899,60,0,0,0,0.99864592965849,-11.7171273661745,59.9999999999985,0,0,0,0.986912899856917
9.95,10.0258822134749,60,201.708058052754,71.2480782529227,2.01812782542025,1.06,-3.78849156527524,60.0000000000008,40,0,0.396233169943135,1.00950659950404,-10.8350008215583,60,0,0,0,0.948186592811111,-12.6143600739899,60,0,0,0,0.99864592965849,-11.7171273661745,59.9999999999985,0,0,0,0.986912899856917
9.96,10.0258822134749,60,201.708058052754,71.2480782529227,2.01812782542025,1.06,-3.78849156527524,60.0000000000008,40,0,0.396233169943135,1.00950659950404,-10.8350008215583,60,0,0,0,0.948186592811111,-12.6143600739899,60,0,0,0,0.99864592965849,-11.7171273661745,59.9999999999985,0,0,0,0.986912899856917
9.97,10.0258822134749,60,201.708058052754,71.2480782529227,2.01812782542025,1.06,-3.78849156527524,60.0000000000008,40,0,0.396233169943135,1.00950659950404,-10.8350008215583,60,0,0,0,0.948186592811111,-12.6143600739899,60,0,0,0,0.99864592965849,-11.7171273661745,59.9999999999985,0,0,0,0.986912899856917
9.98,10.0258822134749,60,201.708058052754,71.2480782529227,2.01812782542025,1.06,-3.78849156527524,60.0000000000008,40,0,0.396233169943135,1.00950659950404,-10.8350008215583,60,0,0,0,0.948186592811111,-12.6143600739899,60,0,0,0,0.99864592965849,-11.7171273661745,59.9999999999985,0,0,0,0.986912899856917
9.99,10.0258822134749,60,201.708058052754,71.2480782529227,2.01812782542025,1.06,-3.78849156527524,60.0000000000008,40,0,0.396233169943135,1.00950659950404,-10.8350008215583,60,0,0,0,0.948186592811111,-12.6143600739899,60,0,0,0,0.99864592965849,-11.7171273661745,59.9999999999985,0,0,0,0.986912899856917
10,10.0258822134749,60,201.708058052754,71.2480782529227,2.01812782542025,1.06,-3.78849156527524,60.0000000000008,40,0,0.396233169943135,1.00950659950404,-10.8350008215583,60,0,0,0,0.948186592811111,-12.6143600739899,60,0,0,0,0.99864592965849,-11.7171273661745,59.9999999999985,0,0,0,0.986912899856917
10.01,10.0258822134749,60,201.708058052754,71.2480782529227,2.01812782542025,1.06,-3.78849156527524,60.0000000000008,40,0,0.396233169943135,1.00950659950404,-10.8350008215583,60,0,0,0,0.948186592811111,-12.6143600739899,60,0,0,0,0.99864592965849,-11.7171273661745,59.9999999999985,0,0,0,0.986912899856917
10.02,10.0258822134749,60,201.708058052754,71.2480782529227,2.01812782542025,1.06,-3.78849156527524,60.0000000000008,40,0,0.396233169943135,1.00950659950404,-10.8350008215583,60,0,0,0,0.948186592811111,-12.6143600739899,60,0,0,0,0.99864592965849,-11.7171273661745,59.9999999999985,0,0,0,0.986912899856917
10.03,10.0258822134749,60,201.708058052754,71.2480782529227,2.01812782542025,1.06,-3.78849156527524,60.0000000000008,40,0,0.396233169943135,1.00950659950404,-10.8350008215583,60,0,0,0,0.948186592811111,-12.6143600739899,60,0,0,0,0.99864592965849,-11.7171273661745,59.9999999999985,0,0,0,0.986912899856917
10.04,10.0258822134749,60,201.708058052754,71.2480782529227,2.01812782542025,1.06,-3.78849156527524,60.0000000000008,40,0,0.396233169943135,1.00950659950404,-10.8350008215583,60,0,0,0,0.948186592811111,-12.6143600739899,60,0,0,0,0.99864592965849,-11.7171273661745,59.9999999999985,0,0,0,0.986912899856917
10.05,10.0258822134749,60,201.708058052754,71.2480782529227,2.01812782542025,1.06,-3.78849156527524,60.0000000000008,40,0,0.396233169943135,1.00950659950404,-10.8350008215583,60,0,0,0,0.948186592811111,-12.6143600739899,60,0,0,0,0.99864592965849,-11.7171273661745,59.9999999999985,0,0,0,0.986912899856917
10.06,10.0258822134749,60,201.708058052754,71.2480782529227,2.01812782542025,1.06,-3.78849156527524,60.0000000000008,40,0,0.396233169943135,1.00950659950404,-10.8350008215583,60,0,0,0,0.948186592811111,-12.6143600739899,60,0,0,0,0.99864592965849,-11.7171273661745,59.9999999999985,0,0,0,0.986912899856917
10.07,10.0258822134749,60,201.708058052754,71.2480782529227,2.01812782542025,1.06,-3.78849156527524,60.0000000000008,40,0,0.396233169943135,1.00950659950404,-10.8350008215583,60,0,0,0,0.948186592811111,-12.6143600739899,60,0,0,0,0.99864592965849,-11.7171273661745,59.9999999999985,0,0,0,0.986912899856917
10.08,10.0258822134749,60,201.708058052754,71.2480782529227,2.01812782542025,1.06,-3.78849156527524,60.0000000000008,40,0,0.396233169943135,1.00950659950404,-10.8350008215583,60,0,0,0,0.948186592811111,-12.6143600739899,60,0,0,0,0.99864592965849,-11.7171273661745,59.9999999999985,0,0,0,0.986912899856917
10.09,10.0258822134749,60,201.708058052754,71.2480782529227,2.01812782542025,1.06,-3.78849156527524,60.0000000000008,40,0,0.396233169943135,1.00950659950404,-10.8350008215583,60,0,0,0,0.948186592811111,-12.6143600739899,60,0,0,0,0.99864592965849,-11.7171273661745,59.9999999999985,0,0,0,0.986912899856917
10.1,10.0258822134749,60,201.708058052754,71.2480782529227,2.01812782542025,1.06,-3.78849156527524,60.0000000000008,40,0,0.396233169943135,1.00950659950404,-10.8350008215583,60,0,0,0,0.948186592811111,-12.6143600739899,60,0,0,0,0.99864592965849,-11.7171273661745,59.9999999999985,0,0,0,0.986912899856917
10.11,10.0258822134749,60,201.708058052754,71.2480782529227,2.01812782542025,1.06,-3.78849156527524,60.0000000000008,40,0,0.396233169943135,1.00950659950404,-10.8350008215583,60,0,0,0,0.948186592811111,-12.6143600739899,60,0,0,0,0.99864592965849,-11.7171273661745,59.9999999999985,0,0,0,0.986912899856917
10.12,10.0258822134749,60,201.708058052754,71.2480782529227,2.01812782542025,1.06,-3.78849156527524,60.0000000000008,40,0,0.396233169943135,1.00950659950404,-10.8350008215583,60,0,0,0,0.948186592811111,-12.6143600739899,60,0,0,0,0.99864592965849,-11.7171273661745,59.9999999999985,0,0,0,0.986912899856917
10.13,10.0258822134749,60,201.708058052754,71.2480782529227,2.01812782542025,1.06,-3.78849156527524,60.0000000000008,40,0,0.396233169943135,1.00950659950404,-10.8350008215583,60,0,0,0,0.948186592811111,-12.6143600739899,60,0,0,0,0.99864592965849,-11.7171273661745,59.9999999999985,0,0,0,0.986912899856917
10.14,10.0258822134749,60,201.708058052754,71.2480782529227,2.01812782542025,1.06,-3.78849156527524,60.0000000000008,40,0,0.396233169943135,1.00950659950404,-10.8350008215583,60,0,0,0,0.948186592811111,-12.6143600739899,60,0,0,0,0.99864592965849,-11.7171273661745,59.9999999999985,0,0,0,0.986912899856917
10.15,10.0258822134749,60,201.708058052754,71.2480782529227,2.01812782542025,1.06,-3.78849156527524,60.0000000000008,40,0,0.396233169943135,1.00950659950404,-10.8350008215583,60,0,0,0,0.948186592811111,-12.6143600739899,60,0,0,0,0.99864592965849,-11.7171273661745,59.9999999999985,0,0,0,0.986912899856917
10.16,10.0258822134749,60,201.708058052754,71.2480782529227,2.01812782542025,1.06,-3.78849156527524,60.0000000000008,40,0,0.396233169943135,1.00950659950404,-10.8350008215583,60,0,0,0,0.948186592811111,-12.6143600739899,60,0,0,0,0.99864592965849,-11.7171273661745,59.9999999999985,0,0,0,0.986912899856917
10.17,10.0258822134749,60,201.708058052754,71.2480782529227,2.01812782542025,1.06,-3.78849156527524,60.0000000000008,40,0,0.396233169943135,1.00950659950404,-10.8350008215583,60,0,0,0,0.948186592811111,-12.6143600739899,60,0,0,0,0.99864592965849,-11.7171273661745,59.9999999999985,0,0,0,0.986912899856917
10.18,10.0258822134749,60,201.708058052754,71.2480782529227,2.01812782542025,1.06,-3.78849156527524,60.0000000000008,40,0,0.396233169943135,1.00950659950404,-10.8350008215583,60,0,0,0,0.948186592811111,-12.6143600739899,60,0,0,0,0.99864592965849,-11.7171273661745,59.9999999999985,0,0,0,0.986912899856917
10.19,10.0258822134749,60,201.708058052754,71.2480782529227,2.01812782542025,1.06,-3.78849156527524,60.0000000000008,40,0,0.396233169943135,1.00950659950404,-10.8350008215583,60,0,0,0,0.948186592811111,-12.6143600739899,60,0,0,0,0.99864592965849,-11.7171273661745,59.9999999999985,0,0,0,0.986912899856917
10.2,10.0258822134749,60,201.708058052754,71.2480782529227,2.01812782542025,1.06,-3.78849156527524,60.0000000000008,40,0,0.396233169943135,1.00950659950404,-10.8350008215583,60,0,0,0,0.948186592811111,-12.6143600739899,60,0,0,0,0.99864592965849,-11.7171273661745,59.9999999999985,0,0,0,0.986912899856917
10.21,10.0258822134749,60,201.708058052754,71.2480782529227,2.01812782542025,1.06,-3.78849156527524,60.0000000000008,40,0,0.396233169943135,1.00950659950404,-10.8350008215583,60,0,0,0,0.948186592811111,-12.6143600739899,60,0,0,0,0.99864592965849,-11.7171273661745,59.9999999999985,0,0,0,0.986912899856917
10.22,10.0258822134749,60,201.708058052754,71.2480782529227,2.01812782542025,1.06,-3.78849156527524,60.0000000000008,40,0,0.396233169943135,1.00950659950404,-10.8350008215583,60,0,0,0,0.948186592811111,-12.6143600739899,60,0,0,0,0.99864592965849,-11.7171273661745,59.9999999999985,0,0,0,0.986912899856917
10.23,10.0258822134749,60,201.708058052754,71.2480782529227,2.01812782542025,1.06,-3.78849156527524,60.0000000000008,40,0,0.396233169943135,1.00950659950404,-10.8350008215583,60,0,0,0,0.948186592811111,-12.6143600739899,60,0,0,0,0.99864592965849,-11.7171273661745,59.9999999999985,0,0,0,0.986912899856917
10.24,10.0258822134749,60,201.708058052754,71.2480782529227,2.01812782542025,1.06,-3.78849156527524,60.0000000000008,40,0,0.396233169943135,1.00950659950404,-10.8350008215583,60,0,0,0,0.948186592811111,-12.6143600739899,60,0,0,0,0.99864592965849,-11.7171273661745,59.9999999999985,0,0,0,0.986912899856917
10.25,10.0258822134749,60,201.708058052754,71.2480782529227,2.01812782542025,1.06,-3.78849156527524,60.0000000000008,40,0,0.396233169943135,1.00950659950404,-10.8350008215583,60,0,0,0,0.948186592811111,-12.6143600739899,60,0,0,0,0.99864592965849,-11.7171273661745,59.9999999999985,0,0,0,0.986912899856917
10.26,10.0258822134749,60,201.708058052754,71.2480782529227,2.01812782542025,1.06,-3.78849156527524,60.0000000000008,40,0,0.396233169943135,1.00950659950404,-10.8350008215583,60,0,0,0,0.948186592811111,-12.6143600739899,60,0,0,0,0.99864592965849,-11.7171273661745,59.9999999999985,0,0,0,0.986912899856917
10.27,10.0258822134749,60,201.708058052754,71.2480782529227,2.01812782542025,1.06,-3.78849156527524,60.0000000000008,40,0,0.396233169943135,1.00950659950404,-10.8350008215583,60,0,0,0,0.948186592811111,-12.6143600739899,60,0,0,0,0.99864592965849,-11.7171273661745,59.9999999999985,0,0,0,0.986912899856917
10.28,10.0258822134749,60,201.708058052754,71.2480782529227,2.01812782542025,1.06,-3.78849156527524,60.0000000000008,40,0,0.396233169943135,1.00950659950404,-10.8350008215583,60,0,0,0,0.948186592811111,-12.6143600739899,60,0,0,0,0.99864592965849,-11.7171273661745,59.9999999999985,0,0,0,0.986912899856917
10.29,10.0258822134749,60,201.708058052754,71.2480782529227,2.01812782542025,1.06,-3.78849156527524,60.0000000000008,40,0,0.396233169943135,1.00950659950404,-10.8350008215583,60,0,0,0,0.948186592811111,-12.6143600739899,60,0,0,0,0.99864592965849,-11.7171273661745,59.9999999999985,0,0,0,0.986912899856917
10.3,10.0258822134749,60,201.708058052754,71.2480782529227,2.01812782542025,1.06,-3.78849156527524,60.0000000000008,40,0,0.396233169943135,1.00950659950404,-10.8350008215583,60,0,0,0,0.948186592811111,-12.6143600739899,60,0,0,0,0.99864592965849,-11.7171273661745,59.9999999999985,0,0,0,0.986912899856917
10.31,10.0258822134749,60,201.708058052754,71.2480782529227,2.01812782542025,1.06,-3.78849156527524,60.0000000000008,40,0,0.396233169943135,1.00950659950404,-10.8350008215583,60,0,0,0,0.948186592811111,-12.6143600739899,60,0,0,0,0.99864592965849,-11.7171273661745,59.9999999999985,0,0,0,0.986912899856917
10.32,10.0258822134749,60,201.708058052754,71.2480782529227,2.01812782542025,1.06,-3.78849156527524,60.0000000000008,40,0,0.396233169943135,1.00950659950404,-10.8350008215583,60,0,0,0,0.948186592811111,-12.6143600739899,60,0,0,0,0.99864592965849,-11.7171273661745,59.9999999999985,0,0,0,0.986912899856917
10.33,10.0258822134749,60,201.708058052754,71.2480782529227,2.01812782542025,1.06,-3.78849156527524,60.0000000000008,40,0,0.396233169943135,1.00950659950404,-10.8350008215583,60,0,0,0,0.948186592811111,-12.6143600739899,60,0,0,0,0.99864592965849,-11.7171273661745,59.9999999999985,0,0,0,0.986912899856917
10.34,10.0258822134749,60,201.708058052754,71.2480782529227,2.01812782542025,1.06,-3.78849156527524,60.0000000000008,40,0,0.396233169943135,1.00950659950404,-10.8350008215583,60,0,0,0,0.948186592811111,-12.6143600739899,60,0,0,0,0.99864592965849,-11.7171273661745,59.9999999999985,0,0,0,0.986912899856917
10.35,10.0258822134749,60,201.708058052754,71.2480782529227,2.01812782542025,1.06,-3.78849156527524,60.0000000000008,40,0,0.396233169943135,1.00950659950404,-10.8350008215583,60,0,0,0,0.948186592811111,-12.6143600739899,60,0,0,0,0.99864592965849,-11.7171273661745,59.9999999999985,0,0,0,0.986912899856917
10.36,10.0258822134749,60,201.708058052754,71.2480782529227,2.01812782542025,1.06,-3.78849156527524,60.0000000000008,40,0,0.396233169943135,1.00950659950404,-10.8350008215583,60,0,0,0,0.948186592811111,-12.6143600739899,60,0,0,0,0.99864592965849,-11.7171273661745,59.9999999999985,0,0,0,0.986912899856917
10.37,10.0258822134749,60,201.708058052754,71.2480782529227,2.01812782542025,1.06,-3.78849156527524,60.0000000000008,40,0,0.396233169943135,1.00950659950404,-10.8350008215583,60,0,0,0,0.948186592811111,-12.6143600739899,60,0,0,0,0.99864592965849,-11.7171273661745,59.9999999999985,0,0,0,0.986912899856917
10.38,10.0258822134749,60,201.708058052754,71.2480782529227,2.01812782542025,1.06,-3.78849156527524,60.0000000000008,40,0,0.396233169943135,1.00950659950404,-10.8350008215583,60,0,0,0,0.948186592811111,-12.6143600739899,60,0,0,0,0.99864592965849,-11.7171273661745,59.9999999999985,0,0,0,0.986912899856917
10.39,10.0258822134749,60,201.708058052754,71.2480782529227,2.01812782542025,1.06,-3.78849156527524,60.0000000000008,40,0,0.396233169943135,1.00950659950404,-10.8350008215583,60,0,0,0,0.948186592811111,-12.6143600739899,60,0,0,0,0.99864592965849,-11.7171273661745,59.9999999999985,0,0,0,0.986912899856917
10.4,10.0258822134749,60,201.708058052754,71.2480782529227,2.01812782542025,1.06,-3.78849156527524,60.0000000000008,40,0,0.396233169943135,1.00950659950404,-10.8350008215583,60,0,0,0,0.948186592811111,-12.6143600739899,60,0,0,0,0.99864592965849,-11.7171273661745,59.9999999999985,0,0,0,0.986912899856917
10.41,10.0258822134749,60,201.708058052754,71.2480782529227,2.01812782542025,1.06,-3.78849156527524,60.0000000000008,40,0,0.396233169943135,1.00950659950404,-10.8350008215583,60,0,0,0,0.948186592811111,-12.6143600739899,60,0,0,0,0.99864592965849,-11.7171273661745,59.9999999999985,0,0,0,0.986912899856917
10.42,10.0258822134749,60,201.708058052754,71.2480782529227,2.01812782542025,1.06,-3.78849156527524,60.0000000000008,40,0,0.396233169943135,1.00950659950404,-10.8350008215583,60,0,0,0,0.948186592811111,-12.6143600739899,60,0,0,0,0.99864592965849,-11.7171273661745,59.9999999999985,0,0,0,0.986912899856917
10.43,10.0258822134749,60,201.708058052754,71.2480782529227,2.01812782542025,1.06,-3.78849156527524,60.0000000000008,40,0,0.396233169943135,1.00950659950404,-10.8350008215583,60,0,0,0,0.948186592811111,-12.6143600739899,60,0,0,0,0.99864592965849,-11.7171273661745,59.9999999999985,0,0,0,0.986912899856917
10.44,10.0258822134749,60,201.708058052754,71.2480782529227,2.01812782542025,1.06,-3.78849156527524,60.0000000000008,40,0,0.396233169943135,1.00950659950404,-10.8350008215583,60,0,0,0,0.948186592811111,-12.6143600739899,60,0,0,0,0.99864592965849,-11.7171273661745,59.9999999999985,0,0,0,0.986912899856917
10.45,10.0258822134749,60,201.708058052754,71.2480782529227,2.01812782542025,1.06,-3.78849156527524,60.0000000000008,40,0,0.396233169943135,1.00950659950404,-10.8350008215583,60,0,0,0,0.948186592811111,-12.6143600739899,60,0,0,0,0.99864592965849,-11.7171273661745,59.9999999999985,0,0,0,0.986912899856917
10.46,10.0258822134749,60,201.708058052754,71.2480782529227,2.01812782542025,1.06,-3.78849156527524,60.0000000000008,40,0,0.396233169943135,1.00950659950404,-10.8350008215583,60,0,0,0,0.948186592811111,-12.6143600739899,60,0,0,0,0.99864592965849,-11.7171273661745,59.9999999999985,0,0,0,0.986912899856917
10.47,10.0258822134749,60,201.708058052754,71.2480782529227,2.01812782542025,1.06,-3.78849156527524,60.0000000000008,40,0,0.396233169943135,1.00950659950404,-10.8350008215583,60,0,0,0,0.948186592811111,-12.6143600739899,60,0,0,0,0.99864592965849,-11.7171273661745,59.9999999999985,0,0,0,0.986912899856917
10.48,10.0258822134749,60,201.708058052754,71.2480782529227,2.01812782542025,1.06,-3.78849156527524,60.0000000000008,40,0,0.396233169943135,1.00950659950404,-10.8350008215583,60,0,0,0,0.948186592811111,-12.6143600739899,60,0,0,0,0.99864592965849,-11.7171273661745,59.9999999999985,0,0,0,0.986912899856917
10.49,10.0258822134749,60,201.708058052754,71.2480782529227,2.01812782542025,1.06,-3.78849156527524,60.0000000000008,40,0,0.396233169943135,1.00950659950404,-10.8350008215583,60,0,0,0,0.948186592811111,-12.6143600739899,60,0,0,0,0.99864592965849,-11.7171273661745,59.9999999999985,0,0,0,0.986912899856917
10.5,10.0258822134749,60,201.708058052754,71.2480782529227,2.01812782542025,1.06,-3.78849156527524,60.0000000000008,40,0,0.396233169943135,1.00950659950404,-10.8350008215583,60,0,0,0,0.948186592811111,-12.6143600739899,60,0,0,0,0.99864592965849,-11.7171273661745,59.9999999999985,0,0,0,0.986912899856917
10.51,10.0258822134749,60,201.708058052754,71.2480782529227,2.01812782542025,1.06,-3.78849156527524,60.0000000000008,40,0,0.396233169943135,1.00950659950404,-10.8350008215583,60,0,0,0,0.948186592811111,-12.6143600739899,60,0,0,0,0.99864592965849,-11.7171273661745,59.9999999999985,0,0,0,0.986912899856917
10.52,10.0258822134749,60,201.708058052754,71.2480782529227,2.01812782542025,1.06,-3.78849156527524,60.0000000000008,40,0,0.396233169943135,1.00950659950404,-10.8350008215583,60,0,0,0,0.948186592811111,-12.6143600739899,60,0,0,0,0.99864592965849,-11.7171273661745,59.9999999999985,0,0,0,0.986912899856917
10.53,10.0258822134749,60,201.708058052754,71.2480782529227,2.01812782542025,1.06,-3.78849156527524,60.0000000000008,40,0,0.396233169943135,1.00950659950404,-10.8350008215583,60,0,0,0,0.948186592811111,-12.6143600739899,60,0,0,0,0.99864592965849,-11.7171273661745,59.9999999999985,0,0,0,0.986912899856917
10.54,10.0258822134749,60,201.708058052754,71.2480782529227,2.01812782542025,1.06,-3.78849156527524,60.0000000000008,40,0,0.396233169943135,1.00950659950404,-10.8350008215583,60,0,0,0,0.948186592811111,-12.6143600739899,60,0,0,0,0.99864592965849,-11.7171273661745,59.9999999999985,0,0,0,0.986912899856917
10.55,10.0258822134749,60,201.708058052754,71.2480782529227,2.01812782542025,1.06,-3.78849156527524,60.0000000000008,40,0,0.396233169943135,1.00950659950404,-10.8350008215583,60,0,0,0,0.948186592811111,-12.6143600739899,60,0,0,0,0.99864592965849,-11.7171273661745,59.9999999999985,0,0,0,0.986912899856917
10.56,10.0258822134749,60,201.708058052754,71.2480782529227,2.01812782542025,1.06,-3.78849156527524,60.0000000000008,40,0,0.396233169943135,1.00950659950404,-10.8350008215583,60,0,0,0,0.948186592811111,-12.6143600739899,60,0,0,0,0.99864592965849,-11.7171273661745,59.9999999999985,0,0,0,0.986912899856917
10.57,10.0258822134749,60,201.708058052754,71.2480782529227,2.01812782542025,1.06,-3.78849156527524,60.0000000000008,40,0,0.396233169943135,1.00950659950404,-10.8350008215583,60,0,0,0,0.948186592811111,-12.6143600739899,60,0,0,0,0.99864592965849,-11.7171273661745,59.9999999999985,0,0,0,0.986912899856917
10.58,10.0258822134749,60,201.708058052754,71.2480782529227,2.01812782542025,1.06,-3.78849156527524,60.0000000000008,40,0,0.396233169943135,1.00950659950404,-10.8350008215583,60,0,0,0,0.948186592811111,-12.6143600739899,60,0,0,0,0.99864592965849,-11.7171273661745,59.9999999999985,0,0,0,0.986912899856917
10.59,10.0258822134749,60,201.708058052754,71.2480782529227,2.01812782542025,1.06,-3.78849156527524,60.0000000000008,40,0,0.396233169943135,1.00950659950404,-10.8350008215583,60,0,0,0,0.948186592811111,-12.6143600739899,60,0,0,0,0.99864592965849,-11.7171273661745,59.9999999999985,0,0,0,0.986912899856917
10.6,10.0258822134749,60,201.708058052754,71.2480782529227,2.01812782542025,1.06,-3.78849156527524,60.0000000000008,40,0,0.396233169943135,1.00950659950404,-10.8350008215583,60,0,0,0,0.948186592811111,-12.6143600739899,60,0,0,0,0.99864592965849,-11.7171273661745,59.9999999999985,0,0,0,0.986912899856917
10.61,10.0258822134749,60,201.708058052754,71.2480782529227,2.01812782542025,1.06,-3.78849156527524,60.0000000000008,40,0,0.396233169943135,1.00950659950404,-10.8350008215583,60,0,0,0,0.948186592811111,-12.6143600739899,60,0,0,0,0.99864592965849,-11.7171273661745,59.9999999999985,0,0,0,0.986912899856917
10.62,10.0258822134749,60,201.708058052754,71.2480782529227,2.01812782542025,1.06,-3.78849156527524,60.0000000000008,40,0,0.396233169943135,1.00950659950404,-10.8350008215583,60,0,0,0,0.948186592811111,-12.6143600739899,60,0,0,0,0.99864592965849,-11.7171273661745,59.9999999999985,0,0,0,0.986912899856917
10.63,10.0258822134749,60,201.708058052754,71.2480782529227,2.01812782542025,1.06,-3.78849156527524,60.0000000000008,40,0,0.396233169943135,1.00950659950404,-10.8350008215583,60,0,0,0,0.948186592811111,-12.6143600739899,60,0,0,0,0.99864592965849,-11.7171273661745,59.9999999999985,0,0,0,0.986912899856917
10.64,10.0258822134749,60,201.708058052754,71.2480782529227,2.01812782542025,1.06,-3.78849156527524,60.0000000000008,40,0,0.396233169943135,1.00950659950404,-10.8350008215583,60,0,0,0,0.948186592811111,-12.6143600739899,60,0,0,0,0.99864592965849,-11.7171273661745,59.9999999999985,0,0,0,0.986912899856917
10.65,10.0258822134749,60,201.708058052754,71.2480782529227,2.01812782542025,1.06,-3.78849156527524,60.0000000000008,40,0,0.396233169943135,1.00950659950404,-10.8350008215583,60,0,0,0,0.948186592811111,-12.6143600739899,60,0,0,0,0.99864592965849,-11.7171273661745,59.9999999999985,0,0,0,0.986912899856917
10.66,10.0258822134749,60,201.708058052754,71.2480782529227,2.01812782542025,1.06,-3.78849156527524,60.0000000000008,40,0,0.396233169943135,1.00950659950404,-10.8350008215583,60,0,0,0,0.948186592811111,-12.6143600739899,60,0,0,0,0.99864592965849,-11.7171273661745,59.9999999999985,0,0,0,0.986912899856917
10.67,10.0258822134749,60,201.708058052754,71.2480782529227,2.01812782542025,1.06,-3.78849156527524,60.0000000000008,40,0,0.396233169943135,1.00950659950404,-10.8350008215583,60,0,0,0,0.948186592811111,-12.6143600739899,60,0,0,0,0.99864592965849,-11.7171273661745,59.9999999999985,0,0,0,0.986912899856917
10.68,10.0258822134749,60,201.708058052754,71.2480782529227,2.01812782542025,1.06,-3.78849156527524,60.0000000000008,40,0,0.396233169943135,1.00950659950404,-10.8350008215583,60,0,0,0,0.948186592811111,-12.6143600739899,60,0,0,0,0.99864592965849,-11.7171273661745,59.9999999999985,0,0,0,0.986912899856917
10.69,10.0258822134749,60,201.708058052754,71.2480782529227,2.01812782542025,1.06,-3.78849156527524,60.0000000000008,40,0,0.396233169943135,1.00950659950404,-10.8350008215583,60,0,0,0,0.948186592811111,-12.6143600739899,60,0,0,0,0.99864592965849,-11.7171273661745,59.9999999999985,0,0,0,0.986912899856917
10.7,10.0258822134749,60,201.708058052754,71.2480782529227,2.01812782542025,1.06,-3.78849156527524,60.0000000000008,40,0,0.396233169943135,1.00950659950404,-10.8350008215583,60,0,0,0,0.948186592811111,-12.6143600739899,60,0,0,0,0.99864592965849,-11.7171273661745,59.9999999999985,0,0,0,0.986912899856917
10.71,10.0258822134749,60,201.708058052754,71.2480782529227,2.01812782542025,1.06,-3.78849156527524,60.0000000000008,40,0,0.396233169943135,1.00950659950404,-10.8350008215583,60,0,0,0,0.948186592811111,-12.6143600739899,60,0,0,0,0.99864592965849,-11.7171273661745,59.9999999999985,0,0,0,0.986912899856917
10.72,10.0258822134749,60,201.708058052754,71.2480782529227,2.01812782542025,1.06,-3.78849156527524,60.0000000000008,40,0,0.396233169943135,1.00950659950404,-10.8350008215583,60,0,0,0,0.948186592811111,-12.6143600739899,60,0,0,0,0.99864592965849,-11.7171273661745,59.9999999999985,0,0,0,0.986912899856917
10.73,10.0258822134749,60,201.708058052754,71.2480782529227,2.01812782542025,1.06,-3.78849156527524,60.0000000000008,40,0,0.396233169943135,1.00950659950404,-10.8350008215583,60,0,0,0,0.948186592811111,-12.6143600739899,60,0,0,0,0.99864592965849,-11.7171273661745,59.9999999999985,0,0,0,0.986912899856917
10.74,10.0258822134749,60,201.708058052754,71.2480782529227,2.01812782542025,1.06,-3.78849156527524,60.0000000000008,40,0,0.396233169943135,1.00950659950404,-10.8350008215583,60,0,0,0,0.948186592811111,-12.6143600739899,60,0,0,0,0.99864592965849,-11.7171273661745,59.9999999999985,0,0,0,0.986912899856917
10.75,10.0258822134749,60,201.708058052754,71.2480782529227,2.01812782542025,1.06,-3.78849156527524,60.0000000000008,40,0,0.396233169943135,1.00950659950404,-10.8350008215583,60,0,0,0,0.948186592811111,-12.6143600739899,60,0,0,0,0.99864592965849,-11.7171273661745,59.9999999999985,0,0,0,0.986912899856917
10.76,10.0258822134749,60,201.708058052754,71.2480782529227,2.01812782542025,1.06,-3.78849156527524,60.0000000000008,40,0,0.396233169943135,1.00950659950404,-10.8350008215583,60,0,0,0,0.948186592811111,-12.6143600739899,60,0,0,0,0.99864592965849,-11.7171273661745,59.9999999999985,0,0,0,0.986912899856917
10.77,10.0258822134749,60,201.708058052754,71.2480782529227,2.01812782542025,1.06,-3.78849156527524,60.0000000000008,40,0,0.396233169943135,1.00950659950404,-10.8350008215583,60,0,0,0,0.948186592811111,-12.6143600739899,60,0,0,0,0.99864592965849,-11.7171273661745,59.9999999999985,0,0,0,0.986912899856917
10.78,10.0258822134749,60,201.708058052754,71.2480782529227,2.01812782542025,1.06,-3.78849156527524,60.0000000000008,40,0,0.396233169943135,1.00950659950404,-10.8350008215583,60,0,0,0,0.948186592811111,-12.6143600739899,60,0,0,0,0.99864592965849,-11.7171273661745,59.9999999999985,0,0,0,0.986912899856917
10.79,10.0258822134749,60,201.708058052754,71.2480782529227,2.01812782542025,1.06,-3.78849156527524,60.0000000000008,40,0,0.396233169943135,1.00950659950404,-10.8350008215583,60,0,0,0,0.948186592811111,-12.6143600739899,60,0,0,0,0.99864592965849,-11.7171273661745,59.9999999999985,0,0,0,0.986912899856917
10.8,10.0258822134749,60,201.708058052754,71.2480782529227,2.01812782542025,1.06,-3.78849156527524,60.0000000000008,40,0,0.396233169943135,1.00950659950404,-10.8350008215583,60,0,0,0,0.948186592811111,-12.6143600739899,60,0,0,0,0.99864592965849,-11.7171273661745,59.9999999999985,0,0,0,0.986912899856917
10.81,10.0258822134749,60,201.708058052754,71.2480782529227,2.01812782542025,1.06,-3.78849156527524,60.0000000000008,40,0,0.396233169943135,1.00950659950404,-10.8350008215583,60,0,0,0,0.948186592811111,-12.6143600739899,60,0,0,0,0.99864592965849,-11.7171273661745,59.9999999999985,0,0,0,0.986912899856917
10.82,10.0258822134749,60,201.708058052754,71.2480782529227,2.01812782542025,1.06,-3.78849156527524,60.0000000000008,40,0,0.396233169943135,1.00950659950404,-10.8350008215583,60,0,0,0,0.948186592811111,-12.6143600739899,60,0,0,0,0.99864592965849,-11.7171273661745,59.9999999999985,0,0,0,0.986912899856917
10.83,10.0258822134749,60,201.708058052754,71.2480782529227,2.01812782542025,1.06,-3.78849156527524,60.0000000000008,40,0,0.396233169943135,1.00950659950404,-10.8350008215583,60,0,0,0,0.948186592811111,-12.6143600739899,60,0,0,0,0.99864592965849,-11.7171273661745,59.9999999999985,0,0,0,0.986912899856917
10.84,10.0258822134749,60,201.708058052754,71.2480782529227,2.01812782542025,1.06,-3.78849156527524,60.0000000000008,40,0,0.396233169943135,1.00950659950404,-10.8350008215583,60,0,0,0,0.948186592811111,-12.6143600739899,60,0,0,0,0.99864592965849,-11.7171273661745,59.9999999999985,0,0,0,0.986912899856917
10.85,10.0258822134749,60,201.708058052754,71.2480782529227,2.01812782542025,1.06,-3.78849156527524,60.0000000000008,40,0,0.396233169943135,1.00950659950404,-10.8350008215583,60,0,0,0,0.948186592811111,-12.6143600739899,60,0,0,0,0.99864592965849,-11.7171273661745,59.9999999999985,0,0,0,0.986912899856917
10.86,10.0258822134749,60,201.708058052754,71.2480782529227,2.01812782542025,1.06,-3.78849156527524,60.0000000000008,40,0,0.396233169943135,1.00950659950404,-10.8350008215583,60,0,0,0,0.948186592811111,-12.6143600739899,60,0,0,0,0.99864592965849,-11.7171273661745,59.9999999999985,0,0,0,0.986912899856917
10.87,10.0258822134749,60,201.708058052754,71.2480782529227,2.01812782542025,1.06,-3.78849156527524,60.0000000000008,40,0,0.396233169943135,1.00950659950404,-10.8350008215583,60,0,0,0,0.948186592811111,-12.6143600739899,60,0,0,0,0.99864592965849,-11.7171273661745,59.9999999999985,0,0,0,0.986912899856917
10.88,10.0258822134749,60,201.708058052754,71.2480782529227,2.01812782542025,1.06,-3.78849156527524,60.0000000000008,40,0,0.396233169943135,1.00950659950404,-10.8350008215583,60,0,0,0,0.948186592811111,-12.6143600739899,60,0,0,0,0.99864592965849,-11.7171273661745,59.9999999999985,0,0,0,0.986912899856917
10.89,10.0258822134749,60,201.708058052754,71.2480782529227,2.01812782542025,1.06,-3.78849156527524,60.0000000000008,40,0,0.396233169943135,1.00950659950404,-10.8350008215583,60,0,0,0,0.948186592811111,-12.6143600739899,60,0,0,0,0.99864592965849,-11.7171273661745,59.9999999999985,0,0,0,0.986912899856917
10.9,10.0258822134749,60,201.708058052754,71.2480782529227,2.01812782542025,1.06,-3.78849156527524,60.0000000000008,40,0,0.396233169943135,1.00950659950404,-10.8350008215583,60,0,0,0,0.948186592811111,-12.6143600739899,60,0,0,0,0.99864592965849,-11.7171273661745,59.9999999999985,0,0,0,0.986912899856917
10.91,10.0258822134749,60,201.708058052754,71.2480782529227,2.01812782542025,1.06,-3.78849156527524,60.0000000000008,40,0,0.396233169943135,1.00950659950404,-10.8350008215583,60,0,0,0,0.948186592811111,-12.6143600739899,60,0,0,0,0.99864592965849,-11.7171273661745,59.9999999999985,0,0,0,0.986912899856917
10.92,10.0258822134749,60,201.708058052754,71.2480782529227,2.01812782542025,1.06,-3.78849156527524,60.0000000000008,40,0,0.396233169943135,1.00950659950404,-10.8350008215583,60,0,0,0,0.948186592811111,-12.6143600739899,60,0,0,0,0.99864592965849,-11.7171273661745,59.9999999999985,0,0,0,0.986912899856917
10.93,10.0258822134749,60,201.708058052754,71.2480782529227,2.01812782542025,1.06,-3.78849156527524,60.0000000000008,40,0,0.396233169943135,1.00950659950404,-10.8350008215583,60,0,0,0,0.948186592811111,-12.6143600739899,60,0,0,0,0.99864592965849,-11.7171273661745,59.9999999999985,0,0,0,0.986912899856917
10.94,10.0258822134749,60,201.708058052754,71.2480782529227,2.01812782542025,1.06,-3.78849156527524,60.0000000000008,40,0,0.396233169943135,1.00950659950404,-10.8350008215583,60,0,0,0,0.948186592811111,-12.6143600739899,60,0,0,0,0.99864592965849,-11.7171273661745,59.9999999999985,0,0,0,0.986912899856917
10.95,10.0258822134749,60,201.708058052754,71.2480782529227,2.01812782542025,1.06,-3.78849156527524,60.0000000000008,40,0,0.396233169943135,1.00950659950404,-10.8350008215583,60,0,0,0,0.948186592811111,-12.6143600739899,60,0,0,0,0.99864592965849,-11.7171273661745,59.9999999999985,0,0,0,0.986912899856917
10.96,10.0258822134749,60,201.708058052754,71.2480782529227,2.01812782542025,1.06,-3.78849156527524,60.0000000000008,40,0,0.396233169943135,1.00950659950404,-10.8350008215583,60,0,0,0,0.948186592811111,-12.6143600739899,60,0,0,0,0.99864592965849,-11.7171273661745,59.9999999999985,0,0,0,0.986912899856917
10.97,10.0258822134749,60,201.708058052754,71.2480782529227,2.01812782542025,1.06,-3.78849156527524,60.0000000000008,40,0,0.396233169943135,1.00950659950404,-10.8350008215583,60,0,0,0,0.948186592811111,-12.6143600739899,60,0,0,0,0.99864592965849,-11.7171273661745,59.9999999999985,0,0,0,0.986912899856917
10.98,10.0258822134749,60,201.708058052754,71.2480782529227,2.01812782542025,1.06,-3.78849156527524,60.0000000000008,40,0,0.396233169943135,1.00950659950404,-10.8350008215583,60,0,0,0,0.948186592811111,-12.6143600739899,60,0,0,0,0.99864592965849,-11.7171273661745,59.9999999999985,0,0,0,0.986912899856917
10.99,10.0258822134749,60,201.708058052754,71.2480782529227,2.01812782542025,1.06,-3.78849156527524,60.0000000000008,40,0,0.396233169943135,1.00950659950404,-10.8350008215583,60,0,0,0,0.948186592811111,-12.6143600739899,60,0,0,0,0.99864592965849,-11.7171273661745,59.9999999999985,0,0,0,0.986912899856917
11,10.0258822134749,60,201.708058052754,71.2480782529227,2.01812782542025,1.06,-3.78849156527524,60.0000000000008,40,0,0.396233169943135,1.00950659950404,-10.8350008215583,60,0,0,0,0.948186592811111,-12.6143600739899,60,0,0,0,0.99864592965849,-11.7171273661745,59.9999999999985,0,0,0,0.986912899856917
11.01,10.0258822134749,60,201.708058052754,71.2480782529227,2.01812782542025,1.06,-3.78849156527524,60.0000000000008,40,0,0.396233169943135,1.00950659950404,-10.8350008215583,60,0,0,0,0.948186592811111,-12.6143600739899,60,0,0,0,0.99864592965849,-11.7171273661745,59.9999999999985,0,0,0,0.986912899856917
11.02,10.0258822134749,60,201.708058052754,71.2480782529227,2.01812782542025,1.06,-3.78849156527524,60.0000000000008,40,0,0.396233169943135,1.00950659950404,-10.8350008215583,60,0,0,0,0.948186592811111,-12.6143600739899,60,0,0,0,0.99864592965849,-11.7171273661745,59.9999999999985,0,0,0,0.986912899856917
11.03,10.0258822134749,60,201.708058052754,71.2480782529227,2.01812782542025,1.06,-3.78849156527524,60.0000000000008,40,0,0.396233169943135,1.00950659950404,-10.8350008215583,60,0,0,0,0.948186592811111,-12.6143600739899,60,0,0,0,0.99864592965849,-11.7171273661745,59.9999999999985,0,0,0,0.986912899856917
11.04,10.0258822134749,60,201.708058052754,71.2480782529227,2.01812782542025,1.06,-3.78849156527524,60.0000000000008,40,0,0.396233169943135,1.00950659950404,-10.8350008215583,60,0,0,0,0.948186592811111,-12.6143600739899,60,0,0,0,0.99864592965849,-11.7171273661745,59.9999999999985,0,0,0,0.986912899856917
11.05,10.0258822134749,60,201.708058052754,71.2480782529227,2.01812782542025,1.06,-3.78849156527524,60.0000000000008,40,0,0.396233169943135,1.00950659950404,-10.8350008215583,60,0,0,0,0.948186592811111,-12.6143600739899,60,0,0,0,0.99864592965849,-11.7171273661745,59.9999999999985,0,0,0,0.986912899856917
11.06,10.0258822134749,60,201.708058052754,71.2480782529227,2.01812782542025,1.06,-3.78849156527524,60.0000000000008,40,0,0.396233169943135,1.00950659950404,-10.8350008215583,60,0,0,0,0.948186592811111,-12.6143600739899,60,0,0,0,0.99864592965849,-11.7171273661745,59.9999999999985,0,0,0,0.986912899856917
11.07,10.0258822134749,60,201.708058052754,71.2480782529227,2.01812782542025,1.06,-3.78849156527524,60.0000000000008,40,0,0.396233169943135,1.00950659950404,-10.8350008215583,60,0,0,0,0.948186592811111,-12.6143600739899,60,0,0,0,0.99864592965849,-11.7171273661745,59.9999999999985,0,0,0,0.986912899856917
11.08,10.0258822134749,60,201.708058052754,71.2480782529227,2.01812782542025,1.06,-3.78849156527524,60.0000000000008,40,0,0.396233169943135,1.00950659950404,-10.8350008215583,60,0,0,0,0.948186592811111,-12.6143600739899,60,0,0,0,0.99864592965849,-11.7171273661745,59.9999999999985,0,0,0,0.986912899856917
11.09,10.0258822134749,60,201.708058052754,71.2480782529227,2.01812782542025,1.06,-3.78849156527524,60.0000000000008,40,0,0.396233169943135,1.00950659950404,-10.8350008215583,60,0,0,0,0.948186592811111,-12.6143600739899,60,0,0,0,0.99864592965849,-11.7171273661745,59.9999999999985,0,0,0,0.986912899856917
11.1,10.0258822134749,60,201.708058052754,71.2480782529227,2.01812782542025,1.06,-3.78849156527524,60.0000000000008,40,0,0.396233169943135,1.00950659950404,-10.8350008215583,60,0,0,0,0.948186592811111,-12.6143600739899,60,0,0,0,0.99864592965849,-11.7171273661745,59.9999999999985,0,0,0,0.986912899856917
11.11,10.0258822134749,60,201.708058052754,71.2480782529227,2.01812782542025,1.06,-3.78849156527524,60.0000000000008,40,0,0.396233169943135,1.00950659950404,-10.8350008215583,60,0,0,0,0.948186592811111,-12.6143600739899,60,0,0,0,0.99864592965849,-11.7171273661745,59.9999999999985,0,0,0,0.986912899856917
11.12,10.0258822134749,60,201.708058052754,71.2480782529227,2.01812782542025,1.06,-3.78849156527524,60.0000000000008,40,0,0.396233169943135,1.00950659950404,-10.8350008215583,60,0,0,0,0.948186592811111,-12.6143600739899,60,0,0,0,0.99864592965849,-11.7171273661745,59.9999999999985,0,0,0,0.986912899856917
11.13,10.0258822134749,60,201.708058052754,71.2480782529227,2.01812782542025,1.06,-3.78849156527524,60.0000000000008,40,0,0.396233169943135,1.00950659950404,-10.8350008215583,60,0,0,0,0.948186592811111,-12.6143600739899,60,0,0,0,0.99864592965849,-11.7171273661745,59.9999999999985,0,0,0,0.986912899856917
11.14,10.0258822134749,60,201.708058052754,71.2480782529227,2.01812782542025,1.06,-3.78849156527524,60.0000000000008,40,0,0.396233169943135,1.00950659950404,-10.8350008215583,60,0,0,0,0.948186592811111,-12.6143600739899,60,0,0,0,0.99864592965849,-11.7171273661745,59.9999999999985,0,0,0,0.986912899856917
11.15,10.0258822134749,60,201.708058052754,71.2480782529227,2.01812782542025,1.06,-3.78849156527524,60.0000000000008,40,0,0.396233169943135,1.00950659950404,-10.8350008215583,60,0,0,0,0.948186592811111,-12.6143600739899,60,0,0,0,0.99864592965849,-11.7171273661745,59.9999999999985,0,0,0,0.986912899856917
11.16,10.0258822134749,60,201.708058052754,71.2480782529227,2.01812782542025,1.06,-3.78849156527524,60.0000000000008,40,0,0.396233169943135,1.00950659950404,-10.8350008215583,60,0,0,0,0.948186592811111,-12.6143600739899,60,0,0,0,0.99864592965849,-11.7171273661745,59.9999999999985,0,0,0,0.986912899856917
11.17,10.0258822134749,60,201.708058052754,71.2480782529227,2.01812782542025,1.06,-3.78849156527524,60.0000000000008,40,0,0.396233169943135,1.00950659950404,-10.8350008215583,60,0,0,0,0.948186592811111,-12.6143600739899,60,0,0,0,0.99864592965849,-11.7171273661745,59.9999999999985,0,0,0,0.986912899856917
11.18,10.0258822134749,60,201.708058052754,71.2480782529227,2.01812782542025,1.06,-3.78849156527524,60.0000000000008,40,0,0.396233169943135,1.00950659950404,-10.8350008215583,60,0,0,0,0.948186592811111,-12.6143600739899,60,0,0,0,0.99864592965849,-11.7171273661745,59.9999999999985,0,0,0,0.986912899856917
11.19,10.0258822134749,60,201.708058052754,71.2480782529227,2.01812782542025,1.06,-3.78849156527524,60.0000000000008,40,0,0.396233169943135,1.00950659950404,-10.8350008215583,60,0,0,0,0.948186592811111,-12.6143600739899,60,0,0,0,0.99864592965849,-11.7171273661745,59.9999999999985,0,0,0,0.986912899856917
11.2,10.0258822134749,60,201.708058052754,71.2480782529227,2.01812782542025,1.06,-3.78849156527524,60.0000000000008,40,0,0.396233169943135,1.00950659950404,-10.8350008215583,60,0,0,0,0.948186592811111,-12.6143600739899,60,0,0,0,0.99864592965849,-11.7171273661745,59.9999999999985,0,0,0,0.986912899856917
11.21,10.0258822134749,60,201.708058052754,71.2480782529227,2.01812782542025,1.06,-3.78849156527524,60.0000000000008,40,0,0.396233169943135,1.00950659950404,-10.8350008215583,60,0,0,0,0.948186592811111,-12.6143600739899,60,0,0,0,0.99864592965849,-11.7171273661745,59.9999999999985,0,0,0,0.986912899856917
11.22,10.0258822134749,60,201.708058052754,71.2480782529227,2.01812782542025,1.06,-3.78849156527524,60.0000000000008,40,0,0.396233169943135,1.00950659950404,-10.8350008215583,60,0,0,0,0.948186592811111,-12.6143600739899,60,0,0,0,0.99864592965849,-11.7171273661745,59.9999999999985,0,0,0,0.986912899856917
11.23,10.0258822134749,60,201.708058052754,71.2480782529227,2.01812782542025,1.06,-3.78849156527524,60.0000000000008,40,0,0.396233169943135,1.00950659950404,-10.8350008215583,60,0,0,0,0.948186592811111,-12.6143600739899,60,0,0,0,0.99864592965849,-11.7171273661745,59.9999999999985,0,0,0,0.986912899856917
11.24,10.0258822134749,60,201.708058052754,71.2480782529227,2.01812782542025,1.06,-3.78849156527524,60.0000000000008,40,0,0.396233169943135,1.00950659950404,-10.8350008215583,60,0,0,0,0.948186592811111,-12.6143600739899,60,0,0,0,0.99864592965849,-11.7171273661745,59.9999999999985,0,0,0,0.986912899856917
11.25,10.0258822134749,60,201.708058052754,71.2480782529227,2.01812782542025,1.06,-3.78849156527524,60.0000000000008,40,0,0.396233169943135,1.00950659950404,-10.8350008215583,60,0,0,0,0.948186592811111,-12.6143600739899,60,0,0,0,0.99864592965849,-11.7171273661745,59.9999999999985,0,0,0,0.986912899856917
11.26,10.0258822134749,60,201.708058052754,71.2480782529227,2.01812782542025,1.06,-3.78849156527524,60.0000000000008,40,0,0.396233169943135,1.00950659950404,-10.8350008215583,60,0,0,0,0.948186592811111,-12.6143600739899,60,0,0,0,0.99864592965849,-11.7171273661745,59.9999999999985,0,0,0,0.986912899856917
11.27,10.0258822134749,60,201.708058052754,71.2480782529227,2.01812782542025,1.06,-3.78849156527524,60.0000000000008,40,0,0.396233169943135,1.00950659950404,-10.8350008215583,60,0,0,0,0.948186592811111,-12.6143600739899,60,0,0,0,0.99864592965849,-11.7171273661745,59.9999999999985,0,0,0,0.986912899856917
11.28,10.0258822134749,60,201.708058052754,71.2480782529227,2.01812782542025,1.06,-3.78849156527524,60.0000000000008,40,0,0.396233169943135,1.00950659950404,-10.8350008215583,60,0,0,0,0.948186592811111,-12.6143600739899,60,0,0,0,0.99864592965849,-11.7171273661745,59.9999999999985,0,0,0,0.986912899856917
11.29,10.0258822134749,60,201.708058052754,71.2480782529227,2.01812782542025,1.06,-3.78849156527524,60.0000000000008,40,0,0.396233169943135,1.00950659950404,-10.8350008215583,60,0,0,0,0.948186592811111,-12.6143600739899,60,0,0,0,0.99864592965849,-11.7171273661745,59.9999999999985,0,0,0,0.986912899856917
11.3,10.0258822134749,60,201.708058052754,71.2480782529227,2.01812782542025,1.06,-3.78849156527524,60.0000000000008,40,0,0.396233169943135,1.00950659950404,-10.8350008215583,60,0,0,0,0.948186592811111,-12.6143600739899,60,0,0,0,0.99864592965849,-11.7171273661745,59.9999999999985,0,0,0,0.986912899856917
11.31,10.0258822134749,60,201.708058052754,71.2480782529227,2.01812782542025,1.06,-3.78849156527524,60.0000000000008,40,0,0.396233169943135,1.00950659950404,-10.8350008215583,60,0,0,0,0.948186592811111,-12.6143600739899,60,0,0,0,0.99864592965849,-11.7171273661745,59.9999999999985,0,0,0,0.986912899856917
11.32,10.0258822134749,60,201.708058052754,71.2480782529227,2.01812782542025,1.06,-3.78849156527524,60.0000000000008,40,0,0.396233169943135,1.00950659950404,-10.8350008215583,60,0,0,0,0.948186592811111,-12.6143600739899,60,0,0,0,0.99864592965849,-11.7171273661745,59.9999999999985,0,0,0,0.986912899856917
11.33,10.0258822134749,60,201.708058052754,71.2480782529227,2.01812782542025,1.06,-3.78849156527524,60.0000000000008,40,0,0.396233169943135,1.00950659950404,-10.8350008215583,60,0,0,0,0.948186592811111,-12.6143600739899,60,0,0,0,0.99864592965849,-11.7171273661745,59.9999999999985,0,0,0,0.986912899856917
11.34,10.0258822134749,60,201.708058052754,71.2480782529227,2.01812782542025,1.06,-3.78849156527524,60.0000000000008,40,0,0.396233169943135,1.00950659950404,-10.8350008215583,60,0,0,0,0.948186592811111,-12.6143600739899,60,0,0,0,0.99864592965849,-11.7171273661745,59.9999999999985,0,0,0,0.986912899856917
11.35,10.0258822134749,60,201.708058052754,71.2480782529227,2.01812782542025,1.06,-3.78849156527524,60.0000000000008,40,0,0.396233169943135,1.00950659950404,-10.8350008215583,60,0,0,0,0.948186592811111,-12.6143600739899,60,0,0,0,0.99864592965849,-11.7171273661745,59.9999999999985,0,0,0,0.986912899856917
11.36,10.0258822134749,60,201.708058052754,71.2480782529227,2.01812782542025,1.06,-3.78849156527524,60.0000000000008,40,0,0.396233169943135,1.00950659950404,-10.8350008215583,60,0,0,0,0.948186592811111,-12.6143600739899,60,0,0,0,0.99864592965849,-11.7171273661745,59.9999999999985,0,0,0,0.986912899856917
11.37,10.0258822134749,60,201.708058052754,71.2480782529227,2.01812782542025,1.06,-3.78849156527524,60.0000000000008,40,0,0.396233169943135,1.00950659950404,-10.8350008215583,60,0,0,0,0.948186592811111,-12.6143600739899,60,0,0,0,0.99864592965849,-11.7171273661745,59.9999999999985,0,0,0,0.986912899856917
11.38,10.0258822134749,60,201.708058052754,71.2480782529227,2.01812782542025,1.06,-3.78849156527524,60.0000000000008,40,0,0.396233169943135,1.00950659950404,-10.8350008215583,60,0,0,0,0.948186592811111,-12.6143600739899,60,0,0,0,0.99864592965849,-11.7171273661745,59.9999999999985,0,0,0,0.986912899856917
11.39,10.0258822134749,60,201.708058052754,71.2480782529227,2.01812782542025,1.06,-3.78849156527524,60.0000000000008,40,0,0.396233169943135,1.00950659950404,-10.8350008215583,60,0,0,0,0.948186592811111,-12.6143600739899,60,0,0,0,0.99864592965849,-11.7171273661745,59.9999999999985,0,0,0,0.986912899856917
11.4,10.0258822134749,60,201.708058052754,71.2480782529227,2.01812782542025,1.06,-3.78849156527524,60.0000000000008,40,0,0.396233169943135,1.00950659950404,-10.8350008215583,60,0,0,0,0.948186592811111,-12.6143600739899,60,0,0,0,0.99864592965849,-11.7171273661745,59.9999999999985,0,0,0,0.986912899856917
11.41,10.0258822134749,60,201.708058052754,71.2480782529227,2.01812782542025,1.06,-3.78849156527524,60.0000000000008,40,0,0.396233169943135,1.00950659950404,-10.8350008215583,60,0,0,0,0.948186592811111,-12.6143600739899,60,0,0,0,0.99864592965849,-11.7171273661745,59.9999999999985,0,0,0,0.986912899856917
11.42,10.0258822134749,60,201.708058052754,71.2480782529227,2.01812782542025,1.06,-3.78849156527524,60.0000000000008,40,0,0.396233169943135,1.00950659950404,-10.8350008215583,60,0,0,0,0.948186592811111,-12.6143600739899,60,0,0,0,0.99864592965849,-11.7171273661745,59.9999999999985,0,0,0,0.986912899856917
11.43,10.0258822134749,60,201.708058052754,71.2480782529227,2.01812782542025,1.06,-3.78849156527524,60.0000000000008,40,0,0.396233169943135,1.00950659950404,-10.8350008215583,60,0,0,0,0.948186592811111,-12.6143600739899,60,0,0,0,0.99864592965849,-11.7171273661745,59.9999999999985,0,0,0,0.986912899856917
11.44,10.0258822134749,60,201.708058052754,71.2480782529227,2.01812782542025,1.06,-3.78849156527524,60.0000000000008,40,0,0.396233169943135,1.00950659950404,-10.8350008215583,60,0,0,0,0.948186592811111,-12.6143600739899,60,0,0,0,0.99864592965849,-11.7171273661745,59.9999999999985,0,0,0,0.986912899856917
11.45,10.0258822134749,60,201.708058052754,71.2480782529227,2.01812782542025,1.06,-3.78849156527524,60.0000000000008,40,0,0.396233169943135,1.00950659950404,-10.8350008215583,60,0,0,0,0.948186592811111,-12.6143600739899,60,0,0,0,0.99864592965849,-11.7171273661745,59.9999999999985,0,0,0,0.986912899856917
11.46,10.0258822134749,60,201.708058052754,71.2480782529227,2.01812782542025,1.06,-3.78849156527524,60.0000000000008,40,0,0.396233169943135,1.00950659950404,-10.8350008215583,60,0,0,0,0.948186592811111,-12.6143600739899,60,0,0,0,0.99864592965849,-11.7171273661745,59.9999999999985,0,0,0,0.986912899856917
11.47,10.0258822134749,60,201.708058052754,71.2480782529227,2.01812782542025,1.06,-3.78849156527524,60.0000000000008,40,0,0.396233169943135,1.00950659950404,-10.8350008215583,60,0,0,0,0.948186592811111,-12.6143600739899,60,0,0,0,0.99864592965849,-11.7171273661745,59.9999999999985,0,0,0,0.986912899856917
11.48,10.0258822134749,60,201.708058052754,71.2480782529227,2.01812782542025,1.06,-3.78849156527524,60.0000000000008,40,0,0.396233169943135,1.00950659950404,-10.8350008215583,60,0,0,0,0.948186592811111,-12.6143600739899,60,0,0,0,0.99864592965849,-11.7171273661745,59.9999999999985,0,0,0,0.986912899856917
11.49,10.0258822134749,60,201.708058052754,71.2480782529227,2.01812782542025,1.06,-3.78849156527524,60.0000000000008,40,0,0.396233169943135,1.00950659950404,-10.8350008215583,60,0,0,0,0.948186592811111,-12.6143600739899,60,0,0,0,0.99864592965849,-11.7171273661745,59.9999999999985,0,0,0,0.986912899856917
11.5,10.0258822134749,60,201.708058052754,71.2480782529227,2.01812782542025,1.06,-3.78849156527524,60.0000000000008,40,0,0.396233169943135,1.00950659950404,-10.8350008215583,60,0,0,0,0.948186592811111,-12.6143600739899,60,0,0,0,0.99864592965849,-11.7171273661745,59.9999999999985,0,0,0,0.986912899856917
11.51,10.0258822134749,60,201.708058052754,71.2480782529227,2.01812782542025,1.06,-3.78849156527524,60.0000000000008,40,0,0.396233169943135,1.00950659950404,-10.8350008215583,60,0,0,0,0.948186592811111,-12.6143600739899,60,0,0,0,0.99864592965849,-11.7171273661745,59.9999999999985,0,0,0,0.986912899856917
11.52,10.0258822134749,60,201.708058052754,71.2480782529227,2.01812782542025,1.06,-3.78849156527524,60.0000000000008,40,0,0.396233169943135,1.00950659950404,-10.8350008215583,60,0,0,0,0.948186592811111,-12.6143600739899,60,0,0,0,0.99864592965849,-11.7171273661745,59.9999999999985,0,0,0,0.986912899856917
11.53,10.0258822134749,60,201.708058052754,71.2480782529227,2.01812782542025,1.06,-3.78849156527524,60.0000000000008,40,0,0.396233169943135,1.00950659950404,-10.8350008215583,60,0,0,0,0.948186592811111,-12.6143600739899,60,0,0,0,0.99864592965849,-11.7171273661745,59.9999999999985,0,0,0,0.986912899856917
11.54,10.0258822134749,60,201.708058052754,71.2480782529227,2.01812782542025,1.06,-3.78849156527524,60.0000000000008,40,0,0.396233169943135,1.00950659950404,-10.8350008215583,60,0,0,0,0.948186592811111,-12.6143600739899,60,0,0,0,0.99864592965849,-11.7171273661745,59.9999999999985,0,0,0,0.986912899856917
11.55,10.0258822134749,60,201.708058052754,71.2480782529227,2.01812782542025,1.06,-3.78849156527524,60.0000000000008,40,0,0.396233169943135,1.00950659950404,-10.8350008215583,60,0,0,0,0.948186592811111,-12.6143600739899,60,0,0,0,0.99864592965849,-11.7171273661745,59.9999999999985,0,0,0,0.986912899856917
11.56,10.0258822134749,60,201.708058052754,71.2480782529227,2.01812782542025,1.06,-3.78849156527524,60.0000000000008,40,0,0.396233169943135,1.00950659950404,-10.8350008215583,60,0,0,0,0.948186592811111,-12.6143600739899,60,0,0,0,0.99864592965849,-11.7171273661745,59.9999999999985,0,0,0,0.986912899856917
11.57,10.0258822134749,60,201.708058052754,71.2480782529227,2.01812782542025,1.06,-3.78849156527524,60.0000000000008,40,0,0.396233169943135,1.00950659950404,-10.8350008215583,60,0,0,0,0.948186592811111,-12.6143600739899,60,0,0,0,0.99864592965849,-11.7171273661745,59.9999999999985,0,0,0,0.986912899856917
11.58,10.0258822134749,60,201.708058052754,71.2480782529227,2.01812782542025,1.06,-3.78849156527524,60.0000000000008,40,0,0.396233169943135,1.00950659950404,-10.8350008215583,60,0,0,0,0.948186592811111,-12.6143600739899,60,0,0,0,0.99864592965849,-11.7171273661745,59.9999999999985,0,0,0,0.986912899856917
11.59,10.0258822134749,60,201.708058052754,71.2480782529227,2.01812782542025,1.06,-3.78849156527524,60.0000000000008,40,0,0.396233169943135,1.00950659950404,-10.8350008215583,60,0,0,0,0.948186592811111,-12.6143600739899,60,0,0,0,0.99864592965849,-11.7171273661745,59.9999999999985,0,0,0,0.986912899856917
11.6,10.0258822134749,60,201.708058052754,71.2480782529227,2.01812782542025,1.06,-3.78849156527524,60.0000000000008,40,0,0.396233169943135,1.00950659950404,-10.8350008215583,60,0,0,0,0.948186592811111,-12.6143600739899,60,0,0,0,0.99864592965849,-11.7171273661745,59.9999999999985,0,0,0,0.986912899856917
11.61,10.0258822134749,60,201.708058052754,71.2480782529227,2.01812782542025,1.06,-3.78849156527524,60.0000000000008,40,0,0.396233169943135,1.00950659950404,-10.8350008215583,60,0,0,0,0.948186592811111,-12.6143600739899,60,0,0,0,0.99864592965849,-11.7171273661745,59.9999999999985,0,0,0,0.986912899856917
11.62,10.0258822134749,60,201.708058052754,71.2480782529227,2.01812782542025,1.06,-3.78849156527524,60.0000000000008,40,0,0.396233169943135,1.00950659950404,-10.8350008215583,60,0,0,0,0.948186592811111,-12.6143600739899,60,0,0,0,0.99864592965849,-11.7171273661745,59.9999999999985,0,0,0,0.986912899856917
11.63,10.0258822134749,60,201.708058052754,71.2480782529227,2.01812782542025,1.06,-3.78849156527524,60.0000000000008,40,0,0.396233169943135,1.00950659950404,-10.8350008215583,60,0,0,0,0.948186592811111,-12.6143600739899,60,0,0,0,0.99864592965849,-11.7171273661745,59.9999999999985,0,0,0,0.986912899856917
11.64,10.0258822134749,60,201.708058052754,71.2480782529227,2.01812782542025,1.06,-3.78849156527524,60.0000000000008,40,0,0.396233169943135,1.00950659950404,-10.8350008215583,60,0,0,0,0.948186592811111,-12.6143600739899,60,0,0,0,0.99864592965849,-11.7171273661745,59.9999999999985,0,0,0,0.986912899856917
11.65,10.0258822134749,60,201.708058052754,71.2480782529227,2.01812782542025,1.06,-3.78849156527524,60.0000000000008,40,0,0.396233169943135,1.00950659950404,-10.8350008215583,60,0,0,0,0.948186592811111,-12.6143600739899,60,0,0,0,0.99864592965849,-11.7171273661745,59.9999999999985,0,0,0,0.986912899856917
11.66,10.0258822134749,60,201.708058052754,71.2480782529227,2.01812782542025,1.06,-3.78849156527524,60.0000000000008,40,0,0.396233169943135,1.00950659950404,-10.8350008215583,60,0,0,0,0.948186592811111,-12.6143600739899,60,0,0,0,0.99864592965849,-11.7171273661745,59.9999999999985,0,0,0,0.986912899856917
11.67,10.0258822134749,60,201.708058052754,71.2480782529227,2.01812782542025,1.06,-3.78849156527524,60.0000000000008,40,0,0.396233169943135,1.00950659950404,-10.8350008215583,60,0,0,0,0.948186592811111,-12.6143600739899,60,0,0,0,0.99864592965849,-11.7171273661745,59.9999999999985,0,0,0,0.986912899856917
11.68,10.0258822134749,60,201.708058052754,71.2480782529227,2.01812782542025,1.06,-3.78849156527524,60.0000000000008,40,0,0.396233169943135,1.00950659950404,-10.8350008215583,60,0,0,0,0.948186592811111,-12.6143600739899,60,0,0,0,0.99864592965849,-11.7171273661745,59.9999999999985,0,0,0,0.986912899856917
11.69,10.0258822134749,60,201.708058052754,71.2480782529227,2.01812782542025,1.06,-3.78849156527524,60.0000000000008,40,0,0.396233169943135,1.00950659950404,-10.8350008215583,60,0,0,0,0.948186592811111,-12.6143600739899,60,0,0,0,0.99864592965849,-11.7171273661745,59.9999999999985,0,0,0,0.986912899856917
11.7,10.0258822134749,60,201.708058052754,71.2480782529227,2.01812782542025,1.06,-3.78849156527524,60.0000000000008,40,0,0.396233169943135,1.00950659950404,-10.8350008215583,60,0,0,0,0.948186592811111,-12.6143600739899,60,0,0,0,0.99864592965849,-11.7171273661745,59.9999999999985,0,0,0,0.986912899856917
11.71,10.0258822134749,60,201.708058052754,71.2480782529227,2.01812782542025,1.06,-3.78849156527524,60.0000000000008,40,0,0.396233169943135,1.00950659950404,-10.8350008215583,60,0,0,0,0.948186592811111,-12.6143600739899,60,0,0,0,0.99864592965849,-11.7171273661745,59.9999999999985,0,0,0,0.986912899856917
11.72,10.0258822134749,60,201.708058052754,71.2480782529227,2.01812782542025,1.06,-3.78849156527524,60.0000000000008,40,0,0.396233169943135,1.00950659950404,-10.8350008215583,60,0,0,0,0.948186592811111,-12.6143600739899,60,0,0,0,0.99864592965849,-11.7171273661745,59.9999999999985,0,0,0,0.986912899856917
11.73,10.0258822134749,60,201.708058052754,71.2480782529227,2.01812782542025,1.06,-3.78849156527524,60.0000000000008,40,0,0.396233169943135,1.00950659950404,-10.8350008215583,60,0,0,0,0.948186592811111,-12.6143600739899,60,0,0,0,0.99864592965849,-11.7171273661745,59.9999999999985,0,0,0,0.986912899856917
11.74,10.0258822134749,60,201.708058052754,71.2480782529227,2.01812782542025,1.06,-3.78849156527524,60.0000000000008,40,0,0.396233169943135,1.00950659950404,-10.8350008215583,60,0,0,0,0.948186592811111,-12.6143600739899,60,0,0,0,0.99864592965849,-11.7171273661745,59.9999999999985,0,0,0,0.986912899856917
11.75,10.0258822134749,60,201.708058052754,71.2480782529227,2.01812782542025,1.06,-3.78849156527524,60.0000000000008,40,0,0.396233169943135,1.00950659950404,-10.8350008215583,60,0,0,0,0.948186592811111,-12.6143600739899,60,0,0,0,0.99864592965849,-11.7171273661745,59.9999999999985,0,0,0,0.986912899856917
11.76,10.0258822134749,60,201.708058052754,71.2480782529227,2.01812782542025,1.06,-3.78849156527524,60.0000000000008,40,0,0.396233169943135,1.00950659950404,-10.8350008215583,60,0,0,0,0.948186592811111,-12.6143600739899,60,0,0,0,0.99864592965849,-11.7171273661745,59.9999999999985,0,0,0,0.986912899856917
11.77,10.0258822134749,60,201.708058052754,71.2480782529227,2.01812782542025,1.06,-3.78849156527524,60.0000000000008,40,0,0.396233169943135,1.00950659950404,-10.8350008215583,60,0,0,0,0.948186592811111,-12.6143600739899,60,0,0,0,0.99864592965849,-11.7171273661745,59.9999999999985,0,0,0,0.986912899856917
11.78,10.0258822134749,60,201.708058052754,71.2480782529227,2.01812782542025,1.06,-3.78849156527524,60.0000000000008,40,0,0.396233169943135,1.00950659950404,-10.8350008215583,60,0,0,0,0.948186592811111,-12.6143600739899,60,0,0,0,0.99864592965849,-11.7171273661745,59.9999999999985,0,0,0,0.986912899856917
11.79,10.0258822134749,60,201.708058052754,71.2480782529227,2.01812782542025,1.06,-3.78849156527524,60.0000000000008,40,0,0.396233169943135,1.00950659950404,-10.8350008215583,60,0,0,0,0.948186592811111,-12.6143600739899,60,0,0,0,0.99864592965849,-11.7171273661745,59.9999999999985,0,0,0,0.986912899856917
11.8,10.0258822134749,60,201.708058052754,71.2480782529227,2.01812782542025,1.06,-3.78849156527524,60.0000000000008,40,0,0.396233169943135,1.00950659950404,-10.8350008215583,60,0,0,0,0.948186592811111,-12.6143600739899,60,0,0,0,0.99864592965849,-11.7171273661745,59.9999999999985,0,0,0,0.986912899856917
11.81,10.0258822134749,60,201.708058052754,71.2480782529227,2.01812782542025,1.06,-3.78849156527524,60.0000000000008,40,0,0.396233169943135,1.00950659950404,-10.8350008215583,60,0,0,0,0.948186592811111,-12.6143600739899,60,0,0,0,0.99864592965849,-11.7171273661745,59.9999999999985,0,0,0,0.986912899856917
11.82,10.0258822134749,60,201.708058052754,71.2480782529227,2.01812782542025,1.06,-3.78849156527524,60.0000000000008,40,0,0.396233169943135,1.00950659950404,-10.8350008215583,60,0,0,0,0.948186592811111,-12.6143600739899,60,0,0,0,0.99864592965849,-11.7171273661745,59.9999999999985,0,0,0,0.986912899856917
11.83,10.0258822134749,60,201.708058052754,71.2480782529227,2.01812782542025,1.06,-3.78849156527524,60.0000000000008,40,0,0.396233169943135,1.00950659950404,-10.8350008215583,60,0,0,0,0.948186592811111,-12.6143600739899,60,0,0,0,0.99864592965849,-11.7171273661745,59.9999999999985,0,0,0,0.986912899856917
11.84,10.0258822134749,60,201.708058052754,71.2480782529227,2.01812782542025,1.06,-3.78849156527524,60.0000000000008,40,0,0.396233169943135,1.00950659950404,-10.8350008215583,60,0,0,0,0.948186592811111,-12.6143600739899,60,0,0,0,0.99864592965849,-11.7171273661745,59.9999999999985,0,0,0,0.986912899856917
11.85,10.0258822134749,60,201.708058052754,71.2480782529227,2.01812782542025,1.06,-3.78849156527524,60.0000000000008,40,0,0.396233169943135,1.00950659950404,-10.8350008215583,60,0,0,0,0.948186592811111,-12.6143600739899,60,0,0,0,0.99864592965849,-11.7171273661745,59.9999999999985,0,0,0,0.986912899856917
11.86,10.0258822134749,60,201.708058052754,71.2480782529227,2.01812782542025,1.06,-3.78849156527524,60.0000000000008,40,0,0.396233169943135,1.00950659950404,-10.8350008215583,60,0,0,0,0.948186592811111,-12.6143600739899,60,0,0,0,0.99864592965849,-11.7171273661745,59.9999999999985,0,0,0,0.986912899856917
11.87,10.0258822134749,60,201.708058052754,71.2480782529227,2.01812782542025,1.06,-3.78849156527524,60.0000000000008,40,0,0.396233169943135,1.00950659950404,-10.8350008215583,60,0,0,0,0.948186592811111,-12.6143600739899,60,0,0,0,0.99864592965849,-11.7171273661745,59.9999999999985,0,0,0,0.986912899856917
11.88,10.0258822134749,60,201.708058052754,71.2480782529227,2.01812782542025,1.06,-3.78849156527524,60.0000000000008,40,0,0.396233169943135,1.00950659950404,-10.8350008215583,60,0,0,0,0.948186592811111,-12.6143600739899,60,0,0,0,0.99864592965849,-11.7171273661745,59.9999999999985,0,0,0,0.986912899856917
11.89,10.0258822134749,60,201.708058052754,71.2480782529227,2.01812782542025,1.06,-3.78849156527524,60.0000000000008,40,0,0.396233169943135,1.00950659950404,-10.8350008215583,60,0,0,0,0.948186592811111,-12.6143600739899,60,0,0,0,0.99864592965849,-11.7171273661745,59.9999999999985,0,0,0,0.986912899856917
11.9,10.0258822134749,60,201.708058052754,71.2480782529227,2.01812782542025,1.06,-3.78849156527524,60.0000000000008,40,0,0.396233169943135,1.00950659950404,-10.8350008215583,60,0,0,0,0.948186592811111,-12.6143600739899,60,0,0,0,0.99864592965849,-11.7171273661745,59.9999999999985,0,0,0,0.986912899856917
11.91,10.0258822134749,60,201.708058052754,71.2480782529227,2.01812782542025,1.06,-3.78849156527524,60.0000000000008,40,0,0.396233169943135,1.00950659950404,-10.8350008215583,60,0,0,0,0.948186592811111,-12.6143600739899,60,0,0,0,0.99864592965849,-11.7171273661745,59.9999999999985,0,0,0,0.986912899856917
11.92,10.0258822134749,60,201.708058052754,71.2480782529227,2.01812782542025,1.06,-3.78849156527524,60.0000000000008,40,0,0.396233169943135,1.00950659950404,-10.8350008215583,60,0,0,0,0.948186592811111,-12.6143600739899,60,0,0,0,0.99864592965849,-11.7171273661745,59.9999999999985,0,0,0,0.986912899856917
11.93,10.0258822134749,60,201.708058052754,71.2480782529227,2.01812782542025,1.06,-3.78849156527524,60.0000000000008,40,0,0.396233169943135,1.00950659950404,-10.8350008215583,60,0,0,0,0.948186592811111,-12.6143600739899,60,0,0,0,0.99864592965849,-11.7171273661745,59.9999999999985,0,0,0,0.986912899856917
11.94,10.0258822134749,60,201.708058052754,71.2480782529227,2.01812782542025,1.06,-3.78849156527524,60.0000000000008,40,0,0.396233169943135,1.00950659950404,-10.8350008215583,60,0,0,0,0.948186592811111,-12.6143600739899,60,0,0,0,0.99864592965849,-11.7171273661745,59.9999999999985,0,0,0,0.986912899856917
11.95,10.0258822134749,60,201.708058052754,71.2480782529227,2.01812782542025,1.06,-3.78849156527524,60.0000000000008,40,0,0.396233169943135,1.00950659950404,-10.8350008215583,60,0,0,0,0.948186592811111,-12.6143600739899,60,0,0,0,0.99864592965849,-11.7171273661745,59.9999999999985,0,0,0,0.986912899856917
11.96,10.0258822134749,60,201.708058052754,71.2480782529227,2.01812782542025,1.06,-3.78849156527524,60.0000000000008,40,0,0.396233169943135,1.00950659950404,-10.8350008215583,60,0,0,0,0.948186592811111,-12.6143600739899,60,0,0,0,0.99864592965849,-11.7171273661745,59.9999999999985,0,0,0,0.986912899856917
11.97,10.0258822134749,60,201.708058052754,71.2480782529227,2.01812782542025,1.06,-3.78849156527524,60.0000000000008,40,0,0.396233169943135,1.00950659950404,-10.8350008215583,60,0,0,0,0.948186592811111,-12.6143600739899,60,0,0,0,0.99864592965849,-11.7171273661745,59.9999999999985,0,0,0,0.986912899856917
11.98,10.0258822134749,60,201.708058052754,71.2480782529227,2.01812782542025,1.06,-3.78849156527524,60.0000000000008,40,0,0.396233169943135,1.00950659950404,-10.8350008215583,60,0,0,0,0.948186592811111,-12.6143600739899,60,0,0,0,0.99864592965849,-11.7171273661745,59.9999999999985,0,0,0,0.986912899856917
11.99,10.0258822134749,60,201.708058052754,71.2480782529227,2.01812782542025,1.06,-3.78849156527524,60.0000000000008,40,0,0.396233169943135,1.00950659950404,-10.8350008215583,60,0,0,0,0.948186592811111,-12.6143600739899,60,0,0,0,0.99864592965849,-11.7171273661745,59.9999999999985,0,0,0,0.986912899856917
12,10.0258822134749,60,201.708058052754,71.2480782529227,2.01812782542025,1.06,-3.78849156527524,60.0000000000008,40,0,0.396233169943135,1.00950659950404,-10.8350008215583,60,0,0,0,0.948186592811111,-12.6143600739899,60,0,0,0,0.99864592965849,-11.7171273661745,59.9999999999985,0,0,0,0.986912899856917
12.01,10.0258822134749,60,201.708058052754,71.2480782529227,2.01812782542025,1.06,-3.78849156527524,60.0000000000008,40,0,0.396233169943135,1.00950659950404,-10.8350008215583,60,0,0,0,0.948186592811111,-12.6143600739899,60,0,0,0,0.99864592965849,-11.7171273661745,59.9999999999985,0,0,0,0.986912899856917
12.02,10.0258822134749,60,201.708058052754,71.2480782529227,2.01812782542025,1.06,-3.78849156527524,60.0000000000008,40,0,0.396233169943135,1.00950659950404,-10.8350008215583,60,0,0,0,0.948186592811111,-12.6143600739899,60,0,0,0,0.99864592965849,-11.7171273661745,59.9999999999985,0,0,0,0.986912899856917
12.03,10.0258822134749,60,201.708058052754,71.2480782529227,2.01812782542025,1.06,-3.78849156527524,60.0000000000008,40,0,0.396233169943135,1.00950659950404,-10.8350008215583,60,0,0,0,0.948186592811111,-12.6143600739899,60,0,0,0,0.99864592965849,-11.7171273661745,59.9999999999985,0,0,0,0.986912899856917
12.04,10.0258822134749,60,201.708058052754,71.2480782529227,2.01812782542025,1.06,-3.78849156527524,60.0000000000008,40,0,0.396233169943135,1.00950659950404,-10.8350008215583,60,0,0,0,0.948186592811111,-12.6143600739899,60,0,0,0,0.99864592965849,-11.7171273661745,59.9999999999985,0,0,0,0.986912899856917
12.05,10.0258822134749,60,201.708058052754,71.2480782529227,2.01812782542025,1.06,-3.78849156527524,60.0000000000008,40,0,0.396233169943135,1.00950659950404,-10.8350008215583,60,0,0,0,0.948186592811111,-12.6143600739899,60,0,0,0,0.99864592965849,-11.7171273661745,59.9999999999985,0,0,0,0.986912899856917
12.06,10.0258822134749,60,201.708058052754,71.2480782529227,2.01812782542025,1.06,-3.78849156527524,60.0000000000008,40,0,0.396233169943135,1.00950659950404,-10.8350008215583,60,0,0,0,0.948186592811111,-12.6143600739899,60,0,0,0,0.99864592965849,-11.7171273661745,59.9999999999985,0,0,0,0.986912899856917
12.07,10.0258822134749,60,201.708058052754,71.2480782529227,2.01812782542025,1.06,-3.78849156527524,60.0000000000008,40,0,0.396233169943135,1.00950659950404,-10.8350008215583,60,0,0,0,0.948186592811111,-12.6143600739899,60,0,0,0,0.99864592965849,-11.7171273661745,59.9999999999985,0,0,0,0.986912899856917
12.08,10.0258822134749,60,201.708058052754,71.2480782529227,2.01812782542025,1.06,-3.78849156527524,60.0000000000008,40,0,0.396233169943135,1.00950659950404,-10.8350008215583,60,0,0,0,0.948186592811111,-12.6143600739899,60,0,0,0,0.99864592965849,-11.7171273661745,59.9999999999985,0,0,0,0.986912899856917
12.09,10.0258822134749,60,201.708058052754,71.2480782529227,2.01812782542025,1.06,-3.78849156527524,60.0000000000008,40,0,0.396233169943135,1.00950659950404,-10.8350008215583,60,0,0,0,0.948186592811111,-12.6143600739899,60,0,0,0,0.99864592965849,-11.7171273661745,59.9999999999985,0,0,0,0.986912899856917
12.1,10.0258822134749,60,201.708058052754,71.2480782529227,2.01812782542025,1.06,-3.78849156527524,60.0000000000008,40,0,0.396233169943135,1.00950659950404,-10.8350008215583,60,0,0,0,0.948186592811111,-12.6143600739899,60,0,0,0,0.99864592965849,-11.7171273661745,59.9999999999985,0,0,0,0.986912899856917
12.11,10.0258822134749,60,201.708058052754,71.2480782529227,2.01812782542025,1.06,-3.78849156527524,60.0000000000008,40,0,0.396233169943135,1.00950659950404,-10.8350008215583,60,0,0,0,0.948186592811111,-12.6143600739899,60,0,0,0,0.99864592965849,-11.7171273661745,59.9999999999985,0,0,0,0.986912899856917
12.12,10.0258822134749,60,201.708058052754,71.2480782529227,2.01812782542025,1.06,-3.78849156527524,60.0000000000008,40,0,0.396233169943135,1.00950659950404,-10.8350008215583,60,0,0,0,0.948186592811111,-12.6143600739899,60,0,0,0,0.99864592965849,-11.7171273661745,59.9999999999985,0,0,0,0.986912899856917
12.13,10.0258822134749,60,201.708058052754,71.2480782529227,2.01812782542025,1.06,-3.78849156527524,60.0000000000008,40,0,0.396233169943135,1.00950659950404,-10.8350008215583,60,0,0,0,0.948186592811111,-12.6143600739899,60,0,0,0,0.99864592965849,-11.7171273661745,59.9999999999985,0,0,0,0.986912899856917
12.14,10.0258822134749,60,201.708058052754,71.2480782529227,2.01812782542025,1.06,-3.78849156527524,60.0000000000008,40,0,0.396233169943135,1.00950659950404,-10.8350008215583,60,0,0,0,0.948186592811111,-12.6143600739899,60,0,0,0,0.99864592965849,-11.7171273661745,59.9999999999985,0,0,0,0.986912899856917
12.15,10.0258822134749,60,201.708058052754,71.2480782529227,2.01812782542025,1.06,-3.78849156527524,60.0000000000008,40,0,0.396233169943135,1.00950659950404,-10.8350008215583,60,0,0,0,0.948186592811111,-12.6143600739899,60,0,0,0,0.99864592965849,-11.7171273661745,59.9999999999985,0,0,0,0.986912899856917
12.16,10.0258822134749,60,201.708058052754,71.2480782529227,2.01812782542025,1.06,-3.78849156527524,60.0000000000008,40,0,0.396233169943135,1.00950659950404,-10.8350008215583,60,0,0,0,0.948186592811111,-12.6143600739899,60,0,0,0,0.99864592965849,-11.7171273661745,59.9999999999985,0,0,0,0.986912899856917
12.17,10.0258822134749,60,201.708058052754,71.2480782529227,2.01812782542025,1.06,-3.78849156527524,60.0000000000008,40,0,0.396233169943135,1.00950659950404,-10.8350008215583,60,0,0,0,0.948186592811111,-12.6143600739899,60,0,0,0,0.99864592965849,-11.7171273661745,59.9999999999985,0,0,0,0.986912899856917
12.18,10.0258822134749,60,201.708058052754,71.2480782529227,2.01812782542025,1.06,-3.78849156527524,60.0000000000008,40,0,0.396233169943135,1.00950659950404,-10.8350008215583,60,0,0,0,0.948186592811111,-12.6143600739899,60,0,0,0,0.99864592965849,-11.7171273661745,59.9999999999985,0,0,0,0.986912899856917
12.19,10.0258822134749,60,201.708058052754,71.2480782529227,2.01812782542025,1.06,-3.78849156527524,60.0000000000008,40,0,0.396233169943135,1.00950659950404,-10.8350008215583,60,0,0,0,0.948186592811111,-12.6143600739899,60,0,0,0,0.99864592965849,-11.7171273661745,59.9999999999985,0,0,0,0.986912899856917
12.2,10.0258822134749,60,201.708058052754,71.2480782529227,2.01812782542025,1.06,-3.78849156527524,60.0000000000008,40,0,0.396233169943135,1.00950659950404,-10.8350008215583,60,0,0,0,0.948186592811111,-12.6143600739899,60,0,0,0,0.99864592965849,-11.7171273661745,59.9999999999985,0,0,0,0.986912899856917
12.21,10.0258822134749,60,201.708058052754,71.2480782529227,2.01812782542025,1.06,-3.78849156527524,60.0000000000008,40,0,0.396233169943135,1.00950659950404,-10.8350008215583,60,0,0,0,0.948186592811111,-12.6143600739899,60,0,0,0,0.99864592965849,-11.7171273661745,59.9999999999985,0,0,0,0.986912899856917
12.22,10.0258822134749,60,201.708058052754,71.2480782529227,2.01812782542025,1.06,-3.78849156527524,60.0000000000008,40,0,0.396233169943135,1.00950659950404,-10.8350008215583,60,0,0,0,0.948186592811111,-12.6143600739899,60,0,0,0,0.99864592965849,-11.7171273661745,59.9999999999985,0,0,0,0.986912899856917
12.23,10.0258822134749,60,201.708058052754,71.2480782529227,2.01812782542025,1.06,-3.78849156527524,60.0000000000008,40,0,0.396233169943135,1.00950659950404,-10.8350008215583,60,0,0,0,0.948186592811111,-12.6143600739899,60,0,0,0,0.99864592965849,-11.7171273661745,59.9999999999985,0,0,0,0.986912899856917
12.24,10.0258822134749,60,201.708058052754,71.2480782529227,2.01812782542025,1.06,-3.78849156527524,60.0000000000008,40,0,0.396233169943135,1.00950659950404,-10.8350008215583,60,0,0,0,0.948186592811111,-12.6143600739899,60,0,0,0,0.99864592965849,-11.7171273661745,59.9999999999985,0,0,0,0.986912899856917
12.25,10.0258822134749,60,201.708058052754,71.2480782529227,2.01812782542025,1.06,-3.78849156527524,60.0000000000008,40,0,0.396233169943135,1.00950659950404,-10.8350008215583,60,0,0,0,0.948186592811111,-12.6143600739899,60,0,0,0,0.99864592965849,-11.7171273661745,59.9999999999985,0,0,0,0.986912899856917
12.26,10.0258822134749,60,201.708058052754,71.2480782529227,2.01812782542025,1.06,-3.78849156527524,60.0000000000008,40,0,0.396233169943135,1.00950659950404,-10.8350008215583,60,0,0,0,0.948186592811111,-12.6143600739899,60,0,0,0,0.99864592965849,-11.7171273661745,59.9999999999985,0,0,0,0.986912899856917
12.27,10.0258822134749,60,201.708058052754,71.2480782529227,2.01812782542025,1.06,-3.78849156527524,60.0000000000008,40,0,0.396233169943135,1.00950659950404,-10.8350008215583,60,0,0,0,0.948186592811111,-12.6143600739899,60,0,0,0,0.99864592965849,-11.7171273661745,59.9999999999985,0,0,0,0.986912899856917
12.28,10.0258822134749,60,201.708058052754,71.2480782529227,2.01812782542025,1.06,-3.78849156527524,60.0000000000008,40,0,0.396233169943135,1.00950659950404,-10.8350008215583,60,0,0,0,0.948186592811111,-12.6143600739899,60,0,0,0,0.99864592965849,-11.7171273661745,59.9999999999985,0,0,0,0.986912899856917
12.29,10.0258822134749,60,201.708058052754,71.2480782529227,2.01812782542025,1.06,-3.78849156527524,60.0000000000008,40,0,0.396233169943135,1.00950659950404,-10.8350008215583,60,0,0,0,0.948186592811111,-12.6143600739899,60,0,0,0,0.99864592965849,-11.7171273661745,59.9999999999985,0,0,0,0.986912899856917
12.3,10.0258822134749,60,201.708058052754,71.2480782529227,2.01812782542025,1.06,-3.78849156527524,60.0000000000008,40,0,0.396233169943135,1.00950659950404,-10.8350008215583,60,0,0,0,0.948186592811111,-12.6143600739899,60,0,0,0,0.99864592965849,-11.7171273661745,59.9999999999985,0,0,0,0.986912899856917
12.31,10.0258822134749,60,201.708058052754,71.2480782529227,2.01812782542025,1.06,-3.78849156527524,60.0000000000008,40,0,0.396233169943135,1.00950659950404,-10.8350008215583,60,0,0,0,0.948186592811111,-12.6143600739899,60,0,0,0,0.99864592965849,-11.7171273661745,59.9999999999985,0,0,0,0.986912899856917
12.32,10.0258822134749,60,201.708058052754,71.2480782529227,2.01812782542025,1.06,-3.78849156527524,60.0000000000008,40,0,0.396233169943135,1.00950659950404,-10.8350008215583,60,0,0,0,0.948186592811111,-12.6143600739899,60,0,0,0,0.99864592965849,-11.7171273661745,59.9999999999985,0,0,0,0.986912899856917
12.33,10.0258822134749,60,201.708058052754,71.2480782529227,2.01812782542025,1.06,-3.78849156527524,60.0000000000008,40,0,0.396233169943135,1.00950659950404,-10.8350008215583,60,0,0,0,0.948186592811111,-12.6143600739899,60,0,0,0,0.99864592965849,-11.7171273661745,59.9999999999985,0,0,0,0.986912899856917
12.34,10.0258822134749,60,201.708058052754,71.2480782529227,2.01812782542025,1.06,-3.78849156527524,60.0000000000008,40,0,0.396233169943135,1.00950659950404,-10.8350008215583,60,0,0,0,0.948186592811111,-12.6143600739899,60,0,0,0,0.99864592965849,-11.7171273661745,59.9999999999985,0,0,0,0.986912899856917
12.35,10.0258822134749,60,201.708058052754,71.2480782529227,2.01812782542025,1.06,-3.78849156527524,60.0000000000008,40,0,0.396233169943135,1.00950659950404,-10.8350008215583,60,0,0,0,0.948186592811111,-12.6143600739899,60,0,0,0,0.99864592965849,-11.7171273661745,59.9999999999985,0,0,0,0.986912899856917
12.36,10.0258822134749,60,201.708058052754,71.2480782529227,2.01812782542025,1.06,-3.78849156527524,60.0000000000008,40,0,0.396233169943135,1.00950659950404,-10.8350008215583,60,0,0,0,0.948186592811111,-12.6143600739899,60,0,0,0,0.99864592965849,-11.7171273661745,59.9999999999985,0,0,0,0.986912899856917
12.37,10.0258822134749,60,201.708058052754,71.2480782529227,2.01812782542025,1.06,-3.78849156527524,60.0000000000008,40,0,0.396233169943135,1.00950659950404,-10.8350008215583,60,0,0,0,0.948186592811111,-12.6143600739899,60,0,0,0,0.99864592965849,-11.7171273661745,59.9999999999985,0,0,0,0.986912899856917
12.38,10.0258822134749,60,201.708058052754,71.2480782529227,2.01812782542025,1.06,-3.78849156527524,60.0000000000008,40,0,0.396233169943135,1.00950659950404,-10.8350008215583,60,0,0,0,0.948186592811111,-12.6143600739899,60,0,0,0,0.99864592965849,-11.7171273661745,59.9999999999985,0,0,0,0.986912899856917
12.39,10.0258822134749,60,201.708058052754,71.2480782529227,2.01812782542025,1.06,-3.78849156527524,60.0000000000008,40,0,0.396233169943135,1.00950659950404,-10.8350008215583,60,0,0,0,0.948186592811111,-12.6143600739899,60,0,0,0,0.99864592965849,-11.7171273661745,59.9999999999985,0,0,0,0.986912899856917
12.4,10.0258822134749,60,201.708058052754,71.2480782529227,2.01812782542025,1.06,-3.78849156527524,60.0000000000008,40,0,0.396233169943135,1.00950659950404,-10.8350008215583,60,0,0,0,0.948186592811111,-12.6143600739899,60,0,0,0,0.99864592965849,-11.7171273661745,59.9999999999985,0,0,0,0.986912899856917
12.41,10.0258822134749,60,201.708058052754,71.2480782529227,2.01812782542025,1.06,-3.78849156527524,60.0000000000008,40,0,0.396233169943135,1.00950659950404,-10.8350008215583,60,0,0,0,0.948186592811111,-12.6143600739899,60,0,0,0,0.99864592965849,-11.7171273661745,59.9999999999985,0,0,0,0.986912899856917
12.42,10.0258822134749,60,201.708058052754,71.2480782529227,2.01812782542025,1.06,-3.78849156527524,60.0000000000008,40,0,0.396233169943135,1.00950659950404,-10.8350008215583,60,0,0,0,0.948186592811111,-12.6143600739899,60,0,0,0,0.99864592965849,-11.7171273661745,59.9999999999985,0,0,0,0.986912899856917
12.43,10.0258822134749,60,201.708058052754,71.2480782529227,2.01812782542025,1.06,-3.78849156527524,60.0000000000008,40,0,0.396233169943135,1.00950659950404,-10.8350008215583,60,0,0,0,0.948186592811111,-12.6143600739899,60,0,0,0,0.99864592965849,-11.7171273661745,59.9999999999985,0,0,0,0.986912899856917
12.44,10.0258822134749,60,201.708058052754,71.2480782529227,2.01812782542025,1.06,-3.78849156527524,60.0000000000008,40,0,0.396233169943135,1.00950659950404,-10.8350008215583,60,0,0,0,0.948186592811111,-12.6143600739899,60,0,0,0,0.99864592965849,-11.7171273661745,59.9999999999985,0,0,0,0.986912899856917
12.45,10.0258822134749,60,201.708058052754,71.2480782529227,2.01812782542025,1.06,-3.78849156527524,60.0000000000008,40,0,0.396233169943135,1.00950659950404,-10.8350008215583,60,0,0,0,0.948186592811111,-12.6143600739899,60,0,0,0,0.99864592965849,-11.7171273661745,59.9999999999985,0,0,0,0.986912899856917
12.46,10.0258822134749,60,201.708058052754,71.2480782529227,2.01812782542025,1.06,-3.78849156527524,60.0000000000008,40,0,0.396233169943135,1.00950659950404,-10.8350008215583,60,0,0,0,0.948186592811111,-12.6143600739899,60,0,0,0,0.99864592965849,-11.7171273661745,59.9999999999985,0,0,0,0.986912899856917
12.47,10.0258822134749,60,201.708058052754,71.2480782529227,2.01812782542025,1.06,-3.78849156527524,60.0000000000008,40,0,0.396233169943135,1.00950659950404,-10.8350008215583,60,0,0,0,0.948186592811111,-12.6143600739899,60,0,0,0,0.99864592965849,-11.7171273661745,59.9999999999985,0,0,0,0.986912899856917
12.48,10.0258822134749,60,201.708058052754,71.2480782529227,2.01812782542025,1.06,-3.78849156527524,60.0000000000008,40,0,0.396233169943135,1.00950659950404,-10.8350008215583,60,0,0,0,0.948186592811111,-12.6143600739899,60,0,0,0,0.99864592965849,-11.7171273661745,59.9999999999985,0,0,0,0.986912899856917
12.49,10.0258822134749,60,201.708058052754,71.2480782529227,2.01812782542025,1.06,-3.78849156527524,60.0000000000008,40,0,0.396233169943135,1.00950659950404,-10.8350008215583,60,0,0,0,0.948186592811111,-12.6143600739899,60,0,0,0,0.99864592965849,-11.7171273661745,59.9999999999985,0,0,0,0.986912899856917
12.5,10.0258822134749,60,201.708058052754,71.2480782529227,2.01812782542025,1.06,-3.78849156527524,60.0000000000008,40,0,0.396233169943135,1.00950659950404,-10.8350008215583,60,0,0,0,0.948186592811111,-12.6143600739899,60,0,0,0,0.99864592965849,-11.7171273661745,59.9999999999985,0,0,0,0.986912899856917
12.51,10.0258822134749,60,201.708058052754,71.2480782529227,2.01812782542025,1.06,-3.78849156527524,60.0000000000008,40,0,0.396233169943135,1.00950659950404,-10.8350008215583,60,0,0,0,0.948186592811111,-12.6143600739899,60,0,0,0,0.99864592965849,-11.7171273661745,59.9999999999985,0,0,0,0.986912899856917
12.52,10.0258822134749,60,201.708058052754,71.2480782529227,2.01812782542025,1.06,-3.78849156527524,60.0000000000008,40,0,0.396233169943135,1.00950659950404,-10.8350008215583,60,0,0,0,0.948186592811111,-12.6143600739899,60,0,0,0,0.99864592965849,-11.7171273661745,59.9999999999985,0,0,0,0.986912899856917
12.53,10.0258822134749,60,201.708058052754,71.2480782529227,2.01812782542025,1.06,-3.78849156527524,60.0000000000008,40,0,0.396233169943135,1.00950659950404,-10.8350008215583,60,0,0,0,0.948186592811111,-12.6143600739899,60,0,0,0,0.99864592965849,-11.7171273661745,59.9999999999985,0,0,0,0.986912899856917
12.54,10.0258822134749,60,201.708058052754,71.2480782529227,2.01812782542025,1.06,-3.78849156527524,60.0000000000008,40,0,0.396233169943135,1.00950659950404,-10.8350008215583,60,0,0,0,0.948186592811111,-12.6143600739899,60,0,0,0,0.99864592965849,-11.7171273661745,59.9999999999985,0,0,0,0.986912899856917
12.55,10.0258822134749,60,201.708058052754,71.2480782529227,2.01812782542025,1.06,-3.78849156527524,60.0000000000008,40,0,0.396233169943135,1.00950659950404,-10.8350008215583,60,0,0,0,0.948186592811111,-12.6143600739899,60,0,0,0,0.99864592965849,-11.7171273661745,59.9999999999985,0,0,0,0.986912899856917
12.56,10.0258822134749,60,201.708058052754,71.2480782529227,2.01812782542025,1.06,-3.78849156527524,60.0000000000008,40,0,0.396233169943135,1.00950659950404,-10.8350008215583,60,0,0,0,0.948186592811111,-12.6143600739899,60,0,0,0,0.99864592965849,-11.7171273661745,59.9999999999985,0,0,0,0.986912899856917
12.57,10.0258822134749,60,201.708058052754,71.2480782529227,2.01812782542025,1.06,-3.78849156527524,60.0000000000008,40,0,0.396233169943135,1.00950659950404,-10.8350008215583,60,0,0,0,0.948186592811111,-12.6143600739899,60,0,0,0,0.99864592965849,-11.7171273661745,59.9999999999985,0,0,0,0.986912899856917
12.58,10.0258822134749,60,201.708058052754,71.2480782529227,2.01812782542025,1.06,-3.78849156527524,60.0000000000008,40,0,0.396233169943135,1.00950659950404,-10.8350008215583,60,0,0,0,0.948186592811111,-12.6143600739899,60,0,0,0,0.99864592965849,-11.7171273661745,59.9999999999985,0,0,0,0.986912899856917
12.59,10.0258822134749,60,201.708058052754,71.2480782529227,2.01812782542025,1.06,-3.78849156527524,60.0000000000008,40,0,0.396233169943135,1.00950659950404,-10.8350008215583,60,0,0,0,0.948186592811111,-12.6143600739899,60,0,0,0,0.99864592965849,-11.7171273661745,59.9999999999985,0,0,0,0.986912899856917
12.6,10.0258822134749,60,201.708058052754,71.2480782529227,2.01812782542025,1.06,-3.78849156527524,60.0000000000008,40,0,0.396233169943135,1.00950659950404,-10.8350008215583,60,0,0,0,0.948186592811111,-12.6143600739899,60,0,0,0,0.99864592965849,-11.7171273661745,59.9999999999985,0,0,0,0.986912899856917
12.61,10.0258822134749,60,201.708058052754,71.2480782529227,2.01812782542025,1.06,-3.78849156527524,60.0000000000008,40,0,0.396233169943135,1.00950659950404,-10.8350008215583,60,0,0,0,0.948186592811111,-12.6143600739899,60,0,0,0,0.99864592965849,-11.7171273661745,59.9999999999985,0,0,0,0.986912899856917
12.62,10.0258822134749,60,201.708058052754,71.2480782529227,2.01812782542025,1.06,-3.78849156527524,60.0000000000008,40,0,0.396233169943135,1.00950659950404,-10.8350008215583,60,0,0,0,0.948186592811111,-12.6143600739899,60,0,0,0,0.99864592965849,-11.7171273661745,59.9999999999985,0,0,0,0.986912899856917
12.63,10.0258822134749,60,201.708058052754,71.2480782529227,2.01812782542025,1.06,-3.78849156527524,60.0000000000008,40,0,0.396233169943135,1.00950659950404,-10.8350008215583,60,0,0,0,0.948186592811111,-12.6143600739899,60,0,0,0,0.99864592965849,-11.7171273661745,59.9999999999985,0,0,0,0.986912899856917
12.64,10.0258822134749,60,201.708058052754,71.2480782529227,2.01812782542025,1.06,-3.78849156527524,60.0000000000008,40,0,0.396233169943135,1.00950659950404,-10.8350008215583,60,0,0,0,0.948186592811111,-12.6143600739899,60,0,0,0,0.99864592965849,-11.7171273661745,59.9999999999985,0,0,0,0.986912899856917
12.65,10.0258822134749,60,201.708058052754,71.2480782529227,2.01812782542025,1.06,-3.78849156527524,60.0000000000008,40,0,0.396233169943135,1.00950659950404,-10.8350008215583,60,0,0,0,0.948186592811111,-12.6143600739899,60,0,0,0,0.99864592965849,-11.7171273661745,59.9999999999985,0,0,0,0.986912899856917
12.66,10.0258822134749,60,201.708058052754,71.2480782529227,2.01812782542025,1.06,-3.78849156527524,60.0000000000008,40,0,0.396233169943135,1.00950659950404,-10.8350008215583,60,0,0,0,0.948186592811111,-12.6143600739899,60,0,0,0,0.99864592965849,-11.7171273661745,59.9999999999985,0,0,0,0.986912899856917
12.67,10.0258822134749,60,201.708058052754,71.2480782529227,2.01812782542025,1.06,-3.78849156527524,60.0000000000008,40,0,0.396233169943135,1.00950659950404,-10.8350008215583,60,0,0,0,0.948186592811111,-12.6143600739899,60,0,0,0,0.99864592965849,-11.7171273661745,59.9999999999985,0,0,0,0.986912899856917
12.68,10.0258822134749,60,201.708058052754,71.2480782529227,2.01812782542025,1.06,-3.78849156527524,60.0000000000008,40,0,0.396233169943135,1.00950659950404,-10.8350008215583,60,0,0,0,0.948186592811111,-12.6143600739899,60,0,0,0,0.99864592965849,-11.7171273661745,59.9999999999985,0,0,0,0.986912899856917
12.69,10.0258822134749,60,201.708058052754,71.2480782529227,2.01812782542025,1.06,-3.78849156527524,60.0000000000008,40,0,0.396233169943135,1.00950659950404,-10.8350008215583,60,0,0,0,0.948186592811111,-12.6143600739899,60,0,0,0,0.99864592965849,-11.7171273661745,59.9999999999985,0,0,0,0.986912899856917
12.7,10.0258822134749,60,201.708058052754,71.2480782529227,2.01812782542025,1.06,-3.78849156527524,60.0000000000008,40,0,0.396233169943135,1.00950659950404,-10.8350008215583,60,0,0,0,0.948186592811111,-12.6143600739899,60,0,0,0,0.99864592965849,-11.7171273661745,59.9999999999985,0,0,0,0.986912899856917
12.71,10.0258822134749,60,201.708058052754,71.2480782529227,2.01812782542025,1.06,-3.78849156527524,60.0000000000008,40,0,0.396233169943135,1.00950659950404,-10.8350008215583,60,0,0,0,0.948186592811111,-12.6143600739899,60,0,0,0,0.99864592965849,-11.7171273661745,59.9999999999985,0,0,0,0.986912899856917
12.72,10.0258822134749,60,201.708058052754,71.2480782529227,2.01812782542025,1.06,-3.78849156527524,60.0000000000008,40,0,0.396233169943135,1.00950659950404,-10.8350008215583,60,0,0,0,0.948186592811111,-12.6143600739899,60,0,0,0,0.99864592965849,-11.7171273661745,59.9999999999985,0,0,0,0.986912899856917
12.73,10.0258822134749,60,201.708058052754,71.2480782529227,2.01812782542025,1.06,-3.78849156527524,60.0000000000008,40,0,0.396233169943135,1.00950659950404,-10.8350008215583,60,0,0,0,0.948186592811111,-12.6143600739899,60,0,0,0,0.99864592965849,-11.7171273661745,59.9999999999985,0,0,0,0.986912899856917
12.74,10.0258822134749,60,201.708058052754,71.2480782529227,2.01812782542025,1.06,-3.78849156527524,60.0000000000008,40,0,0.396233169943135,1.00950659950404,-10.8350008215583,60,0,0,0,0.948186592811111,-12.6143600739899,60,0,0,0,0.99864592965849,-11.7171273661745,59.9999999999985,0,0,0,0.986912899856917
12.75,10.0258822134749,60,201.708058052754,71.2480782529227,2.01812782542025,1.06,-3.78849156527524,60.0000000000008,40,0,0.396233169943135,1.00950659950404,-10.8350008215583,60,0,0,0,0.948186592811111,-12.6143600739899,60,0,0,0,0.99864592965849,-11.7171273661745,59.9999999999985,0,0,0,0.986912899856917
12.76,10.0258822134749,60,201.708058052754,71.2480782529227,2.01812782542025,1.06,-3.78849156527524,60.0000000000008,40,0,0.396233169943135,1.00950659950404,-10.8350008215583,60,0,0,0,0.948186592811111,-12.6143600739899,60,0,0,0,0.99864592965849,-11.7171273661745,59.9999999999985,0,0,0,0.986912899856917
12.77,10.0258822134749,60,201.708058052754,71.2480782529227,2.01812782542025,1.06,-3.78849156527524,60.0000000000008,40,0,0.396233169943135,1.00950659950404,-10.8350008215583,60,0,0,0,0.948186592811111,-12.6143600739899,60,0,0,0,0.99864592965849,-11.7171273661745,59.9999999999985,0,0,0,0.986912899856917
12.78,10.0258822134749,60,201.708058052754,71.2480782529227,2.01812782542025,1.06,-3.78849156527524,60.0000000000008,40,0,0.396233169943135,1.00950659950404,-10.8350008215583,60,0,0,0,0.948186592811111,-12.6143600739899,60,0,0,0,0.99864592965849,-11.7171273661745,59.9999999999985,0,0,0,0.986912899856917
12.79,10.0258822134749,60,201.708058052754,71.2480782529227,2.01812782542025,1.06,-3.78849156527524,60.0000000000008,40,0,0.396233169943135,1.00950659950404,-10.8350008215583,60,0,0,0,0.948186592811111,-12.6143600739899,60,0,0,0,0.99864592965849,-11.7171273661745,59.9999999999985,0,0,0,0.986912899856917
12.8,10.0258822134749,60,201.708058052754,71.2480782529227,2.01812782542025,1.06,-3.78849156527524,60.0000000000008,40,0,0.396233169943135,1.00950659950404,-10.8350008215583,60,0,0,0,0.948186592811111,-12.6143600739899,60,0,0,0,0.99864592965849,-11.7171273661745,59.9999999999985,0,0,0,0.986912899856917
12.81,10.0258822134749,60,201.708058052754,71.2480782529227,2.01812782542025,1.06,-3.78849156527524,60.0000000000008,40,0,0.396233169943135,1.00950659950404,-10.8350008215583,60,0,0,0,0.948186592811111,-12.6143600739899,60,0,0,0,0.99864592965849,-11.7171273661745,59.9999999999985,0,0,0,0.986912899856917
12.82,10.0258822134749,60,201.708058052754,71.2480782529227,2.01812782542025,1.06,-3.78849156527524,60.0000000000008,40,0,0.396233169943135,1.00950659950404,-10.8350008215583,60,0,0,0,0.948186592811111,-12.6143600739899,60,0,0,0,0.99864592965849,-11.7171273661745,59.9999999999985,0,0,0,0.986912899856917
12.83,10.0258822134749,60,201.708058052754,71.2480782529227,2.01812782542025,1.06,-3.78849156527524,60.0000000000008,40,0,0.396233169943135,1.00950659950404,-10.8350008215583,60,0,0,0,0.948186592811111,-12.6143600739899,60,0,0,0,0.99864592965849,-11.7171273661745,59.9999999999985,0,0,0,0.986912899856917
12.84,10.0258822134749,60,201.708058052754,71.2480782529227,2.01812782542025,1.06,-3.78849156527524,60.0000000000008,40,0,0.396233169943135,1.00950659950404,-10.8350008215583,60,0,0,0,0.948186592811111,-12.6143600739899,60,0,0,0,0.99864592965849,-11.7171273661745,59.9999999999985,0,0,0,0.986912899856917
12.85,10.0258822134749,60,201.708058052754,71.2480782529227,2.01812782542025,1.06,-3.78849156527524,60.0000000000008,40,0,0.396233169943135,1.00950659950404,-10.8350008215583,60,0,0,0,0.948186592811111,-12.6143600739899,60,0,0,0,0.99864592965849,-11.7171273661745,59.9999999999985,0,0,0,0.986912899856917
12.86,10.0258822134749,60,201.708058052754,71.2480782529227,2.01812782542025,1.06,-3.78849156527524,60.0000000000008,40,0,0.396233169943135,1.00950659950404,-10.8350008215583,60,0,0,0,0.948186592811111,-12.6143600739899,60,0,0,0,0.99864592965849,-11.7171273661745,59.9999999999985,0,0,0,0.986912899856917
12.87,10.0258822134749,60,201.708058052754,71.2480782529227,2.01812782542025,1.06,-3.78849156527524,60.0000000000008,40,0,0.396233169943135,1.00950659950404,-10.8350008215583,60,0,0,0,0.948186592811111,-12.6143600739899,60,0,0,0,0.99864592965849,-11.7171273661745,59.9999999999985,0,0,0,0.986912899856917
12.88,10.0258822134749,60,201.708058052754,71.2480782529227,2.01812782542025,1.06,-3.78849156527524,60.0000000000008,40,0,0.396233169943135,1.00950659950404,-10.8350008215583,60,0,0,0,0.948186592811111,-12.6143600739899,60,0,0,0,0.99864592965849,-11.7171273661745,59.9999999999985,0,0,0,0.986912899856917
12.89,10.0258822134749,60,201.708058052754,71.2480782529227,2.01812782542025,1.06,-3.78849156527524,60.0000000000008,40,0,0.396233169943135,1.00950659950404,-10.8350008215583,60,0,0,0,0.948186592811111,-12.6143600739899,60,0,0,0,0.99864592965849,-11.7171273661745,59.9999999999985,0,0,0,0.986912899856917
12.9,10.0258822134749,60,201.708058052754,71.2480782529227,2.01812782542025,1.06,-3.78849156527524,60.0000000000008,40,0,0.396233169943135,1.00950659950404,-10.8350008215583,60,0,0,0,0.948186592811111,-12.6143600739899,60,0,0,0,0.99864592965849,-11.7171273661745,59.9999999999985,0,0,0,0.986912899856917
12.91,10.0258822134749,60,201.708058052754,71.2480782529227,2.01812782542025,1.06,-3.78849156527524,60.0000000000008,40,0,0.396233169943135,1.00950659950404,-10.8350008215583,60,0,0,0,0.948186592811111,-12.6143600739899,60,0,0,0,0.99864592965849,-11.7171273661745,59.9999999999985,0,0,0,0.986912899856917
12.92,10.0258822134749,60,201.708058052754,71.2480782529227,2.01812782542025,1.06,-3.78849156527524,60.0000000000008,40,0,0.396233169943135,1.00950659950404,-10.8350008215583,60,0,0,0,0.948186592811111,-12.6143600739899,60,0,0,0,0.99864592965849,-11.7171273661745,59.9999999999985,0,0,0,0.986912899856917
12.93,10.0258822134749,60,201.708058052754,71.2480782529227,2.01812782542025,1.06,-3.78849156527524,60.0000000000008,40,0,0.396233169943135,1.00950659950404,-10.8350008215583,60,0,0,0,0.948186592811111,-12.6143600739899,60,0,0,0,0.99864592965849,-11.7171273661745,59.9999999999985,0,0,0,0.986912899856917
12.94,10.0258822134749,60,201.708058052754,71.2480782529227,2.01812782542025,1.06,-3.78849156527524,60.0000000000008,40,0,0.396233169943135,1.00950659950404,-10.8350008215583,60,0,0,0,0.948186592811111,-12.6143600739899,60,0,0,0,0.99864592965849,-11.7171273661745,59.9999999999985,0,0,0,0.986912899856917
12.95,10.0258822134749,60,201.708058052754,71.2480782529227,2.01812782542025,1.06,-3.78849156527524,60.0000000000008,40,0,0.396233169943135,1.00950659950404,-10.8350008215583,60,0,0,0,0.948186592811111,-12.6143600739899,60,0,0,0,0.99864592965849,-11.7171273661745,59.9999999999985,0,0,0,0.986912899856917
12.96,10.0258822134749,60,201.708058052754,71.2480782529227,2.01812782542025,1.06,-3.78849156527524,60.0000000000008,40,0,0.396233169943135,1.00950659950404,-10.8350008215583,60,0,0,0,0.948186592811111,-12.6143600739899,60,0,0,0,0.99864592965849,-11.7171273661745,59.9999999999985,0,0,0,0.986912899856917
12.97,10.0258822134749,60,201.708058052754,71.2480782529227,2.01812782542025,1.06,-3.78849156527524,60.0000000000008,40,0,0.396233169943135,1.00950659950404,-10.8350008215583,60,0,0,0,0.948186592811111,-12.6143600739899,60,0,0,0,0.99864592965849,-11.7171273661745,59.9999999999985,0,0,0,0.986912899856917
12.98,10.0258822134749,60,201.708058052754,71.2480782529227,2.01812782542025,1.06,-3.78849156527524,60.0000000000008,40,0,0.396233169943135,1.00950659950404,-10.8350008215583,60,0,0,0,0.948186592811111,-12.6143600739899,60,0,0,0,0.99864592965849,-11.7171273661745,59.9999999999985,0,0,0,0.986912899856917
12.99,10.0258822134749,60,201.708058052754,71.2480782529227,2.01812782542025,1.06,-3.78849156527524,60.0000000000008,40,0,0.396233169943135,1.00950659950404,-10.8350008215583,60,0,0,0,0.948186592811111,-12.6143600739899,60,0,0,0,0.99864592965849,-11.7171273661745,59.9999999999985,0,0,0,0.986912899856917
13,10.0258822134749,60,201.708058052754,71.2480782529227,2.01812782542025,1.06,-3.78849156527524,60.0000000000008,40,0,0.396233169943135,1.00950659950404,-10.8350008215583,60,0,0,0,0.948186592811111,-12.6143600739899,60,0,0,0,0.99864592965849,-11.7171273661745,59.9999999999985,0,0,0,0.986912899856917
13.01,10.0258822134749,60,201.708058052754,71.2480782529227,2.01812782542025,1.06,-3.78849156527524,60.0000000000008,40,0,0.396233169943135,1.00950659950404,-10.8350008215583,60,0,0,0,0.948186592811111,-12.6143600739899,60,0,0,0,0.99864592965849,-11.7171273661745,59.9999999999985,0,0,0,0.986912899856917
13.02,10.0258822134749,60,201.708058052754,71.2480782529227,2.01812782542025,1.06,-3.78849156527524,60.0000000000008,40,0,0.396233169943135,1.00950659950404,-10.8350008215583,60,0,0,0,0.948186592811111,-12.6143600739899,60,0,0,0,0.99864592965849,-11.7171273661745,59.9999999999985,0,0,0,0.986912899856917
13.03,10.0258822134749,60,201.708058052754,71.2480782529227,2.01812782542025,1.06,-3.78849156527524,60.0000000000008,40,0,0.396233169943135,1.00950659950404,-10.8350008215583,60,0,0,0,0.948186592811111,-12.6143600739899,60,0,0,0,0.99864592965849,-11.7171273661745,59.9999999999985,0,0,0,0.986912899856917
13.04,10.0258822134749,60,201.708058052754,71.2480782529227,2.01812782542025,1.06,-3.78849156527524,60.0000000000008,40,0,0.396233169943135,1.00950659950404,-10.8350008215583,60,0,0,0,0.948186592811111,-12.6143600739899,60,0,0,0,0.99864592965849,-11.7171273661745,59.9999999999985,0,0,0,0.986912899856917
13.05,10.0258822134749,60,201.708058052754,71.2480782529227,2.01812782542025,1.06,-3.78849156527524,60.0000000000008,40,0,0.396233169943135,1.00950659950404,-10.8350008215583,60,0,0,0,0.948186592811111,-12.6143600739899,60,0,0,0,0.99864592965849,-11.7171273661745,59.9999999999985,0,0,0,0.986912899856917
13.06,10.0258822134749,60,201.708058052754,71.2480782529227,2.01812782542025,1.06,-3.78849156527524,60.0000000000008,40,0,0.396233169943135,1.00950659950404,-10.8350008215583,60,0,0,0,0.948186592811111,-12.6143600739899,60,0,0,0,0.99864592965849,-11.7171273661745,59.9999999999985,0,0,0,0.986912899856917
13.07,10.0258822134749,60,201.708058052754,71.2480782529227,2.01812782542025,1.06,-3.78849156527524,60.0000000000008,40,0,0.396233169943135,1.00950659950404,-10.8350008215583,60,0,0,0,0.948186592811111,-12.6143600739899,60,0,0,0,0.99864592965849,-11.7171273661745,59.9999999999985,0,0,0,0.986912899856917
13.08,10.0258822134749,60,201.708058052754,71.2480782529227,2.01812782542025,1.06,-3.78849156527524,60.0000000000008,40,0,0.396233169943135,1.00950659950404,-10.8350008215583,60,0,0,0,0.948186592811111,-12.6143600739899,60,0,0,0,0.99864592965849,-11.7171273661745,59.9999999999985,0,0,0,0.986912899856917
13.09,10.0258822134749,60,201.708058052754,71.2480782529227,2.01812782542025,1.06,-3.78849156527524,60.0000000000008,40,0,0.396233169943135,1.00950659950404,-10.8350008215583,60,0,0,0,0.948186592811111,-12.6143600739899,60,0,0,0,0.99864592965849,-11.7171273661745,59.9999999999985,0,0,0,0.986912899856917
13.1,10.0258822134749,60,201.708058052754,71.2480782529227,2.01812782542025,1.06,-3.78849156527524,60.0000000000008,40,0,0.396233169943135,1.00950659950404,-10.8350008215583,60,0,0,0,0.948186592811111,-12.6143600739899,60,0,0,0,0.99864592965849,-11.7171273661745,59.9999999999985,0,0,0,0.986912899856917
13.11,10.0258822134749,60,201.708058052754,71.2480782529227,2.01812782542025,1.06,-3.78849156527524,60.0000000000008,40,0,0.396233169943135,1.00950659950404,-10.8350008215583,60,0,0,0,0.948186592811111,-12.6143600739899,60,0,0,0,0.99864592965849,-11.7171273661745,59.9999999999985,0,0,0,0.986912899856917
13.12,10.0258822134749,60,201.708058052754,71.2480782529227,2.01812782542025,1.06,-3.78849156527524,60.0000000000008,40,0,0.396233169943135,1.00950659950404,-10.8350008215583,60,0,0,0,0.948186592811111,-12.6143600739899,60,0,0,0,0.99864592965849,-11.7171273661745,59.9999999999985,0,0,0,0.986912899856917
13.13,10.0258822134749,60,201.708058052754,71.2480782529227,2.01812782542025,1.06,-3.78849156527524,60.0000000000008,40,0,0.396233169943135,1.00950659950404,-10.8350008215583,60,0,0,0,0.948186592811111,-12.6143600739899,60,0,0,0,0.99864592965849,-11.7171273661745,59.9999999999985,0,0,0,0.986912899856917
13.14,10.0258822134749,60,201.708058052754,71.2480782529227,2.01812782542025,1.06,-3.78849156527524,60.0000000000008,40,0,0.396233169943135,1.00950659950404,-10.8350008215583,60,0,0,0,0.948186592811111,-12.6143600739899,60,0,0,0,0.99864592965849,-11.7171273661745,59.9999999999985,0,0,0,0.986912899856917
13.15,10.0258822134749,60,201.708058052754,71.2480782529227,2.01812782542025,1.06,-3.78849156527524,60.0000000000008,40,0,0.396233169943135,1.00950659950404,-10.8350008215583,60,0,0,0,0.948186592811111,-12.6143600739899,60,0,0,0,0.99864592965849,-11.7171273661745,59.9999999999985,0,0,0,0.986912899856917
13.16,10.0258822134749,60,201.708058052754,71.2480782529227,2.01812782542025,1.06,-3.78849156527524,60.0000000000008,40,0,0.396233169943135,1.00950659950404,-10.8350008215583,60,0,0,0,0.948186592811111,-12.6143600739899,60,0,0,0,0.99864592965849,-11.7171273661745,59.9999999999985,0,0,0,0.986912899856917
13.17,10.0258822134749,60,201.708058052754,71.2480782529227,2.01812782542025,1.06,-3.78849156527524,60.0000000000008,40,0,0.396233169943135,1.00950659950404,-10.8350008215583,60,0,0,0,0.948186592811111,-12.6143600739899,60,0,0,0,0.99864592965849,-11.7171273661745,59.9999999999985,0,0,0,0.986912899856917
13.18,10.0258822134749,60,201.708058052754,71.2480782529227,2.01812782542025,1.06,-3.78849156527524,60.0000000000008,40,0,0.396233169943135,1.00950659950404,-10.8350008215583,60,0,0,0,0.948186592811111,-12.6143600739899,60,0,0,0,0.99864592965849,-11.7171273661745,59.9999999999985,0,0,0,0.986912899856917
13.19,10.0258822134749,60,201.708058052754,71.2480782529227,2.01812782542025,1.06,-3.78849156527524,60.0000000000008,40,0,0.396233169943135,1.00950659950404,-10.8350008215583,60,0,0,0,0.948186592811111,-12.6143600739899,60,0,0,0,0.99864592965849,-11.7171273661745,59.9999999999985,0,0,0,0.986912899856917
13.2,10.0258822134749,60,201.708058052754,71.2480782529227,2.01812782542025,1.06,-3.78849156527524,60.0000000000008,40,0,0.396233169943135,1.00950659950404,-10.8350008215583,60,0,0,0,0.948186592811111,-12.6143600739899,60,0,0,0,0.99864592965849,-11.7171273661745,59.9999999999985,0,0,0,0.986912899856917
13.21,10.0258822134749,60,201.708058052754,71.2480782529227,2.01812782542025,1.06,-3.78849156527524,60.0000000000008,40,0,0.396233169943135,1.00950659950404,-10.8350008215583,60,0,0,0,0.948186592811111,-12.6143600739899,60,0,0,0,0.99864592965849,-11.7171273661745,59.9999999999985,0,0,0,0.986912899856917
13.22,10.0258822134749,60,201.708058052754,71.2480782529227,2.01812782542025,1.06,-3.78849156527524,60.0000000000008,40,0,0.396233169943135,1.00950659950404,-10.8350008215583,60,0,0,0,0.948186592811111,-12.6143600739899,60,0,0,0,0.99864592965849,-11.7171273661745,59.9999999999985,0,0,0,0.986912899856917
13.23,10.0258822134749,60,201.708058052754,71.2480782529227,2.01812782542025,1.06,-3.78849156527524,60.0000000000008,40,0,0.396233169943135,1.00950659950404,-10.8350008215583,60,0,0,0,0.948186592811111,-12.6143600739899,60,0,0,0,0.99864592965849,-11.7171273661745,59.9999999999985,0,0,0,0.986912899856917
13.24,10.0258822134749,60,201.708058052754,71.2480782529227,2.01812782542025,1.06,-3.78849156527524,60.0000000000008,40,0,0.396233169943135,1.00950659950404,-10.8350008215583,60,0,0,0,0.948186592811111,-12.6143600739899,60,0,0,0,0.99864592965849,-11.7171273661745,59.9999999999985,0,0,0,0.986912899856917
13.25,10.0258822134749,60,201.708058052754,71.2480782529227,2.01812782542025,1.06,-3.78849156527524,60.0000000000008,40,0,0.396233169943135,1.00950659950404,-10.8350008215583,60,0,0,0,0.948186592811111,-12.6143600739899,60,0,0,0,0.99864592965849,-11.7171273661745,59.9999999999985,0,0,0,0.986912899856917
13.26,10.0258822134749,60,201.708058052754,71.2480782529227,2.01812782542025,1.06,-3.78849156527524,60.0000000000008,40,0,0.396233169943135,1.00950659950404,-10.8350008215583,60,0,0,0,0.948186592811111,-12.6143600739899,60,0,0,0,0.99864592965849,-11.7171273661745,59.9999999999985,0,0,0,0.986912899856917
13.27,10.0258822134749,60,201.708058052754,71.2480782529227,2.01812782542025,1.06,-3.78849156527524,60.0000000000008,40,0,0.396233169943135,1.00950659950404,-10.8350008215583,60,0,0,0,0.948186592811111,-12.6143600739899,60,0,0,0,0.99864592965849,-11.7171273661745,59.9999999999985,0,0,0,0.986912899856917
13.28,10.0258822134749,60,201.708058052754,71.2480782529227,2.01812782542025,1.06,-3.78849156527524,60.0000000000008,40,0,0.396233169943135,1.00950659950404,-10.8350008215583,60,0,0,0,0.948186592811111,-12.6143600739899,60,0,0,0,0.99864592965849,-11.7171273661745,59.9999999999985,0,0,0,0.986912899856917
13.29,10.0258822134749,60,201.708058052754,71.2480782529227,2.01812782542025,1.06,-3.78849156527524,60.0000000000008,40,0,0.396233169943135,1.00950659950404,-10.8350008215583,60,0,0,0,0.948186592811111,-12.6143600739899,60,0,0,0,0.99864592965849,-11.7171273661745,59.9999999999985,0,0,0,0.986912899856917
13.3,10.0258822134749,60,201.708058052754,71.2480782529227,2.01812782542025,1.06,-3.78849156527524,60.0000000000008,40,0,0.396233169943135,1.00950659950404,-10.8350008215583,60,0,0,0,0.948186592811111,-12.6143600739899,60,0,0,0,0.99864592965849,-11.7171273661745,59.9999999999985,0,0,0,0.986912899856917
13.31,10.0258822134749,60,201.708058052754,71.2480782529227,2.01812782542025,1.06,-3.78849156527524,60.0000000000008,40,0,0.396233169943135,1.00950659950404,-10.8350008215583,60,0,0,0,0.948186592811111,-12.6143600739899,60,0,0,0,0.99864592965849,-11.7171273661745,59.9999999999985,0,0,0,0.986912899856917
13.32,10.0258822134749,60,201.708058052754,71.2480782529227,2.01812782542025,1.06,-3.78849156527524,60.0000000000008,40,0,0.396233169943135,1.00950659950404,-10.8350008215583,60,0,0,0,0.948186592811111,-12.6143600739899,60,0,0,0,0.99864592965849,-11.7171273661745,59.9999999999985,0,0,0,0.986912899856917
13.33,10.0258822134749,60,201.708058052754,71.2480782529227,2.01812782542025,1.06,-3.78849156527524,60.0000000000008,40,0,0.396233169943135,1.00950659950404,-10.8350008215583,60,0,0,0,0.948186592811111,-12.6143600739899,60,0,0,0,0.99864592965849,-11.7171273661745,59.9999999999985,0,0,0,0.986912899856917
13.34,10.0258822134749,60,201.708058052754,71.2480782529227,2.01812782542025,1.06,-3.78849156527524,60.0000000000008,40,0,0.396233169943135,1.00950659950404,-10.8350008215583,60,0,0,0,0.948186592811111,-12.6143600739899,60,0,0,0,0.99864592965849,-11.7171273661745,59.9999999999985,0,0,0,0.986912899856917
13.35,10.0258822134749,60,201.708058052754,71.2480782529227,2.01812782542025,1.06,-3.78849156527524,60.0000000000008,40,0,0.396233169943135,1.00950659950404,-10.8350008215583,60,0,0,0,0.948186592811111,-12.6143600739899,60,0,0,0,0.99864592965849,-11.7171273661745,59.9999999999985,0,0,0,0.986912899856917
13.36,10.0258822134749,60,201.708058052754,71.2480782529227,2.01812782542025,1.06,-3.78849156527524,60.0000000000008,40,0,0.396233169943135,1.00950659950404,-10.8350008215583,60,0,0,0,0.948186592811111,-12.6143600739899,60,0,0,0,0.99864592965849,-11.7171273661745,59.9999999999985,0,0,0,0.986912899856917
13.37,10.0258822134749,60,201.708058052754,71.2480782529227,2.01812782542025,1.06,-3.78849156527524,60.0000000000008,40,0,0.396233169943135,1.00950659950404,-10.8350008215583,60,0,0,0,0.948186592811111,-12.6143600739899,60,0,0,0,0.99864592965849,-11.7171273661745,59.9999999999985,0,0,0,0.986912899856917
13.38,10.0258822134749,60,201.708058052754,71.2480782529227,2.01812782542025,1.06,-3.78849156527524,60.0000000000008,40,0,0.396233169943135,1.00950659950404,-10.8350008215583,60,0,0,0,0.948186592811111,-12.6143600739899,60,0,0,0,0.99864592965849,-11.7171273661745,59.9999999999985,0,0,0,0.986912899856917
13.39,10.0258822134749,60,201.708058052754,71.2480782529227,2.01812782542025,1.06,-3.78849156527524,60.0000000000008,40,0,0.396233169943135,1.00950659950404,-10.8350008215583,60,0,0,0,0.948186592811111,-12.6143600739899,60,0,0,0,0.99864592965849,-11.7171273661745,59.9999999999985,0,0,0,0.986912899856917
13.4,10.0258822134749,60,201.708058052754,71.2480782529227,2.01812782542025,1.06,-3.78849156527524,60.0000000000008,40,0,0.396233169943135,1.00950659950404,-10.8350008215583,60,0,0,0,0.948186592811111,-12.6143600739899,60,0,0,0,0.99864592965849,-11.7171273661745,59.9999999999985,0,0,0,0.986912899856917
13.41,10.0258822134749,60,201.708058052754,71.2480782529227,2.01812782542025,1.06,-3.78849156527524,60.0000000000008,40,0,0.396233169943135,1.00950659950404,-10.8350008215583,60,0,0,0,0.948186592811111,-12.6143600739899,60,0,0,0,0.99864592965849,-11.7171273661745,59.9999999999985,0,0,0,0.986912899856917
13.42,10.0258822134749,60,201.708058052754,71.2480782529227,2.01812782542025,1.06,-3.78849156527524,60.0000000000008,40,0,0.396233169943135,1.00950659950404,-10.8350008215583,60,0,0,0,0.948186592811111,-12.6143600739899,60,0,0,0,0.99864592965849,-11.7171273661745,59.9999999999985,0,0,0,0.986912899856917
13.43,10.0258822134749,60,201.708058052754,71.2480782529227,2.01812782542025,1.06,-3.78849156527524,60.0000000000008,40,0,0.396233169943135,1.00950659950404,-10.8350008215583,60,0,0,0,0.948186592811111,-12.6143600739899,60,0,0,0,0.99864592965849,-11.7171273661745,59.9999999999985,0,0,0,0.986912899856917
13.44,10.0258822134749,60,201.708058052754,71.2480782529227,2.01812782542025,1.06,-3.78849156527524,60.0000000000008,40,0,0.396233169943135,1.00950659950404,-10.8350008215583,60,0,0,0,0.948186592811111,-12.6143600739899,60,0,0,0,0.99864592965849,-11.7171273661745,59.9999999999985,0,0,0,0.986912899856917
13.45,10.0258822134749,60,201.708058052754,71.2480782529227,2.01812782542025,1.06,-3.78849156527524,60.0000000000008,40,0,0.396233169943135,1.00950659950404,-10.8350008215583,60,0,0,0,0.948186592811111,-12.6143600739899,60,0,0,0,0.99864592965849,-11.7171273661745,59.9999999999985,0,0,0,0.986912899856917
13.46,10.0258822134749,60,201.708058052754,71.2480782529227,2.01812782542025,1.06,-3.78849156527524,60.0000000000008,40,0,0.396233169943135,1.00950659950404,-10.8350008215583,60,0,0,0,0.948186592811111,-12.6143600739899,60,0,0,0,0.99864592965849,-11.7171273661745,59.9999999999985,0,0,0,0.986912899856917
13.47,10.0258822134749,60,201.708058052754,71.2480782529227,2.01812782542025,1.06,-3.78849156527524,60.0000000000008,40,0,0.396233169943135,1.00950659950404,-10.8350008215583,60,0,0,0,0.948186592811111,-12.6143600739899,60,0,0,0,0.99864592965849,-11.7171273661745,59.9999999999985,0,0,0,0.986912899856917
13.48,10.0258822134749,60,201.708058052754,71.2480782529227,2.01812782542025,1.06,-3.78849156527524,60.0000000000008,40,0,0.396233169943135,1.00950659950404,-10.8350008215583,60,0,0,0,0.948186592811111,-12.6143600739899,60,0,0,0,0.99864592965849,-11.7171273661745,59.9999999999985,0,0,0,0.986912899856917
13.49,10.0258822134749,60,201.708058052754,71.2480782529227,2.01812782542025,1.06,-3.78849156527524,60.0000000000008,40,0,0.396233169943135,1.00950659950404,-10.8350008215583,60,0,0,0,0.948186592811111,-12.6143600739899,60,0,0,0,0.99864592965849,-11.7171273661745,59.9999999999985,0,0,0,0.986912899856917
13.5,10.0258822134749,60,201.708058052754,71.2480782529227,2.01812782542025,1.06,-3.78849156527524,60.0000000000008,40,0,0.396233169943135,1.00950659950404,-10.8350008215583,60,0,0,0,0.948186592811111,-12.6143600739899,60,0,0,0,0.99864592965849,-11.7171273661745,59.9999999999985,0,0,0,0.986912899856917
13.51,10.0258822134749,60,201.708058052754,71.2480782529227,2.01812782542025,1.06,-3.78849156527524,60.0000000000008,40,0,0.396233169943135,1.00950659950404,-10.8350008215583,60,0,0,0,0.948186592811111,-12.6143600739899,60,0,0,0,0.99864592965849,-11.7171273661745,59.9999999999985,0,0,0,0.986912899856917
13.52,10.0258822134749,60,201.708058052754,71.2480782529227,2.01812782542025,1.06,-3.78849156527524,60.0000000000008,40,0,0.396233169943135,1.00950659950404,-10.8350008215583,60,0,0,0,0.948186592811111,-12.6143600739899,60,0,0,0,0.99864592965849,-11.7171273661745,59.9999999999985,0,0,0,0.986912899856917
13.53,10.0258822134749,60,201.708058052754,71.2480782529227,2.01812782542025,1.06,-3.78849156527524,60.0000000000008,40,0,0.396233169943135,1.00950659950404,-10.8350008215583,60,0,0,0,0.948186592811111,-12.6143600739899,60,0,0,0,0.99864592965849,-11.7171273661745,59.9999999999985,0,0,0,0.986912899856917
13.54,10.0258822134749,60,201.708058052754,71.2480782529227,2.01812782542025,1.06,-3.78849156527524,60.0000000000008,40,0,0.396233169943135,1.00950659950404,-10.8350008215583,60,0,0,0,0.948186592811111,-12.6143600739899,60,0,0,0,0.99864592965849,-11.7171273661745,59.9999999999985,0,0,0,0.986912899856917
13.55,10.0258822134749,60,201.708058052754,71.2480782529227,2.01812782542025,1.06,-3.78849156527524,60.0000000000008,40,0,0.396233169943135,1.00950659950404,-10.8350008215583,60,0,0,0,0.948186592811111,-12.6143600739899,60,0,0,0,0.99864592965849,-11.7171273661745,59.9999999999985,0,0,0,0.986912899856917
13.56,10.0258822134749,60,201.708058052754,71.2480782529227,2.01812782542025,1.06,-3.78849156527524,60.0000000000008,40,0,0.396233169943135,1.00950659950404,-10.8350008215583,60,0,0,0,0.948186592811111,-12.6143600739899,60,0,0,0,0.99864592965849,-11.7171273661745,59.9999999999985,0,0,0,0.986912899856917
13.57,10.0258822134749,60,201.708058052754,71.2480782529227,2.01812782542025,1.06,-3.78849156527524,60.0000000000008,40,0,0.396233169943135,1.00950659950404,-10.8350008215583,60,0,0,0,0.948186592811111,-12.6143600739899,60,0,0,0,0.99864592965849,-11.7171273661745,59.9999999999985,0,0,0,0.986912899856917
13.58,10.0258822134749,60,201.708058052754,71.2480782529227,2.01812782542025,1.06,-3.78849156527524,60.0000000000008,40,0,0.396233169943135,1.00950659950404,-10.8350008215583,60,0,0,0,0.948186592811111,-12.6143600739899,60,0,0,0,0.99864592965849,-11.7171273661745,59.9999999999985,0,0,0,0.986912899856917
13.59,10.0258822134749,60,201.708058052754,71.2480782529227,2.01812782542025,1.06,-3.78849156527524,60.0000000000008,40,0,0.396233169943135,1.00950659950404,-10.8350008215583,60,0,0,0,0.948186592811111,-12.6143600739899,60,0,0,0,0.99864592965849,-11.7171273661745,59.9999999999985,0,0,0,0.986912899856917
13.6,10.0258822134749,60,201.708058052754,71.2480782529227,2.01812782542025,1.06,-3.78849156527524,60.0000000000008,40,0,0.396233169943135,1.00950659950404,-10.8350008215583,60,0,0,0,0.948186592811111,-12.6143600739899,60,0,0,0,0.99864592965849,-11.7171273661745,59.9999999999985,0,0,0,0.986912899856917
13.61,10.0258822134749,60,201.708058052754,71.2480782529227,2.01812782542025,1.06,-3.78849156527524,60.0000000000008,40,0,0.396233169943135,1.00950659950404,-10.8350008215583,60,0,0,0,0.948186592811111,-12.6143600739899,60,0,0,0,0.99864592965849,-11.7171273661745,59.9999999999985,0,0,0,0.986912899856917
13.62,10.0258822134749,60,201.708058052754,71.2480782529227,2.01812782542025,1.06,-3.78849156527524,60.0000000000008,40,0,0.396233169943135,1.00950659950404,-10.8350008215583,60,0,0,0,0.948186592811111,-12.6143600739899,60,0,0,0,0.99864592965849,-11.7171273661745,59.9999999999985,0,0,0,0.986912899856917
13.63,10.0258822134749,60,201.708058052754,71.2480782529227,2.01812782542025,1.06,-3.78849156527524,60.0000000000008,40,0,0.396233169943135,1.00950659950404,-10.8350008215583,60,0,0,0,0.948186592811111,-12.6143600739899,60,0,0,0,0.99864592965849,-11.7171273661745,59.9999999999985,0,0,0,0.986912899856917
13.64,10.0258822134749,60,201.708058052754,71.2480782529227,2.01812782542025,1.06,-3.78849156527524,60.0000000000008,40,0,0.396233169943135,1.00950659950404,-10.8350008215583,60,0,0,0,0.948186592811111,-12.6143600739899,60,0,0,0,0.99864592965849,-11.7171273661745,59.9999999999985,0,0,0,0.986912899856917
13.65,10.0258822134749,60,201.708058052754,71.2480782529227,2.01812782542025,1.06,-3.78849156527524,60.0000000000008,40,0,0.396233169943135,1.00950659950404,-10.8350008215583,60,0,0,0,0.948186592811111,-12.6143600739899,60,0,0,0,0.99864592965849,-11.7171273661745,59.9999999999985,0,0,0,0.986912899856917
13.66,10.0258822134749,60,201.708058052754,71.2480782529227,2.01812782542025,1.06,-3.78849156527524,60.0000000000008,40,0,0.396233169943135,1.00950659950404,-10.8350008215583,60,0,0,0,0.948186592811111,-12.6143600739899,60,0,0,0,0.99864592965849,-11.7171273661745,59.9999999999985,0,0,0,0.986912899856917
13.67,10.0258822134749,60,201.708058052754,71.2480782529227,2.01812782542025,1.06,-3.78849156527524,60.0000000000008,40,0,0.396233169943135,1.00950659950404,-10.8350008215583,60,0,0,0,0.948186592811111,-12.6143600739899,60,0,0,0,0.99864592965849,-11.7171273661745,59.9999999999985,0,0,0,0.986912899856917
13.68,10.0258822134749,60,201.708058052754,71.2480782529227,2.01812782542025,1.06,-3.78849156527524,60.0000000000008,40,0,0.396233169943135,1.00950659950404,-10.8350008215583,60,0,0,0,0.948186592811111,-12.6143600739899,60,0,0,0,0.99864592965849,-11.7171273661745,59.9999999999985,0,0,0,0.986912899856917
13.69,10.0258822134749,60,201.708058052754,71.2480782529227,2.01812782542025,1.06,-3.78849156527524,60.0000000000008,40,0,0.396233169943135,1.00950659950404,-10.8350008215583,60,0,0,0,0.948186592811111,-12.6143600739899,60,0,0,0,0.99864592965849,-11.7171273661745,59.9999999999985,0,0,0,0.986912899856917
13.7,10.0258822134749,60,201.708058052754,71.2480782529227,2.01812782542025,1.06,-3.78849156527524,60.0000000000008,40,0,0.396233169943135,1.00950659950404,-10.8350008215583,60,0,0,0,0.948186592811111,-12.6143600739899,60,0,0,0,0.99864592965849,-11.7171273661745,59.9999999999985,0,0,0,0.986912899856917
13.71,10.0258822134749,60,201.708058052754,71.2480782529227,2.01812782542025,1.06,-3.78849156527524,60.0000000000008,40,0,0.396233169943135,1.00950659950404,-10.8350008215583,60,0,0,0,0.948186592811111,-12.6143600739899,60,0,0,0,0.99864592965849,-11.7171273661745,59.9999999999985,0,0,0,0.986912899856917
13.72,10.0258822134749,60,201.708058052754,71.2480782529227,2.01812782542025,1.06,-3.78849156527524,60.0000000000008,40,0,0.396233169943135,1.00950659950404,-10.8350008215583,60,0,0,0,0.948186592811111,-12.6143600739899,60,0,0,0,0.99864592965849,-11.7171273661745,59.9999999999985,0,0,0,0.986912899856917
13.73,10.0258822134749,60,201.708058052754,71.2480782529227,2.01812782542025,1.06,-3.78849156527524,60.0000000000008,40,0,0.396233169943135,1.00950659950404,-10.8350008215583,60,0,0,0,0.948186592811111,-12.6143600739899,60,0,0,0,0.99864592965849,-11.7171273661745,59.9999999999985,0,0,0,0.986912899856917
13.74,10.0258822134749,60,201.708058052754,71.2480782529227,2.01812782542025,1.06,-3.78849156527524,60.0000000000008,40,0,0.396233169943135,1.00950659950404,-10.8350008215583,60,0,0,0,0.948186592811111,-12.6143600739899,60,0,0,0,0.99864592965849,-11.7171273661745,59.9999999999985,0,0,0,0.986912899856917
13.75,10.0258822134749,60,201.708058052754,71.2480782529227,2.01812782542025,1.06,-3.78849156527524,60.0000000000008,40,0,0.396233169943135,1.00950659950404,-10.8350008215583,60,0,0,0,0.948186592811111,-12.6143600739899,60,0,0,0,0.99864592965849,-11.7171273661745,59.9999999999985,0,0,0,0.986912899856917
13.76,10.0258822134749,60,201.708058052754,71.2480782529227,2.01812782542025,1.06,-3.78849156527524,60.0000000000008,40,0,0.396233169943135,1.00950659950404,-10.8350008215583,60,0,0,0,0.948186592811111,-12.6143600739899,60,0,0,0,0.99864592965849,-11.7171273661745,59.9999999999985,0,0,0,0.986912899856917
13.77,10.0258822134749,60,201.708058052754,71.2480782529227,2.01812782542025,1.06,-3.78849156527524,60.0000000000008,40,0,0.396233169943135,1.00950659950404,-10.8350008215583,60,0,0,0,0.948186592811111,-12.6143600739899,60,0,0,0,0.99864592965849,-11.7171273661745,59.9999999999985,0,0,0,0.986912899856917
13.78,10.0258822134749,60,201.708058052754,71.2480782529227,2.01812782542025,1.06,-3.78849156527524,60.0000000000008,40,0,0.396233169943135,1.00950659950404,-10.8350008215583,60,0,0,0,0.948186592811111,-12.6143600739899,60,0,0,0,0.99864592965849,-11.7171273661745,59.9999999999985,0,0,0,0.986912899856917
13.79,10.0258822134749,60,201.708058052754,71.2480782529227,2.01812782542025,1.06,-3.78849156527524,60.0000000000008,40,0,0.396233169943135,1.00950659950404,-10.8350008215583,60,0,0,0,0.948186592811111,-12.6143600739899,60,0,0,0,0.99864592965849,-11.7171273661745,59.9999999999985,0,0,0,0.986912899856917
13.8,10.0258822134749,60,201.708058052754,71.2480782529227,2.01812782542025,1.06,-3.78849156527524,60.0000000000008,40,0,0.396233169943135,1.00950659950404,-10.8350008215583,60,0,0,0,0.948186592811111,-12.6143600739899,60,0,0,0,0.99864592965849,-11.7171273661745,59.9999999999985,0,0,0,0.986912899856917
13.81,10.0258822134749,60,201.708058052754,71.2480782529227,2.01812782542025,1.06,-3.78849156527524,60.0000000000008,40,0,0.396233169943135,1.00950659950404,-10.8350008215583,60,0,0,0,0.948186592811111,-12.6143600739899,60,0,0,0,0.99864592965849,-11.7171273661745,59.9999999999985,0,0,0,0.986912899856917
13.82,10.0258822134749,60,201.708058052754,71.2480782529227,2.01812782542025,1.06,-3.78849156527524,60.0000000000008,40,0,0.396233169943135,1.00950659950404,-10.8350008215583,60,0,0,0,0.948186592811111,-12.6143600739899,60,0,0,0,0.99864592965849,-11.7171273661745,59.9999999999985,0,0,0,0.986912899856917
13.83,10.0258822134749,60,201.708058052754,71.2480782529227,2.01812782542025,1.06,-3.78849156527524,60.0000000000008,40,0,0.396233169943135,1.00950659950404,-10.8350008215583,60,0,0,0,0.948186592811111,-12.6143600739899,60,0,0,0,0.99864592965849,-11.7171273661745,59.9999999999985,0,0,0,0.986912899856917
13.84,10.0258822134749,60,201.708058052754,71.2480782529227,2.01812782542025,1.06,-3.78849156527524,60.0000000000008,40,0,0.396233169943135,1.00950659950404,-10.8350008215583,60,0,0,0,0.948186592811111,-12.6143600739899,60,0,0,0,0.99864592965849,-11.7171273661745,59.9999999999985,0,0,0,0.986912899856917
13.85,10.0258822134749,60,201.708058052754,71.2480782529227,2.01812782542025,1.06,-3.78849156527524,60.0000000000008,40,0,0.396233169943135,1.00950659950404,-10.8350008215583,60,0,0,0,0.948186592811111,-12.6143600739899,60,0,0,0,0.99864592965849,-11.7171273661745,59.9999999999985,0,0,0,0.986912899856917
13.86,10.0258822134749,60,201.708058052754,71.2480782529227,2.01812782542025,1.06,-3.78849156527524,60.0000000000008,40,0,0.396233169943135,1.00950659950404,-10.8350008215583,60,0,0,0,0.948186592811111,-12.6143600739899,60,0,0,0,0.99864592965849,-11.7171273661745,59.9999999999985,0,0,0,0.986912899856917
13.87,10.0258822134749,60,201.708058052754,71.2480782529227,2.01812782542025,1.06,-3.78849156527524,60.0000000000008,40,0,0.396233169943135,1.00950659950404,-10.8350008215583,60,0,0,0,0.948186592811111,-12.6143600739899,60,0,0,0,0.99864592965849,-11.7171273661745,59.9999999999985,0,0,0,0.986912899856917
13.88,10.0258822134749,60,201.708058052754,71.2480782529227,2.01812782542025,1.06,-3.78849156527524,60.0000000000008,40,0,0.396233169943135,1.00950659950404,-10.8350008215583,60,0,0,0,0.948186592811111,-12.6143600739899,60,0,0,0,0.99864592965849,-11.7171273661745,59.9999999999985,0,0,0,0.986912899856917
13.89,10.0258822134749,60,201.708058052754,71.2480782529227,2.01812782542025,1.06,-3.78849156527524,60.0000000000008,40,0,0.396233169943135,1.00950659950404,-10.8350008215583,60,0,0,0,0.948186592811111,-12.6143600739899,60,0,0,0,0.99864592965849,-11.7171273661745,59.9999999999985,0,0,0,0.986912899856917
13.9,10.0258822134749,60,201.708058052754,71.2480782529227,2.01812782542025,1.06,-3.78849156527524,60.0000000000008,40,0,0.396233169943135,1.00950659950404,-10.8350008215583,60,0,0,0,0.948186592811111,-12.6143600739899,60,0,0,0,0.99864592965849,-11.7171273661745,59.9999999999985,0,0,0,0.986912899856917
13.91,10.0258822134749,60,201.708058052754,71.2480782529227,2.01812782542025,1.06,-3.78849156527524,60.0000000000008,40,0,0.396233169943135,1.00950659950404,-10.8350008215583,60,0,0,0,0.948186592811111,-12.6143600739899,60,0,0,0,0.99864592965849,-11.7171273661745,59.9999999999985,0,0,0,0.986912899856917
13.92,10.0258822134749,60,201.708058052754,71.2480782529227,2.01812782542025,1.06,-3.78849156527524,60.0000000000008,40,0,0.396233169943135,1.00950659950404,-10.8350008215583,60,0,0,0,0.948186592811111,-12.6143600739899,60,0,0,0,0.99864592965849,-11.7171273661745,59.9999999999985,0,0,0,0.986912899856917
13.93,10.0258822134749,60,201.708058052754,71.2480782529227,2.01812782542025,1.06,-3.78849156527524,60.0000000000008,40,0,0.396233169943135,1.00950659950404,-10.8350008215583,60,0,0,0,0.948186592811111,-12.6143600739899,60,0,0,0,0.99864592965849,-11.7171273661745,59.9999999999985,0,0,0,0.986912899856917
13.94,10.0258822134749,60,201.708058052754,71.2480782529227,2.01812782542025,1.06,-3.78849156527524,60.0000000000008,40,0,0.396233169943135,1.00950659950404,-10.8350008215583,60,0,0,0,0.948186592811111,-12.6143600739899,60,0,0,0,0.99864592965849,-11.7171273661745,59.9999999999985,0,0,0,0.986912899856917
13.95,10.0258822134749,60,201.708058052754,71.2480782529227,2.01812782542025,1.06,-3.78849156527524,60.0000000000008,40,0,0.396233169943135,1.00950659950404,-10.8350008215583,60,0,0,0,0.948186592811111,-12.6143600739899,60,0,0,0,0.99864592965849,-11.7171273661745,59.9999999999985,0,0,0,0.986912899856917
13.96,10.0258822134749,60,201.708058052754,71.2480782529227,2.01812782542025,1.06,-3.78849156527524,60.0000000000008,40,0,0.396233169943135,1.00950659950404,-10.8350008215583,60,0,0,0,0.948186592811111,-12.6143600739899,60,0,0,0,0.99864592965849,-11.7171273661745,59.9999999999985,0,0,0,0.986912899856917
13.97,10.0258822134749,60,201.708058052754,71.2480782529227,2.01812782542025,1.06,-3.78849156527524,60.0000000000008,40,0,0.396233169943135,1.00950659950404,-10.8350008215583,60,0,0,0,0.948186592811111,-12.6143600739899,60,0,0,0,0.99864592965849,-11.7171273661745,59.9999999999985,0,0,0,0.986912899856917
13.98,10.0258822134749,60,201.708058052754,71.2480782529227,2.01812782542025,1.06,-3.78849156527524,60.0000000000008,40,0,0.396233169943135,1.00950659950404,-10.8350008215583,60,0,0,0,0.948186592811111,-12.6143600739899,60,0,0,0,0.99864592965849,-11.7171273661745,59.9999999999985,0,0,0,0.986912899856917
13.99,10.0258822134749,60,201.708058052754,71.2480782529227,2.01812782542025,1.06,-3.78849156527524,60.0000000000008,40,0,0.396233169943135,1.00950659950404,-10.8350008215583,60,0,0,0,0.948186592811111,-12.6143600739899,60,0,0,0,0.99864592965849,-11.7171273661745,59.9999999999985,0,0,0,0.986912899856917
14,10.0258822134749,60,201.708058052754,71.2480782529227,2.01812782542025,1.06,-3.78849156527524,60.0000000000008,40,0,0.396233169943135,1.00950659950404,-10.8350008215583,60,0,0,0,0.948186592811111,-12.6143600739899,60,0,0,0,0.99864592965849,-11.7171273661745,59.9999999999985,0,0,0,0.986912899856917
14.01,10.0258822134749,60,201.708058052754,71.2480782529227,2.01812782542025,1.06,-3.78849156527524,60.0000000000008,40,0,0.396233169943135,1.00950659950404,-10.8350008215583,60,0,0,0,0.948186592811111,-12.6143600739899,60,0,0,0,0.99864592965849,-11.7171273661745,59.9999999999985,0,0,0,0.986912899856917
14.02,10.0258822134749,60,201.708058052754,71.2480782529227,2.01812782542025,1.06,-3.78849156527524,60.0000000000008,40,0,0.396233169943135,1.00950659950404,-10.8350008215583,60,0,0,0,0.948186592811111,-12.6143600739899,60,0,0,0,0.99864592965849,-11.7171273661745,59.9999999999985,0,0,0,0.986912899856917
14.03,10.0258822134749,60,201.708058052754,71.2480782529227,2.01812782542025,1.06,-3.78849156527524,60.0000000000008,40,0,0.396233169943135,1.00950659950404,-10.8350008215583,60,0,0,0,0.948186592811111,-12.6143600739899,60,0,0,0,0.99864592965849,-11.7171273661745,59.9999999999985,0,0,0,0.986912899856917
14.04,10.0258822134749,60,201.708058052754,71.2480782529227,2.01812782542025,1.06,-3.78849156527524,60.0000000000008,40,0,0.396233169943135,1.00950659950404,-10.8350008215583,60,0,0,0,0.948186592811111,-12.6143600739899,60,0,0,0,0.99864592965849,-11.7171273661745,59.9999999999985,0,0,0,0.986912899856917
14.05,10.0258822134749,60,201.708058052754,71.2480782529227,2.01812782542025,1.06,-3.78849156527524,60.0000000000008,40,0,0.396233169943135,1.00950659950404,-10.8350008215583,60,0,0,0,0.948186592811111,-12.6143600739899,60,0,0,0,0.99864592965849,-11.7171273661745,59.9999999999985,0,0,0,0.986912899856917
14.06,10.0258822134749,60,201.708058052754,71.2480782529227,2.01812782542025,1.06,-3.78849156527524,60.0000000000008,40,0,0.396233169943135,1.00950659950404,-10.8350008215583,60,0,0,0,0.948186592811111,-12.6143600739899,60,0,0,0,0.99864592965849,-11.7171273661745,59.9999999999985,0,0,0,0.986912899856917
14.07,10.0258822134749,60,201.708058052754,71.2480782529227,2.01812782542025,1.06,-3.78849156527524,60.0000000000008,40,0,0.396233169943135,1.00950659950404,-10.8350008215583,60,0,0,0,0.948186592811111,-12.6143600739899,60,0,0,0,0.99864592965849,-11.7171273661745,59.9999999999985,0,0,0,0.986912899856917
14.08,10.0258822134749,60,201.708058052754,71.2480782529227,2.01812782542025,1.06,-3.78849156527524,60.0000000000008,40,0,0.396233169943135,1.00950659950404,-10.8350008215583,60,0,0,0,0.948186592811111,-12.6143600739899,60,0,0,0,0.99864592965849,-11.7171273661745,59.9999999999985,0,0,0,0.986912899856917
14.09,10.0258822134749,60,201.708058052754,71.2480782529227,2.01812782542025,1.06,-3.78849156527524,60.0000000000008,40,0,0.396233169943135,1.00950659950404,-10.8350008215583,60,0,0,0,0.948186592811111,-12.6143600739899,60,0,0,0,0.99864592965849,-11.7171273661745,59.9999999999985,0,0,0,0.986912899856917
14.1,10.0258822134749,60,201.708058052754,71.2480782529227,2.01812782542025,1.06,-3.78849156527524,60.0000000000008,40,0,0.396233169943135,1.00950659950404,-10.8350008215583,60,0,0,0,0.948186592811111,-12.6143600739899,60,0,0,0,0.99864592965849,-11.7171273661745,59.9999999999985,0,0,0,0.986912899856917
14.11,10.0258822134749,60,201.708058052754,71.2480782529227,2.01812782542025,1.06,-3.78849156527524,60.0000000000008,40,0,0.396233169943135,1.00950659950404,-10.8350008215583,60,0,0,0,0.948186592811111,-12.6143600739899,60,0,0,0,0.99864592965849,-11.7171273661745,59.9999999999985,0,0,0,0.986912899856917
14.12,10.0258822134749,60,201.708058052754,71.2480782529227,2.01812782542025,1.06,-3.78849156527524,60.0000000000008,40,0,0.396233169943135,1.00950659950404,-10.8350008215583,60,0,0,0,0.948186592811111,-12.6143600739899,60,0,0,0,0.99864592965849,-11.7171273661745,59.9999999999985,0,0,0,0.986912899856917
14.13,10.0258822134749,60,201.708058052754,71.2480782529227,2.01812782542025,1.06,-3.78849156527524,60.0000000000008,40,0,0.396233169943135,1.00950659950404,-10.8350008215583,60,0,0,0,0.948186592811111,-12.6143600739899,60,0,0,0,0.99864592965849,-11.7171273661745,59.9999999999985,0,0,0,0.986912899856917
14.14,10.0258822134749,60,201.708058052754,71.2480782529227,2.01812782542025,1.06,-3.78849156527524,60.0000000000008,40,0,0.396233169943135,1.00950659950404,-10.8350008215583,60,0,0,0,0.948186592811111,-12.6143600739899,60,0,0,0,0.99864592965849,-11.7171273661745,59.9999999999985,0,0,0,0.986912899856917
14.15,10.0258822134749,60,201.708058052754,71.2480782529227,2.01812782542025,1.06,-3.78849156527524,60.0000000000008,40,0,0.396233169943135,1.00950659950404,-10.8350008215583,60,0,0,0,0.948186592811111,-12.6143600739899,60,0,0,0,0.99864592965849,-11.7171273661745,59.9999999999985,0,0,0,0.986912899856917
14.16,10.0258822134749,60,201.708058052754,71.2480782529227,2.01812782542025,1.06,-3.78849156527524,60.0000000000008,40,0,0.396233169943135,1.00950659950404,-10.8350008215583,60,0,0,0,0.948186592811111,-12.6143600739899,60,0,0,0,0.99864592965849,-11.7171273661745,59.9999999999985,0,0,0,0.986912899856917
14.17,10.0258822134749,60,201.708058052754,71.2480782529227,2.01812782542025,1.06,-3.78849156527524,60.0000000000008,40,0,0.396233169943135,1.00950659950404,-10.8350008215583,60,0,0,0,0.948186592811111,-12.6143600739899,60,0,0,0,0.99864592965849,-11.7171273661745,59.9999999999985,0,0,0,0.986912899856917
14.18,10.0258822134749,60,201.708058052754,71.2480782529227,2.01812782542025,1.06,-3.78849156527524,60.0000000000008,40,0,0.396233169943135,1.00950659950404,-10.8350008215583,60,0,0,0,0.948186592811111,-12.6143600739899,60,0,0,0,0.99864592965849,-11.7171273661745,59.9999999999985,0,0,0,0.986912899856917
14.19,10.0258822134749,60,201.708058052754,71.2480782529227,2.01812782542025,1.06,-3.78849156527524,60.0000000000008,40,0,0.396233169943135,1.00950659950404,-10.8350008215583,60,0,0,0,0.948186592811111,-12.6143600739899,60,0,0,0,0.99864592965849,-11.7171273661745,59.9999999999985,0,0,0,0.986912899856917
14.2,10.0258822134749,60,201.708058052754,71.2480782529227,2.01812782542025,1.06,-3.78849156527524,60.0000000000008,40,0,0.396233169943135,1.00950659950404,-10.8350008215583,60,0,0,0,0.948186592811111,-12.6143600739899,60,0,0,0,0.99864592965849,-11.7171273661745,59.9999999999985,0,0,0,0.986912899856917
14.21,10.0258822134749,60,201.708058052754,71.2480782529227,2.01812782542025,1.06,-3.78849156527524,60.0000000000008,40,0,0.396233169943135,1.00950659950404,-10.8350008215583,60,0,0,0,0.948186592811111,-12.6143600739899,60,0,0,0,0.99864592965849,-11.7171273661745,59.9999999999985,0,0,0,0.986912899856917
14.22,10.0258822134749,60,201.708058052754,71.2480782529227,2.01812782542025,1.06,-3.78849156527524,60.0000000000008,40,0,0.396233169943135,1.00950659950404,-10.8350008215583,60,0,0,0,0.948186592811111,-12.6143600739899,60,0,0,0,0.99864592965849,-11.7171273661745,59.9999999999985,0,0,0,0.986912899856917
14.23,10.0258822134749,60,201.708058052754,71.2480782529227,2.01812782542025,1.06,-3.78849156527524,60.0000000000008,40,0,0.396233169943135,1.00950659950404,-10.8350008215583,60,0,0,0,0.948186592811111,-12.6143600739899,60,0,0,0,0.99864592965849,-11.7171273661745,59.9999999999985,0,0,0,0.986912899856917
14.24,10.0258822134749,60,201.708058052754,71.2480782529227,2.01812782542025,1.06,-3.78849156527524,60.0000000000008,40,0,0.396233169943135,1.00950659950404,-10.8350008215583,60,0,0,0,0.948186592811111,-12.6143600739899,60,0,0,0,0.99864592965849,-11.7171273661745,59.9999999999985,0,0,0,0.986912899856917
14.25,10.0258822134749,60,201.708058052754,71.2480782529227,2.01812782542025,1.06,-3.78849156527524,60.0000000000008,40,0,0.396233169943135,1.00950659950404,-10.8350008215583,60,0,0,0,0.948186592811111,-12.6143600739899,60,0,0,0,0.99864592965849,-11.7171273661745,59.9999999999985,0,0,0,0.986912899856917
14.26,10.0258822134749,60,201.708058052754,71.2480782529227,2.01812782542025,1.06,-3.78849156527524,60.0000000000008,40,0,0.396233169943135,1.00950659950404,-10.8350008215583,60,0,0,0,0.948186592811111,-12.6143600739899,60,0,0,0,0.99864592965849,-11.7171273661745,59.9999999999985,0,0,0,0.986912899856917
14.27,10.0258822134749,60,201.708058052754,71.2480782529227,2.01812782542025,1.06,-3.78849156527524,60.0000000000008,40,0,0.396233169943135,1.00950659950404,-10.8350008215583,60,0,0,0,0.948186592811111,-12.6143600739899,60,0,0,0,0.99864592965849,-11.7171273661745,59.9999999999985,0,0,0,0.986912899856917
14.28,10.0258822134749,60,201.708058052754,71.2480782529227,2.01812782542025,1.06,-3.78849156527524,60.0000000000008,40,0,0.396233169943135,1.00950659950404,-10.8350008215583,60,0,0,0,0.948186592811111,-12.6143600739899,60,0,0,0,0.99864592965849,-11.7171273661745,59.9999999999985,0,0,0,0.986912899856917
14.29,10.0258822134749,60,201.708058052754,71.2480782529227,2.01812782542025,1.06,-3.78849156527524,60.0000000000008,40,0,0.396233169943135,1.00950659950404,-10.8350008215583,60,0,0,0,0.948186592811111,-12.6143600739899,60,0,0,0,0.99864592965849,-11.7171273661745,59.9999999999985,0,0,0,0.986912899856917
14.3,10.0258822134749,60,201.708058052754,71.2480782529227,2.01812782542025,1.06,-3.78849156527524,60.0000000000008,40,0,0.396233169943135,1.00950659950404,-10.8350008215583,60,0,0,0,0.948186592811111,-12.6143600739899,60,0,0,0,0.99864592965849,-11.7171273661745,59.9999999999985,0,0,0,0.986912899856917
14.31,10.0258822134749,60,201.708058052754,71.2480782529227,2.01812782542025,1.06,-3.78849156527524,60.0000000000008,40,0,0.396233169943135,1.00950659950404,-10.8350008215583,60,0,0,0,0.948186592811111,-12.6143600739899,60,0,0,0,0.99864592965849,-11.7171273661745,59.9999999999985,0,0,0,0.986912899856917
14.32,10.0258822134749,60,201.708058052754,71.2480782529227,2.01812782542025,1.06,-3.78849156527524,60.0000000000008,40,0,0.396233169943135,1.00950659950404,-10.8350008215583,60,0,0,0,0.948186592811111,-12.6143600739899,60,0,0,0,0.99864592965849,-11.7171273661745,59.9999999999985,0,0,0,0.986912899856917
14.33,10.0258822134749,60,201.708058052754,71.2480782529227,2.01812782542025,1.06,-3.78849156527524,60.0000000000008,40,0,0.396233169943135,1.00950659950404,-10.8350008215583,60,0,0,0,0.948186592811111,-12.6143600739899,60,0,0,0,0.99864592965849,-11.7171273661745,59.9999999999985,0,0,0,0.986912899856917
14.34,10.0258822134749,60,201.708058052754,71.2480782529227,2.01812782542025,1.06,-3.78849156527524,60.0000000000008,40,0,0.396233169943135,1.00950659950404,-10.8350008215583,60,0,0,0,0.948186592811111,-12.6143600739899,60,0,0,0,0.99864592965849,-11.7171273661745,59.9999999999985,0,0,0,0.986912899856917
14.35,10.0258822134749,60,201.708058052754,71.2480782529227,2.01812782542025,1.06,-3.78849156527524,60.0000000000008,40,0,0.396233169943135,1.00950659950404,-10.8350008215583,60,0,0,0,0.948186592811111,-12.6143600739899,60,0,0,0,0.99864592965849,-11.7171273661745,59.9999999999985,0,0,0,0.986912899856917
14.36,10.0258822134749,60,201.708058052754,71.2480782529227,2.01812782542025,1.06,-3.78849156527524,60.0000000000008,40,0,0.396233169943135,1.00950659950404,-10.8350008215583,60,0,0,0,0.948186592811111,-12.6143600739899,60,0,0,0,0.99864592965849,-11.7171273661745,59.9999999999985,0,0,0,0.986912899856917
14.37,10.0258822134749,60,201.708058052754,71.2480782529227,2.01812782542025,1.06,-3.78849156527524,60.0000000000008,40,0,0.396233169943135,1.00950659950404,-10.8350008215583,60,0,0,0,0.948186592811111,-12.6143600739899,60,0,0,0,0.99864592965849,-11.7171273661745,59.9999999999985,0,0,0,0.986912899856917
14.38,10.0258822134749,60,201.708058052754,71.2480782529227,2.01812782542025,1.06,-3.78849156527524,60.0000000000008,40,0,0.396233169943135,1.00950659950404,-10.8350008215583,60,0,0,0,0.948186592811111,-12.6143600739899,60,0,0,0,0.99864592965849,-11.7171273661745,59.9999999999985,0,0,0,0.986912899856917
14.39,10.0258822134749,60,201.708058052754,71.2480782529227,2.01812782542025,1.06,-3.78849156527524,60.0000000000008,40,0,0.396233169943135,1.00950659950404,-10.8350008215583,60,0,0,0,0.948186592811111,-12.6143600739899,60,0,0,0,0.99864592965849,-11.7171273661745,59.9999999999985,0,0,0,0.986912899856917
14.4,10.0258822134749,60,201.708058052754,71.2480782529227,2.01812782542025,1.06,-3.78849156527524,60.0000000000008,40,0,0.396233169943135,1.00950659950404,-10.8350008215583,60,0,0,0,0.948186592811111,-12.6143600739899,60,0,0,0,0.99864592965849,-11.7171273661745,59.9999999999985,0,0,0,0.986912899856917
14.41,10.0258822134749,60,201.708058052754,71.2480782529227,2.01812782542025,1.06,-3.78849156527524,60.0000000000008,40,0,0.396233169943135,1.00950659950404,-10.8350008215583,60,0,0,0,0.948186592811111,-12.6143600739899,60,0,0,0,0.99864592965849,-11.7171273661745,59.9999999999985,0,0,0,0.986912899856917
14.42,10.0258822134749,60,201.708058052754,71.2480782529227,2.01812782542025,1.06,-3.78849156527524,60.0000000000008,40,0,0.396233169943135,1.00950659950404,-10.8350008215583,60,0,0,0,0.948186592811111,-12.6143600739899,60,0,0,0,0.99864592965849,-11.7171273661745,59.9999999999985,0,0,0,0.986912899856917
14.43,10.0258822134749,60,201.708058052754,71.2480782529227,2.01812782542025,1.06,-3.78849156527524,60.0000000000008,40,0,0.396233169943135,1.00950659950404,-10.8350008215583,60,0,0,0,0.948186592811111,-12.6143600739899,60,0,0,0,0.99864592965849,-11.7171273661745,59.9999999999985,0,0,0,0.986912899856917
14.44,10.0258822134749,60,201.708058052754,71.2480782529227,2.01812782542025,1.06,-3.78849156527524,60.0000000000008,40,0,0.396233169943135,1.00950659950404,-10.8350008215583,60,0,0,0,0.948186592811111,-12.6143600739899,60,0,0,0,0.99864592965849,-11.7171273661745,59.9999999999985,0,0,0,0.986912899856917
14.45,10.0258822134749,60,201.708058052754,71.2480782529227,2.01812782542025,1.06,-3.78849156527524,60.0000000000008,40,0,0.396233169943135,1.00950659950404,-10.8350008215583,60,0,0,0,0.948186592811111,-12.6143600739899,60,0,0,0,0.99864592965849,-11.7171273661745,59.9999999999985,0,0,0,0.986912899856917
14.46,10.0258822134749,60,201.708058052754,71.2480782529227,2.01812782542025,1.06,-3.78849156527524,60.0000000000008,40,0,0.396233169943135,1.00950659950404,-10.8350008215583,60,0,0,0,0.948186592811111,-12.6143600739899,60,0,0,0,0.99864592965849,-11.7171273661745,59.9999999999985,0,0,0,0.986912899856917
14.47,10.0258822134749,60,201.708058052754,71.2480782529227,2.01812782542025,1.06,-3.78849156527524,60.0000000000008,40,0,0.396233169943135,1.00950659950404,-10.8350008215583,60,0,0,0,0.948186592811111,-12.6143600739899,60,0,0,0,0.99864592965849,-11.7171273661745,59.9999999999985,0,0,0,0.986912899856917
14.48,10.0258822134749,60,201.708058052754,71.2480782529227,2.01812782542025,1.06,-3.78849156527524,60.0000000000008,40,0,0.396233169943135,1.00950659950404,-10.8350008215583,60,0,0,0,0.948186592811111,-12.6143600739899,60,0,0,0,0.99864592965849,-11.7171273661745,59.9999999999985,0,0,0,0.986912899856917
14.49,10.0258822134749,60,201.708058052754,71.2480782529227,2.01812782542025,1.06,-3.78849156527524,60.0000000000008,40,0,0.396233169943135,1.00950659950404,-10.8350008215583,60,0,0,0,0.948186592811111,-12.6143600739899,60,0,0,0,0.99864592965849,-11.7171273661745,59.9999999999985,0,0,0,0.986912899856917
14.5,10.0258822134749,60,201.708058052754,71.2480782529227,2.01812782542025,1.06,-3.78849156527524,60.0000000000008,40,0,0.396233169943135,1.00950659950404,-10.8350008215583,60,0,0,0,0.948186592811111,-12.6143600739899,60,0,0,0,0.99864592965849,-11.7171273661745,59.9999999999985,0,0,0,0.986912899856917
14.51,10.0258822134749,60,201.708058052754,71.2480782529227,2.01812782542025,1.06,-3.78849156527524,60.0000000000008,40,0,0.396233169943135,1.00950659950404,-10.8350008215583,60,0,0,0,0.948186592811111,-12.6143600739899,60,0,0,0,0.99864592965849,-11.7171273661745,59.9999999999985,0,0,0,0.986912899856917
14.52,10.0258822134749,60,201.708058052754,71.2480782529227,2.01812782542025,1.06,-3.78849156527524,60.0000000000008,40,0,0.396233169943135,1.00950659950404,-10.8350008215583,60,0,0,0,0.948186592811111,-12.6143600739899,60,0,0,0,0.99864592965849,-11.7171273661745,59.9999999999985,0,0,0,0.986912899856917
14.53,10.0258822134749,60,201.708058052754,71.2480782529227,2.01812782542025,1.06,-3.78849156527524,60.0000000000008,40,0,0.396233169943135,1.00950659950404,-10.8350008215583,60,0,0,0,0.948186592811111,-12.6143600739899,60,0,0,0,0.99864592965849,-11.7171273661745,59.9999999999985,0,0,0,0.986912899856917
14.54,10.0258822134749,60,201.708058052754,71.2480782529227,2.01812782542025,1.06,-3.78849156527524,60.0000000000008,40,0,0.396233169943135,1.00950659950404,-10.8350008215583,60,0,0,0,0.948186592811111,-12.6143600739899,60,0,0,0,0.99864592965849,-11.7171273661745,59.9999999999985,0,0,0,0.986912899856917
14.55,10.0258822134749,60,201.708058052754,71.2480782529227,2.01812782542025,1.06,-3.78849156527524,60.0000000000008,40,0,0.396233169943135,1.00950659950404,-10.8350008215583,60,0,0,0,0.948186592811111,-12.6143600739899,60,0,0,0,0.99864592965849,-11.7171273661745,59.9999999999985,0,0,0,0.986912899856917
14.56,10.0258822134749,60,201.708058052754,71.2480782529227,2.01812782542025,1.06,-3.78849156527524,60.0000000000008,40,0,0.396233169943135,1.00950659950404,-10.8350008215583,60,0,0,0,0.948186592811111,-12.6143600739899,60,0,0,0,0.99864592965849,-11.7171273661745,59.9999999999985,0,0,0,0.986912899856917
14.57,10.0258822134749,60,201.708058052754,71.2480782529227,2.01812782542025,1.06,-3.78849156527524,60.0000000000008,40,0,0.396233169943135,1.00950659950404,-10.8350008215583,60,0,0,0,0.948186592811111,-12.6143600739899,60,0,0,0,0.99864592965849,-11.7171273661745,59.9999999999985,0,0,0,0.986912899856917
14.58,10.0258822134749,60,201.708058052754,71.2480782529227,2.01812782542025,1.06,-3.78849156527524,60.0000000000008,40,0,0.396233169943135,1.00950659950404,-10.8350008215583,60,0,0,0,0.948186592811111,-12.6143600739899,60,0,0,0,0.99864592965849,-11.7171273661745,59.9999999999985,0,0,0,0.986912899856917
14.59,10.0258822134749,60,201.708058052754,71.2480782529227,2.01812782542025,1.06,-3.78849156527524,60.0000000000008,40,0,0.396233169943135,1.00950659950404,-10.8350008215583,60,0,0,0,0.948186592811111,-12.6143600739899,60,0,0,0,0.99864592965849,-11.7171273661745,59.9999999999985,0,0,0,0.986912899856917
14.6,10.0258822134749,60,201.708058052754,71.2480782529227,2.01812782542025,1.06,-3.78849156527524,60.0000000000008,40,0,0.396233169943135,1.00950659950404,-10.8350008215583,60,0,0,0,0.948186592811111,-12.6143600739899,60,0,0,0,0.99864592965849,-11.7171273661745,59.9999999999985,0,0,0,0.986912899856917
14.61,10.0258822134749,60,201.708058052754,71.2480782529227,2.01812782542025,1.06,-3.78849156527524,60.0000000000008,40,0,0.396233169943135,1.00950659950404,-10.8350008215583,60,0,0,0,0.948186592811111,-12.6143600739899,60,0,0,0,0.99864592965849,-11.7171273661745,59.9999999999985,0,0,0,0.986912899856917
14.62,10.0258822134749,60,201.708058052754,71.2480782529227,2.01812782542025,1.06,-3.78849156527524,60.0000000000008,40,0,0.396233169943135,1.00950659950404,-10.8350008215583,60,0,0,0,0.948186592811111,-12.6143600739899,60,0,0,0,0.99864592965849,-11.7171273661745,59.9999999999985,0,0,0,0.986912899856917
14.63,10.0258822134749,60,201.708058052754,71.2480782529227,2.01812782542025,1.06,-3.78849156527524,60.0000000000008,40,0,0.396233169943135,1.00950659950404,-10.8350008215583,60,0,0,0,0.948186592811111,-12.6143600739899,60,0,0,0,0.99864592965849,-11.7171273661745,59.9999999999985,0,0,0,0.986912899856917
14.64,10.0258822134749,60,201.708058052754,71.2480782529227,2.01812782542025,1.06,-3.78849156527524,60.0000000000008,40,0,0.396233169943135,1.00950659950404,-10.8350008215583,60,0,0,0,0.948186592811111,-12.6143600739899,60,0,0,0,0.99864592965849,-11.7171273661745,59.9999999999985,0,0,0,0.986912899856917
14.65,10.0258822134749,60,201.708058052754,71.2480782529227,2.01812782542025,1.06,-3.78849156527524,60.0000000000008,40,0,0.396233169943135,1.00950659950404,-10.8350008215583,60,0,0,0,0.948186592811111,-12.6143600739899,60,0,0,0,0.99864592965849,-11.7171273661745,59.9999999999985,0,0,0,0.986912899856917
14.66,10.0258822134749,60,201.708058052754,71.2480782529227,2.01812782542025,1.06,-3.78849156527524,60.0000000000008,40,0,0.396233169943135,1.00950659950404,-10.8350008215583,60,0,0,0,0.948186592811111,-12.6143600739899,60,0,0,0,0.99864592965849,-11.7171273661745,59.9999999999985,0,0,0,0.986912899856917
14.67,10.0258822134749,60,201.708058052754,71.2480782529227,2.01812782542025,1.06,-3.78849156527524,60.0000000000008,40,0,0.396233169943135,1.00950659950404,-10.8350008215583,60,0,0,0,0.948186592811111,-12.6143600739899,60,0,0,0,0.99864592965849,-11.7171273661745,59.9999999999985,0,0,0,0.986912899856917
14.68,10.0258822134749,60,201.708058052754,71.2480782529227,2.01812782542025,1.06,-3.78849156527524,60.0000000000008,40,0,0.396233169943135,1.00950659950404,-10.8350008215583,60,0,0,0,0.948186592811111,-12.6143600739899,60,0,0,0,0.99864592965849,-11.7171273661745,59.9999999999985,0,0,0,0.986912899856917
14.69,10.0258822134749,60,201.708058052754,71.2480782529227,2.01812782542025,1.06,-3.78849156527524,60.0000000000008,40,0,0.396233169943135,1.00950659950404,-10.8350008215583,60,0,0,0,0.948186592811111,-12.6143600739899,60,0,0,0,0.99864592965849,-11.7171273661745,59.9999999999985,0,0,0,0.986912899856917
14.7,10.0258822134749,60,201.708058052754,71.2480782529227,2.01812782542025,1.06,-3.78849156527524,60.0000000000008,40,0,0.396233169943135,1.00950659950404,-10.8350008215583,60,0,0,0,0.948186592811111,-12.6143600739899,60,0,0,0,0.99864592965849,-11.7171273661745,59.9999999999985,0,0,0,0.986912899856917
14.71,10.0258822134749,60,201.708058052754,71.2480782529227,2.01812782542025,1.06,-3.78849156527524,60.0000000000008,40,0,0.396233169943135,1.00950659950404,-10.8350008215583,60,0,0,0,0.948186592811111,-12.6143600739899,60,0,0,0,0.99864592965849,-11.7171273661745,59.9999999999985,0,0,0,0.986912899856917
14.72,10.0258822134749,60,201.708058052754,71.2480782529227,2.01812782542025,1.06,-3.78849156527524,60.0000000000008,40,0,0.396233169943135,1.00950659950404,-10.8350008215583,60,0,0,0,0.948186592811111,-12.6143600739899,60,0,0,0,0.99864592965849,-11.7171273661745,59.9999999999985,0,0,0,0.986912899856917
14.73,10.0258822134749,60,201.708058052754,71.2480782529227,2.01812782542025,1.06,-3.78849156527524,60.0000000000008,40,0,0.396233169943135,1.00950659950404,-10.8350008215583,60,0,0,0,0.948186592811111,-12.6143600739899,60,0,0,0,0.99864592965849,-11.7171273661745,59.9999999999985,0,0,0,0.986912899856917
14.74,10.0258822134749,60,201.708058052754,71.2480782529227,2.01812782542025,1.06,-3.78849156527524,60.0000000000008,40,0,0.396233169943135,1.00950659950404,-10.8350008215583,60,0,0,0,0.948186592811111,-12.6143600739899,60,0,0,0,0.99864592965849,-11.7171273661745,59.9999999999985,0,0,0,0.986912899856917
14.75,10.0258822134749,60,201.708058052754,71.2480782529227,2.01812782542025,1.06,-3.78849156527524,60.0000000000008,40,0,0.396233169943135,1.00950659950404,-10.8350008215583,60,0,0,0,0.948186592811111,-12.6143600739899,60,0,0,0,0.99864592965849,-11.7171273661745,59.9999999999985,0,0,0,0.986912899856917
14.76,10.0258822134749,60,201.708058052754,71.2480782529227,2.01812782542025,1.06,-3.78849156527524,60.0000000000008,40,0,0.396233169943135,1.00950659950404,-10.8350008215583,60,0,0,0,0.948186592811111,-12.6143600739899,60,0,0,0,0.99864592965849,-11.7171273661745,59.9999999999985,0,0,0,0.986912899856917
14.77,10.0258822134749,60,201.708058052754,71.2480782529227,2.01812782542025,1.06,-3.78849156527524,60.0000000000008,40,0,0.396233169943135,1.00950659950404,-10.8350008215583,60,0,0,0,0.948186592811111,-12.6143600739899,60,0,0,0,0.99864592965849,-11.7171273661745,59.9999999999985,0,0,0,0.986912899856917
14.78,10.0258822134749,60,201.708058052754,71.2480782529227,2.01812782542025,1.06,-3.78849156527524,60.0000000000008,40,0,0.396233169943135,1.00950659950404,-10.8350008215583,60,0,0,0,0.948186592811111,-12.6143600739899,60,0,0,0,0.99864592965849,-11.7171273661745,59.9999999999985,0,0,0,0.986912899856917
14.79,10.0258822134749,60,201.708058052754,71.2480782529227,2.01812782542025,1.06,-3.78849156527524,60.0000000000008,40,0,0.396233169943135,1.00950659950404,-10.8350008215583,60,0,0,0,0.948186592811111,-12.6143600739899,60,0,0,0,0.99864592965849,-11.7171273661745,59.9999999999985,0,0,0,0.986912899856917
14.8,10.0258822134749,60,201.708058052754,71.2480782529227,2.01812782542025,1.06,-3.78849156527524,60.0000000000008,40,0,0.396233169943135,1.00950659950404,-10.8350008215583,60,0,0,0,0.948186592811111,-12.6143600739899,60,0,0,0,0.99864592965849,-11.7171273661745,59.9999999999985,0,0,0,0.986912899856917
14.81,10.0258822134749,60,201.708058052754,71.2480782529227,2.01812782542025,1.06,-3.78849156527524,60.0000000000008,40,0,0.396233169943135,1.00950659950404,-10.8350008215583,60,0,0,0,0.948186592811111,-12.6143600739899,60,0,0,0,0.99864592965849,-11.7171273661745,59.9999999999985,0,0,0,0.986912899856917
14.82,10.0258822134749,60,201.708058052754,71.2480782529227,2.01812782542025,1.06,-3.78849156527524,60.0000000000008,40,0,0.396233169943135,1.00950659950404,-10.8350008215583,60,0,0,0,0.948186592811111,-12.6143600739899,60,0,0,0,0.99864592965849,-11.7171273661745,59.9999999999985,0,0,0,0.986912899856917
14.83,10.0258822134749,60,201.708058052754,71.2480782529227,2.01812782542025,1.06,-3.78849156527524,60.0000000000008,40,0,0.396233169943135,1.00950659950404,-10.8350008215583,60,0,0,0,0.948186592811111,-12.6143600739899,60,0,0,0,0.99864592965849,-11.7171273661745,59.9999999999985,0,0,0,0.986912899856917
14.84,10.0258822134749,60,201.708058052754,71.2480782529227,2.01812782542025,1.06,-3.78849156527524,60.0000000000008,40,0,0.396233169943135,1.00950659950404,-10.8350008215583,60,0,0,0,0.948186592811111,-12.6143600739899,60,0,0,0,0.99864592965849,-11.7171273661745,59.9999999999985,0,0,0,0.986912899856917
14.85,10.0258822134749,60,201.708058052754,71.2480782529227,2.01812782542025,1.06,-3.78849156527524,60.0000000000008,40,0,0.396233169943135,1.00950659950404,-10.8350008215583,60,0,0,0,0.948186592811111,-12.6143600739899,60,0,0,0,0.99864592965849,-11.7171273661745,59.9999999999985,0,0,0,0.986912899856917
14.86,10.0258822134749,60,201.708058052754,71.2480782529227,2.01812782542025,1.06,-3.78849156527524,60.0000000000008,40,0,0.396233169943135,1.00950659950404,-10.8350008215583,60,0,0,0,0.948186592811111,-12.6143600739899,60,0,0,0,0.99864592965849,-11.7171273661745,59.9999999999985,0,0,0,0.986912899856917
14.87,10.0258822134749,60,201.708058052754,71.2480782529227,2.01812782542025,1.06,-3.78849156527524,60.0000000000008,40,0,0.396233169943135,1.00950659950404,-10.8350008215583,60,0,0,0,0.948186592811111,-12.6143600739899,60,0,0,0,0.99864592965849,-11.7171273661745,59.9999999999985,0,0,0,0.986912899856917
14.88,10.0258822134749,60,201.708058052754,71.2480782529227,2.01812782542025,1.06,-3.78849156527524,60.0000000000008,40,0,0.396233169943135,1.00950659950404,-10.8350008215583,60,0,0,0,0.948186592811111,-12.6143600739899,60,0,0,0,0.99864592965849,-11.7171273661745,59.9999999999985,0,0,0,0.986912899856917
14.89,10.0258822134749,60,201.708058052754,71.2480782529227,2.01812782542025,1.06,-3.78849156527524,60.0000000000008,40,0,0.396233169943135,1.00950659950404,-10.8350008215583,60,0,0,0,0.948186592811111,-12.6143600739899,60,0,0,0,0.99864592965849,-11.7171273661745,59.9999999999985,0,0,0,0.986912899856917
14.9,10.0258822134749,60,201.708058052754,71.2480782529227,2.01812782542025,1.06,-3.78849156527524,60.0000000000008,40,0,0.396233169943135,1.00950659950404,-10.8350008215583,60,0,0,0,0.948186592811111,-12.6143600739899,60,0,0,0,0.99864592965849,-11.7171273661745,59.9999999999985,0,0,0,0.986912899856917
14.91,10.0258822134749,60,201.708058052754,71.2480782529227,2.01812782542025,1.06,-3.78849156527524,60.0000000000008,40,0,0.396233169943135,1.00950659950404,-10.8350008215583,60,0,0,0,0.948186592811111,-12.6143600739899,60,0,0,0,0.99864592965849,-11.7171273661745,59.9999999999985,0,0,0,0.986912899856917
14.92,10.0258822134749,60,201.708058052754,71.2480782529227,2.01812782542025,1.06,-3.78849156527524,60.0000000000008,40,0,0.396233169943135,1.00950659950404,-10.8350008215583,60,0,0,0,0.948186592811111,-12.6143600739899,60,0,0,0,0.99864592965849,-11.7171273661745,59.9999999999985,0,0,0,0.986912899856917
14.93,10.0258822134749,60,201.708058052754,71.2480782529227,2.01812782542025,1.06,-3.78849156527524,60.0000000000008,40,0,0.396233169943135,1.00950659950404,-10.8350008215583,60,0,0,0,0.948186592811111,-12.6143600739899,60,0,0,0,0.99864592965849,-11.7171273661745,59.9999999999985,0,0,0,0.986912899856917
14.94,10.0258822134749,60,201.708058052754,71.2480782529227,2.01812782542025,1.06,-3.78849156527524,60.0000000000008,40,0,0.396233169943135,1.00950659950404,-10.8350008215583,60,0,0,0,0.948186592811111,-12.6143600739899,60,0,0,0,0.99864592965849,-11.7171273661745,59.9999999999985,0,0,0,0.986912899856917
14.95,10.0258822134749,60,201.708058052754,71.2480782529227,2.01812782542025,1.06,-3.78849156527524,60.0000000000008,40,0,0.396233169943135,1.00950659950404,-10.8350008215583,60,0,0,0,0.948186592811111,-12.6143600739899,60,0,0,0,0.99864592965849,-11.7171273661745,59.9999999999985,0,0,0,0.986912899856917
14.96,10.0258822134749,60,201.708058052754,71.2480782529227,2.01812782542025,1.06,-3.78849156527524,60.0000000000008,40,0,0.396233169943135,1.00950659950404,-10.8350008215583,60,0,0,0,0.948186592811111,-12.6143600739899,60,0,0,0,0.99864592965849,-11.7171273661745,59.9999999999985,0,0,0,0.986912899856917
14.97,10.0258822134749,60,201.708058052754,71.2480782529227,2.01812782542025,1.06,-3.78849156527524,60.0000000000008,40,0,0.396233169943135,1.00950659950404,-10.8350008215583,60,0,0,0,0.948186592811111,-12.6143600739899,60,0,0,0,0.99864592965849,-11.7171273661745,59.9999999999985,0,0,0,0.986912899856917
14.98,10.0258822134749,60,201.708058052754,71.2480782529227,2.01812782542025,1.06,-3.78849156527524,60.0000000000008,40,0,0.396233169943135,1.00950659950404,-10.8350008215583,60,0,0,0,0.948186592811111,-12.6143600739899,60,0,0,0,0.99864592965849,-11.7171273661745,59.9999999999985,0,0,0,0.986912899856917
14.99,10.0258822134749,60,201.708058052754,71.2480782529227,2.01812782542025,1.06,-3.78849156527524,60.0000000000008,40,0,0.396233169943135,1.00950659950404,-10.8350008215583,60,0,0,0,0.948186592811111,-12.6143600739899,60,0,0,0,0.99864592965849,-11.7171273661745,59.9999999999985,0,0,0,0.986912899856917
15,10.0258822134749,60,201.708058052754,71.2480782529227,2.01812782542025,1.06,-3.78849156527524,60.0000000000008,40,0,0.396233169943135,1.00950659950404,-10.8350008215583,60,0,0,0,0.948186592811111,-12.6143600739899,60,0,0,0,0.99864592965849,-11.7171273661745,59.9999999999985,0,0,0,0.986912899856917
